title,link,publication_year,mentions_methylation,mentions_stat_test,mentions_multiple_correction,mentions_bh,mentions_bonferroni,mentions_by
SNUH methylation classifier for CNS tumors,https://clinicalepigeneticsjournal.biomedcentral.com/articles/10.1186/s13148-025-01824-0,2025,True,True,False,False,False,False
Clinical promise and applications of epigenetic biomarkers,https://clinicalepigeneticsjournal.biomedcentral.com/articles/10.1186/s13148-024-01806-8,2024,True,False,True,False,False,False
Epigenetic age acceleration and methylation differences in IgG4-related cholangitis and primary sclerosing cholangitis,https://clinicalepigeneticsjournal.biomedcentral.com/articles/10.1186/s13148-024-01803-x,2025,True,True,True,False,False,False
Unraveling the causal impact of smoking and its DNA methylation signatures on cardiovascular disease: Mendelian randomization and colocalization analysis,https://clinicalepigeneticsjournal.biomedcentral.com/articles/10.1186/s13148-024-01808-6,2025,True,False,True,False,True,False
A meta-analysis of epigenome-wide association studies of ultra-processed food consumption with DNA methylation in European children,https://clinicalepigeneticsjournal.biomedcentral.com/articles/10.1186/s13148-024-01782-z,2025,True,True,True,False,False,False
Epigenetic regulation and post-translational modifications of ferroptosis-related factors in cardiovascular diseases,https://clinicalepigeneticsjournal.biomedcentral.com/articles/10.1186/s13148-024-01809-5,2025,True,False,False,False,False,False
Associations of maternal night shift work during pregnancy with DNA methylation in offspring: a meta-analysis in the PACE consortium,https://clinicalepigeneticsjournal.biomedcentral.com/articles/10.1186/s13148-024-01810-y,2025,True,True,True,False,True,False
DNA methylation profiling at base-pair resolution reveals unique epigenetic features of early-onset colorectal cancer in underrepresented populations,https://clinicalepigeneticsjournal.biomedcentral.com/articles/10.1186/s13148-025-01817-z,2025,True,True,True,False,True,False
Longitudinal maternal glycemia during pregnancy and placental epigenetic age acceleration,https://clinicalepigeneticsjournal.biomedcentral.com/articles/10.1186/s13148-025-01825-z,2025,True,True,False,False,False,False
Age-related changes in DNA methylation in a sample of elderly Brazilians,https://clinicalepigeneticsjournal.biomedcentral.com/articles/10.1186/s13148-025-01821-3,2025,True,True,True,True,True,False
Vitrification affects the post-implantation development of mouse embryos by inducing DNA damage and epigenetic modifications,https://clinicalepigeneticsjournal.biomedcentral.com/articles/10.1186/s13148-025-01826-y,2025,True,True,True,False,False,False
Sex-specific role of epigenetic modification of a leptin upstream enhancer in adipose tissue,https://clinicalepigeneticsjournal.biomedcentral.com/articles/10.1186/s13148-025-01830-2,2025,True,True,True,False,False,False
Environmental exposures influence multigenerational epigenetic transmission,https://clinicalepigeneticsjournal.biomedcentral.com/articles/10.1186/s13148-024-01762-3,2024,True,False,False,False,False,False
The role of DNA methylation in chondrogenesis of human iPSCs as a stable marker of cartilage quality,https://clinicalepigeneticsjournal.biomedcentral.com/articles/10.1186/s13148-024-01759-y,2024,True,True,True,False,True,False
Influence of physical activity on the epigenetic clock: evidence from a Japanese cross-sectional study,https://clinicalepigeneticsjournal.biomedcentral.com/articles/10.1186/s13148-024-01756-1,2024,True,True,True,False,True,False
A comprehensive lifestyle index and its associations with DNA methylation and type 2 diabetes among Ghanaian adults: the rodam study,https://clinicalepigeneticsjournal.biomedcentral.com/articles/10.1186/s13148-024-01758-z,2024,True,True,True,False,False,False
COL25A1 and METAP1D DNA methylation are promising liquid biopsy epigenetic biomarkers of colorectal cancer using digital PCR,https://clinicalepigeneticsjournal.biomedcentral.com/articles/10.1186/s13148-024-01748-1,2024,True,True,False,False,False,False
Meeting abstracts of the clinical epigenetics international conference 2024,https://clinicalepigeneticsjournal.biomedcentral.com/articles/10.1186/s13148-024-01749-0,2024,True,True,True,True,True,False
DNA methylation at ,https://clinicalepigeneticsjournal.biomedcentral.com/articles/10.1186/s13148-024-01757-0,2024,True,True,True,False,False,False
Association analysis between an epigenetic alcohol risk score and blood pressure,https://clinicalepigeneticsjournal.biomedcentral.com/articles/10.1186/s13148-024-01753-4,2024,True,False,True,False,False,False
A multi-trait epigenome-wide association study identified DNA methylation signature of inflammation among men with HIV,https://clinicalepigeneticsjournal.biomedcentral.com/articles/10.1186/s13148-024-01763-2,2024,True,True,True,False,True,False
Epigenetic signatures of asthma: a comprehensive study of DNA methylation and clinical markers,https://clinicalepigeneticsjournal.biomedcentral.com/articles/10.1186/s13148-024-01765-0,2024,True,False,True,False,True,False
"DNA methylation biomarker panels for differentiating various liver adenocarcinomas, including hepatocellular carcinoma, cholangiocarcinoma, colorectal liver metastases and pancreatic adenocarcinoma liver metastases",https://clinicalepigeneticsjournal.biomedcentral.com/articles/10.1186/s13148-024-01766-z,2024,True,False,False,False,False,False
Effects of walking on epigenetic age acceleration: a Mendelian randomization study,https://clinicalepigeneticsjournal.biomedcentral.com/articles/10.1186/s13148-024-01707-w,2024,True,True,False,False,False,False
DNA methylation classifier to diagnose pancreatic ductal adenocarcinoma metastases from different anatomical sites,https://clinicalepigeneticsjournal.biomedcentral.com/articles/10.1186/s13148-024-01768-x,2024,True,True,True,False,True,False
The association between sleep quality and accelerated epigenetic aging with metabolic syndrome in Korean adults,https://clinicalepigeneticsjournal.biomedcentral.com/articles/10.1186/s13148-024-01706-x,2024,True,True,False,False,False,False
Unraveling epigenomic signatures and effectiveness of electroconvulsive therapy in treatment-resistant depression patients: a prospective longitudinal study,https://clinicalepigeneticsjournal.biomedcentral.com/articles/10.1186/s13148-024-01704-z,2024,True,True,True,False,False,False
Quantification method of ctDNA using cell-free DNA methylation profile for noninvasive screening and monitoring of colon cancer,https://clinicalepigeneticsjournal.biomedcentral.com/articles/10.1186/s13148-024-01708-9,2024,True,True,True,False,False,False
Epigenetic and transcriptional control of adipocyte function by centenarian-associated SIRT6 N308K/A313S mutant,https://clinicalepigeneticsjournal.biomedcentral.com/articles/10.1186/s13148-024-01710-1,2024,True,True,False,False,False,False
DNA methylation and whole-genome transcription analysis in CD4,https://clinicalepigeneticsjournal.biomedcentral.com/articles/10.1186/s13148-024-01699-7,2024,True,True,True,False,False,False
DNA methylation-mediated suppression of TUSC1 expression regulates the malignant progression of esophagogastric junction cancer,https://clinicalepigeneticsjournal.biomedcentral.com/articles/10.1186/s13148-024-01689-9,2024,True,False,False,False,False,False
Mendelian randomization implicates causal association between epigenetic age acceleration and age-related eye diseases or glaucoma endophenotypes,https://clinicalepigeneticsjournal.biomedcentral.com/articles/10.1186/s13148-024-01723-w,2024,True,False,False,False,False,False
DNA methylation markers for oral cancer detection in non- and minimally invasive samples: a systematic review,https://clinicalepigeneticsjournal.biomedcentral.com/articles/10.1186/s13148-024-01716-9,2024,True,False,False,False,False,False
Epigenome-wide association study on the plasma metabolome suggests self-regulation of the glycine and serine pathway through DNA methylation,https://clinicalepigeneticsjournal.biomedcentral.com/articles/10.1186/s13148-024-01718-7,2024,True,True,True,False,False,False
Epigenetic age acceleration and risk of aortic valve stenosis: a bidirectional Mendelian randomization study,https://clinicalepigeneticsjournal.biomedcentral.com/articles/10.1186/s13148-024-01647-5,2024,True,False,False,False,False,False
Correction: Increased CpG methylation at the CDH1 locus in inflamed ileal mucosa of patients with Crohn disease,https://clinicalepigeneticsjournal.biomedcentral.com/articles/10.1186/s13148-024-01654-6,2024,True,False,False,False,False,False
Low expression of miR-182 caused by DNA hypermethylation accelerates acute lymphocyte leukemia development by targeting PBX3 and BCL2: miR-182 promoter methylation is a predictive marker for hypomethylation agents + BCL2 inhibitor venetoclax,https://clinicalepigeneticsjournal.biomedcentral.com/articles/10.1186/s13148-024-01658-2,2024,True,True,False,False,False,False
Mother adversity and co-residence time impact mother–child similarity in genome-wide and gene-specific methylation profiles,https://clinicalepigeneticsjournal.biomedcentral.com/articles/10.1186/s13148-024-01655-5,2024,True,True,True,False,False,False
Head and neck cancer of unknown primary: unveiling primary tumor sites through machine learning on DNA methylation profiles,https://clinicalepigeneticsjournal.biomedcentral.com/articles/10.1186/s13148-024-01657-3,2024,True,True,False,False,False,False
Refining risk prediction in pediatric acute lymphoblastic leukemia through DNA methylation profiling,https://clinicalepigeneticsjournal.biomedcentral.com/articles/10.1186/s13148-024-01662-6,2024,True,False,False,False,False,False
Epigenetic scores of blood-based proteins as biomarkers of general cognitive function and brain health,https://clinicalepigeneticsjournal.biomedcentral.com/articles/10.1186/s13148-024-01661-7,2024,True,True,True,False,False,True
"Meta-analysis of epigenetic aging in schizophrenia reveals multifaceted relationships with age, sex, illness duration, and polygenic risk",https://clinicalepigeneticsjournal.biomedcentral.com/articles/10.1186/s13148-024-01660-8,2024,True,True,True,False,True,False
Epigenetics in diabetic cardiomyopathy,https://clinicalepigeneticsjournal.biomedcentral.com/articles/10.1186/s13148-024-01667-1,2024,True,False,False,False,False,False
Decitabine as epigenetic priming with CLAG induce improved outcome of relapsed or refractory acute myeloid leukemia in children,https://clinicalepigeneticsjournal.biomedcentral.com/articles/10.1186/s13148-024-01677-z,2024,True,True,False,False,False,False
"Hyper-physiologic mechanical cues, as an osteoarthritis disease-relevant environmental perturbation, cause a critical shift in set points of methylation at transcriptionally active CpG sites in neo-cartilage organoids",https://clinicalepigeneticsjournal.biomedcentral.com/articles/10.1186/s13148-024-01676-0,2024,True,True,True,False,True,False
DNA methylation of imprint control regions associated with Alzheimer’s disease in non-Hispanic Blacks and non-Hispanic Whites,https://clinicalepigeneticsjournal.biomedcentral.com/articles/10.1186/s13148-024-01672-4,2024,True,True,False,False,False,False
Epigenetics of the non-coding RNA ,https://clinicalepigeneticsjournal.biomedcentral.com/articles/10.1186/s13148-024-01673-3,2024,True,True,True,False,True,False
Correction: Improvements in lung function following vitamin C supplementation to pregnant smokers are associated with buccal DNA methylation at 5 years of age,https://clinicalepigeneticsjournal.biomedcentral.com/articles/10.1186/s13148-024-01664-4,2024,True,False,False,False,False,False
Histone demethylase KDM4B accelerates the progression of glioblastoma via the epigenetic regulation of MYC stability,https://clinicalepigeneticsjournal.biomedcentral.com/articles/10.1186/s13148-023-01608-4,2023,True,True,True,False,False,False
DNA methylation profiles reveal sex-specific associations between gestational exposure to ambient air pollution and placenta cell-type composition in the PRISM cohort study,https://clinicalepigeneticsjournal.biomedcentral.com/articles/10.1186/s13148-023-01601-x,2023,True,True,True,False,False,False
Alterations in DNA methylation associate with reduced migraine and headache days after medication withdrawal treatment in chronic migraine patients: a longitudinal study,https://clinicalepigeneticsjournal.biomedcentral.com/articles/10.1186/s13148-023-01604-8,2023,True,True,False,False,False,False
Methylation analysis by targeted bisulfite sequencing in large for gestational age (LGA) newborns: the LARGAN cohort,https://clinicalepigeneticsjournal.biomedcentral.com/articles/10.1186/s13148-023-01612-8,2023,True,True,True,False,False,False
A targeted long-read sequencing approach questions the association of OXTR methylation with high-functioning autism,https://clinicalepigeneticsjournal.biomedcentral.com/articles/10.1186/s13148-023-01616-4,2023,True,True,False,False,False,False
"A comprehensive characterisation of phaeochromocytoma and paraganglioma tumours through histone protein profiling, DNA methylation and transcriptomic analysis genome wide",https://clinicalepigeneticsjournal.biomedcentral.com/articles/10.1186/s13148-023-01598-3,2023,True,True,True,False,False,False
Correction: METTL3 exerts synergistic effects on m6A methylation and histone modification to regulate the function of VGF in lung adenocarcinoma,https://clinicalepigeneticsjournal.biomedcentral.com/articles/10.1186/s13148-023-01607-5,2024,True,False,False,False,False,False
Exploring the therapeutic potential of Sirt6-enriched adipose stem cell-derived exosomes in myocardial ischemia–reperfusion injury: unfolding new epigenetic frontiers,https://clinicalepigeneticsjournal.biomedcentral.com/articles/10.1186/s13148-023-01618-2,2024,True,True,True,False,True,False
Tumor microenvironment deconvolution identifies cell-type-independent aberrant DNA methylation and gene expression in prostate cancer,https://clinicalepigeneticsjournal.biomedcentral.com/articles/10.1186/s13148-023-01609-3,2024,True,True,True,False,False,False
Tangshen formula improves diabetic nephropathy in STZ-induced diabetes rats fed with hyper-methionine by regulating the methylation status of kidney,https://clinicalepigeneticsjournal.biomedcentral.com/articles/10.1186/s13148-023-01620-8,2024,True,False,False,False,False,False
EBV DNA methylation profiles and its application in distinguishing nasopharyngeal carcinoma and nasal NK/T-cell lymphoma,https://clinicalepigeneticsjournal.biomedcentral.com/articles/10.1186/s13148-024-01624-y,2024,True,True,False,False,False,False
Malignant peripheral nerve sheath tumor (MPNST) and MPNST-like entities are defined by a specific DNA methylation profile in pediatric and juvenile population,https://clinicalepigeneticsjournal.biomedcentral.com/articles/10.1186/s13148-023-01621-7,2024,True,True,True,False,False,False
Epigenetics of the far northern Yakutian population,https://clinicalepigeneticsjournal.biomedcentral.com/articles/10.1186/s13148-023-01600-y,2023,True,True,True,False,False,False
Fathers’ preconception smoking and offspring DNA methylation,https://clinicalepigeneticsjournal.biomedcentral.com/articles/10.1186/s13148-023-01540-7,2023,True,True,True,False,False,False
Association of DNA methylation of vitamin D metabolic pathway related genes with colorectal cancer risk,https://clinicalepigeneticsjournal.biomedcentral.com/articles/10.1186/s13148-023-01555-0,2023,True,True,False,False,False,False
Abnormal DNA methylation analysis of leucine-rich glioma-inactivated 1 antibody encephalitis reveals novel methylation-driven genes related to prognostic and clinical features,https://clinicalepigeneticsjournal.biomedcentral.com/articles/10.1186/s13148-023-01550-5,2023,True,True,False,False,False,False
Evaluation of pediatric epigenetic clocks across multiple tissues,https://clinicalepigeneticsjournal.biomedcentral.com/articles/10.1186/s13148-023-01552-3,2023,True,False,False,False,False,False
Analysis of DNA methylation at birth and in childhood reveals changes associated with season of birth and latitude,https://clinicalepigeneticsjournal.biomedcentral.com/articles/10.1186/s13148-023-01542-5,2023,True,False,True,False,True,False
Methylation of serotonin regulating genes in cord blood cells: association with maternal metabolic parameters and correlation with methylation in peripheral blood cells during childhood and adolescence,https://clinicalepigeneticsjournal.biomedcentral.com/articles/10.1186/s13148-023-01610-w,2024,True,True,False,False,False,False
Degradation of methylation signals in cryopreserved DNA,https://clinicalepigeneticsjournal.biomedcentral.com/articles/10.1186/s13148-023-01565-y,2023,True,True,True,False,False,True
A quantum physics layer of epigenetics: a hypothesis deduced from charge transfer and chirality-induced spin selectivity of DNA,https://clinicalepigeneticsjournal.biomedcentral.com/articles/10.1186/s13148-023-01560-3,2023,True,False,False,False,False,False
"The association between prenatal famine, DNA methylation and mental disorders: a systematic review and meta-analysis",https://clinicalepigeneticsjournal.biomedcentral.com/articles/10.1186/s13148-023-01557-y,2023,True,False,True,False,True,False
Effect of women’s fertility and sexual development on epigenetic clock: Mendelian randomization study,https://clinicalepigeneticsjournal.biomedcentral.com/articles/10.1186/s13148-023-01572-z,2023,True,False,False,False,False,False
Crosstalk between DNA methylation and hypoxia in acute myeloid leukaemia,https://clinicalepigeneticsjournal.biomedcentral.com/articles/10.1186/s13148-023-01566-x,2023,True,False,False,False,False,False
METTL3 exerts synergistic effects on m6A methylation and histone modification to regulate the function of VGF in lung adenocarcinoma,https://clinicalepigeneticsjournal.biomedcentral.com/articles/10.1186/s13148-023-01568-9,2023,True,True,True,False,False,False
Combined inhibition of histone deacetylase and cytidine deaminase improves epigenetic potency of decitabine in colorectal adenocarcinomas,https://clinicalepigeneticsjournal.biomedcentral.com/articles/10.1186/s13148-023-01500-1,2023,True,True,True,False,False,False
A DNA methylation signature in the stress driver gene ,https://clinicalepigeneticsjournal.biomedcentral.com/articles/10.1186/s13148-023-01569-8,2023,True,True,True,False,True,False
Epigenomic profiling of isolated blood cell types reveals highly specific B cell smoking signatures and links to disease risk,https://clinicalepigeneticsjournal.biomedcentral.com/articles/10.1186/s13148-023-01507-8,2023,True,True,True,False,True,False
Genome-wide DNA methylation profiling of HPV-negative leukoplakia and gingivobuccal complex cancers,https://clinicalepigeneticsjournal.biomedcentral.com/articles/10.1186/s13148-023-01510-z,2023,True,True,True,True,False,False
 promoter methylation in the initiation and progression of clonal cytopenia of undetermined significance and myelodysplastic syndrome,https://clinicalepigeneticsjournal.biomedcentral.com/articles/10.1186/s13148-023-01505-w,2023,True,True,False,False,False,False
Epigenetic age acceleration mediates the association between smoking and diabetes-related outcomes,https://clinicalepigeneticsjournal.biomedcentral.com/articles/10.1186/s13148-023-01512-x,2023,True,True,True,False,False,False
ATHENA: an independently validated autophagy-related epigenetic prognostic prediction model of head and neck squamous cell carcinoma,https://clinicalepigeneticsjournal.biomedcentral.com/articles/10.1186/s13148-023-01501-0,2023,True,True,True,False,False,False
Clinical advances in epigenetic therapies for lymphoma,https://clinicalepigeneticsjournal.biomedcentral.com/articles/10.1186/s13148-023-01452-6,2023,True,False,False,False,False,False
A systematic evaluation of normalization methods and probe replicability using infinium EPIC methylation data,https://clinicalepigeneticsjournal.biomedcentral.com/articles/10.1186/s13148-023-01459-z,2023,True,True,False,False,False,False
Comprehensive DNA methylation profiling of COVID-19 and hepatocellular carcinoma to identify common pathogenesis and potential therapeutic targets,https://clinicalepigeneticsjournal.biomedcentral.com/articles/10.1186/s13148-023-01515-8,2023,True,True,False,False,False,False
DNA methylation alterations at RE1-silencing transcription factor binding sites and their flanking regions in cancer,https://clinicalepigeneticsjournal.biomedcentral.com/articles/10.1186/s13148-023-01514-9,2023,True,True,True,False,False,False
H4-methylation regulators mediated epitranscriptome patterns and tumor microenvironment infiltration characterization in hepatocellular carcinoma,https://clinicalepigeneticsjournal.biomedcentral.com/articles/10.1186/s13148-023-01460-6,2023,True,True,False,False,False,False
Correction: Epigenetic dysregulation-mediated COL12A1 upregulation predicts worse outcome in intrahepatic cholangiocarcinoma patients,https://clinicalepigeneticsjournal.biomedcentral.com/articles/10.1186/s13148-023-01455-3,2023,True,False,False,False,False,False
DNA methylation patterns at birth predict health outcomes in young adults born very low birthweight,https://clinicalepigeneticsjournal.biomedcentral.com/articles/10.1186/s13148-023-01463-3,2023,True,True,True,True,False,False
DNA methylation abnormalities induced by advanced maternal age in villi prime a high-risk state for spontaneous abortion,https://clinicalepigeneticsjournal.biomedcentral.com/articles/10.1186/s13148-023-01432-w,2023,True,True,True,False,False,False
Mediation effects of DNA methylation and hydroxymethylation on birth outcomes after prenatal per- and polyfluoroalkyl substances (PFAS) exposure in the Michigan mother–infant Pairs cohort,https://clinicalepigeneticsjournal.biomedcentral.com/articles/10.1186/s13148-023-01461-5,2023,True,True,True,True,False,False
Distinguishable DNA methylation defines a cardiac-specific epigenetic clock,https://clinicalepigeneticsjournal.biomedcentral.com/articles/10.1186/s13148-023-01467-z,2023,True,True,True,False,False,False
"Healthy lifestyle, DNA methylation age acceleration, and incident risk of coronary heart disease",https://clinicalepigeneticsjournal.biomedcentral.com/articles/10.1186/s13148-023-01464-2,2023,True,True,False,False,False,False
Clinical characteristics and prognostic significance of DNA methylation regulatory gene mutations in acute myeloid leukemia,https://clinicalepigeneticsjournal.biomedcentral.com/articles/10.1186/s13148-023-01474-0,2023,True,True,False,False,False,False
Sex differences in the intergenerational link between maternal and neonatal whole blood DNA methylation: a genome-wide analysis in 2 birth cohorts,https://clinicalepigeneticsjournal.biomedcentral.com/articles/10.1186/s13148-023-01442-8,2023,True,True,True,False,False,False
DNA methylation age in paired tumor and adjacent normal breast tissue in Chinese women with breast cancer,https://clinicalepigeneticsjournal.biomedcentral.com/articles/10.1186/s13148-023-01465-1,2023,True,True,False,True,False,False
Circulating cell-free DNA methylation mirrors alterations in cerebral patterns in epilepsy,https://clinicalepigeneticsjournal.biomedcentral.com/articles/10.1186/s13148-022-01416-2,2022,True,True,True,False,True,False
BDNF exon IV promoter methylation and antidepressant action: a complex interplay,https://clinicalepigeneticsjournal.biomedcentral.com/articles/10.1186/s13148-022-01415-3,2022,True,True,False,False,False,False
Maintenance of methylation profile in imprinting control regions in human induced pluripotent stem cells,https://clinicalepigeneticsjournal.biomedcentral.com/articles/10.1186/s13148-022-01410-8,2022,True,True,False,False,False,False
"Longitudinal DNA methylation profiling of the rectal mucosa identifies cell-specific signatures of disease status, severity and clinical outcomes in ulcerative colitis cell-specific DNA methylation signatures of UC",https://clinicalepigeneticsjournal.biomedcentral.com/articles/10.1186/s13148-023-01462-4,2023,True,True,True,False,True,False
"Genome-wide placental DNA methylations in fetal overgrowth and associations with leptin, adiponectin and fetal growth factors",https://clinicalepigeneticsjournal.biomedcentral.com/articles/10.1186/s13148-022-01412-6,2022,True,True,True,False,False,False
 methylation in peripheral blood as a potential marker for the preclinical detection of stroke: a case–control study and a prospective nested case–control study,https://clinicalepigeneticsjournal.biomedcentral.com/articles/10.1186/s13148-022-01418-0,2022,True,True,False,False,False,False
Methylation in MAD1L1 is associated with the severity of suicide attempt and phenotypes of depression,https://clinicalepigeneticsjournal.biomedcentral.com/articles/10.1186/s13148-022-01394-5,2023,True,True,True,False,False,False
Whole-blood methylation signatures are associated with and accurately classify multiple sclerosis disease severity,https://clinicalepigeneticsjournal.biomedcentral.com/articles/10.1186/s13148-022-01397-2,2022,True,True,True,False,False,False
Longitudinal profiling in patients undergoing cardiac surgery reveals postoperative changes in DNA methylation,https://clinicalepigeneticsjournal.biomedcentral.com/articles/10.1186/s13148-022-01414-4,2022,True,True,True,False,False,False
Association of nutritional glycaemic indices with global DNA methylation patterns: results from the Moli-sani cohort,https://clinicalepigeneticsjournal.biomedcentral.com/articles/10.1186/s13148-022-01407-3,2022,True,True,False,False,False,False
DNA methylation in human gastric epithelial cells defines regional identity without restricting lineage plasticity,https://clinicalepigeneticsjournal.biomedcentral.com/articles/10.1186/s13148-022-01406-4,2022,True,True,True,False,False,False
Genome-wide DNA methylation analysis of extreme phenotypes in the identification of novel epigenetic modifications in diabetic retinopathy,https://clinicalepigeneticsjournal.biomedcentral.com/articles/10.1186/s13148-022-01354-z,2022,True,True,True,False,False,False
DNA methylation landscape reveals ,https://clinicalepigeneticsjournal.biomedcentral.com/articles/10.1186/s13148-023-01458-0,2023,True,True,False,False,False,False
Altered DNA methylation in estrogen-responsive repetitive sequences of spermatozoa of infertile men with shortened anogenital distance,https://clinicalepigeneticsjournal.biomedcentral.com/articles/10.1186/s13148-022-01409-1,2022,True,True,True,False,True,False
A correlation map of genome-wide DNA methylation patterns between paired human brain and buccal samples,https://clinicalepigeneticsjournal.biomedcentral.com/articles/10.1186/s13148-022-01357-w,2022,True,True,True,False,True,False
Longitudinal associations of DNA methylation and sleep in children: a meta-analysis,https://clinicalepigeneticsjournal.biomedcentral.com/articles/10.1186/s13148-022-01298-4,2022,True,True,True,True,True,False
Relative contributions of six lifestyle- and health-related exposures to epigenetic aging: the Coronary Artery Risk Development in Young Adults (CARDIA) Study,https://clinicalepigeneticsjournal.biomedcentral.com/articles/10.1186/s13148-022-01304-9,2022,True,True,False,False,False,False
Evaluation of cross-platform compatibility of a DNA methylation-based glucocorticoid response biomarker,https://clinicalepigeneticsjournal.biomedcentral.com/articles/10.1186/s13148-022-01352-1,2022,True,True,False,False,False,False
Maternal–fetal stress and DNA methylation signatures in neonatal saliva: an epigenome-wide association study,https://clinicalepigeneticsjournal.biomedcentral.com/articles/10.1186/s13148-022-01310-x,2022,True,True,True,False,True,False
Psychostimulant-induced aberrant DNA methylation in an in vitro model of human peripheral blood mononuclear cells,https://clinicalepigeneticsjournal.biomedcentral.com/articles/10.1186/s13148-022-01303-w,2022,True,True,False,False,True,False
Effect of menopausal hormone therapy on methylation levels in early and late postmenopausal women,https://clinicalepigeneticsjournal.biomedcentral.com/articles/10.1186/s13148-022-01311-w,2022,True,True,False,False,True,False
Marijuana use and DNA methylation-based biological age in young adults,https://clinicalepigeneticsjournal.biomedcentral.com/articles/10.1186/s13148-022-01359-8,2022,True,True,True,False,False,False
HPV infection and 5mC/5hmC epigenetic markers in penile squamous cell carcinoma: new insights into prognostics,https://clinicalepigeneticsjournal.biomedcentral.com/articles/10.1186/s13148-022-01360-1,2022,True,True,False,False,False,False
"Increases in ambient air pollutants during pregnancy are linked to increases in methylation of IL4, IL10, and IFNγ",https://clinicalepigeneticsjournal.biomedcentral.com/articles/10.1186/s13148-022-01254-2,2022,True,True,True,False,False,False
Ethical implications of epigenetics in the era of personalized medicine,https://clinicalepigeneticsjournal.biomedcentral.com/articles/10.1186/s13148-022-01263-1,2022,True,False,False,False,False,False
"Transcriptional, epigenetic and metabolic signatures in cardiometabolic syndrome defined by extreme phenotypes",https://clinicalepigeneticsjournal.biomedcentral.com/articles/10.1186/s13148-022-01257-z,2022,True,True,True,False,True,False
Epigenome-wide DNA methylation profiling of conditioned pain modulation in individuals with non-specific chronic low back pain,https://clinicalepigeneticsjournal.biomedcentral.com/articles/10.1186/s13148-022-01265-z,2022,True,False,True,False,False,False
Regulation of oxytocin receptor gene expression in obsessive–compulsive disorder: a possible role for the microbiota-host epigenetic axis,https://clinicalepigeneticsjournal.biomedcentral.com/articles/10.1186/s13148-022-01264-0,2022,True,True,True,False,True,False
Integrative analysis of DNA methylation and gene expression reveals key molecular signatures in acute myocardial infarction,https://clinicalepigeneticsjournal.biomedcentral.com/articles/10.1186/s13148-022-01267-x,2022,True,True,False,False,False,False
Epigenetics of early-life adversity in youth: cross-sectional and longitudinal associations,https://clinicalepigeneticsjournal.biomedcentral.com/articles/10.1186/s13148-022-01269-9,2022,True,True,True,False,True,False
Genome-wide methylation and expression analyses reveal the epigenetic landscape of immune-related diseases for tobacco smoking,https://clinicalepigeneticsjournal.biomedcentral.com/articles/10.1186/s13148-021-01208-0,2021,True,True,True,False,False,False
Genome-wide methylation patterns in Marfan syndrome,https://clinicalepigeneticsjournal.biomedcentral.com/articles/10.1186/s13148-021-01204-4,2021,True,False,True,False,False,False
The ENmix DNA methylation analysis pipeline for Illumina BeadChip and comparisons with seven other preprocessing pipelines,https://clinicalepigeneticsjournal.biomedcentral.com/articles/10.1186/s13148-021-01207-1,2021,True,True,False,False,False,False
Methylation-derived inflammatory measures and lung cancer risk and survival,https://clinicalepigeneticsjournal.biomedcentral.com/articles/10.1186/s13148-021-01214-2,2021,True,True,True,False,True,False
Epigenetic imprinting alterations as effective diagnostic biomarkers for early-stage lung cancer and small pulmonary nodules,https://clinicalepigeneticsjournal.biomedcentral.com/articles/10.1186/s13148-021-01203-5,2021,True,True,False,False,True,False
Associations between indicators of socioeconomic position and DNA methylation: a scoping review,https://clinicalepigeneticsjournal.biomedcentral.com/articles/10.1186/s13148-021-01189-0,2021,True,False,True,False,False,False
Longitudinal DNA methylation dynamics as a practical indicator in clinical epigenetics,https://clinicalepigeneticsjournal.biomedcentral.com/articles/10.1186/s13148-021-01202-6,2021,True,True,True,False,False,False
An epigenetic aging analysis of randomized metformin and weight loss interventions in overweight postmenopausal breast cancer survivors,https://clinicalepigeneticsjournal.biomedcentral.com/articles/10.1186/s13148-021-01218-y,2021,True,False,True,False,False,False
Accurate prediction of acute pancreatitis severity based on genome-wide cell free DNA methylation profiles,https://clinicalepigeneticsjournal.biomedcentral.com/articles/10.1186/s13148-021-01217-z,2021,True,True,False,False,False,False
Promoter methylation-mediated repression of ,https://clinicalepigeneticsjournal.biomedcentral.com/articles/10.1186/s13148-021-01211-5,2021,True,True,False,False,False,False
Reproductive history and blood cell DNA methylation later in life: the Young Finns Study,https://clinicalepigeneticsjournal.biomedcentral.com/articles/10.1186/s13148-021-01215-1,2021,True,True,False,False,False,False
Identification of DNA methylation biomarkers with potential to predict response to neoadjuvant chemotherapy in triple-negative breast cancer,https://clinicalepigeneticsjournal.biomedcentral.com/articles/10.1186/s13148-021-01210-6,2021,True,True,True,False,False,False
DNA methylation mediates the association between breastfeeding and early-life growth trajectories,https://clinicalepigeneticsjournal.biomedcentral.com/articles/10.1186/s13148-021-01209-z,2021,True,True,False,False,False,False
Associations between DNA methylation and BMI vary by metabolic health status: a potential link to disparate cardiovascular outcomes,https://clinicalepigeneticsjournal.biomedcentral.com/articles/10.1186/s13148-021-01194-3,2021,True,True,True,False,False,False
Cellular reprogramming and epigenetic rejuvenation,https://clinicalepigeneticsjournal.biomedcentral.com/articles/10.1186/s13148-021-01158-7,2021,True,False,False,False,False,False
Betamethasone administration during pregnancy is associated with placental epigenetic changes with implications for inflammation,https://clinicalepigeneticsjournal.biomedcentral.com/articles/10.1186/s13148-021-01153-y,2021,True,True,True,False,False,False
Transcriptional epigenetic regulation of ,https://clinicalepigeneticsjournal.biomedcentral.com/articles/10.1186/s13148-021-01149-8,2021,True,True,True,True,False,False
Dynamics of epigenetic regulator gene BCOR mutation and response predictive value for hypomethylating agents in patients with myelodysplastic syndrome,https://clinicalepigeneticsjournal.biomedcentral.com/articles/10.1186/s13148-021-01157-8,2021,True,False,False,False,False,False
"Prenatal and postnatal traffic pollution exposure, DNA methylation in ",https://clinicalepigeneticsjournal.biomedcentral.com/articles/10.1186/s13148-021-01170-x,2021,True,True,False,False,False,False
Prenatal risk factors and neonatal DNA methylation in very preterm infants,https://clinicalepigeneticsjournal.biomedcentral.com/articles/10.1186/s13148-021-01164-9,2021,True,False,True,False,True,False
Impact of vitamin C supplementation on placental DNA methylation changes related to maternal smoking: association with gene expression and respiratory outcomes,https://clinicalepigeneticsjournal.biomedcentral.com/articles/10.1186/s13148-021-01161-y,2021,True,True,True,False,True,False
Investigating the DNA methylation profile of e-cigarette use,https://clinicalepigeneticsjournal.biomedcentral.com/articles/10.1186/s13148-021-01174-7,2021,True,True,True,False,True,False
The role of epigenetic mechanisms in the regulation of gene expression in the cyclical endometrium,https://clinicalepigeneticsjournal.biomedcentral.com/articles/10.1186/s13148-021-01103-8,2021,True,False,False,False,False,False
"DNA methylation profiling identifies two distinct subgroups in breast cancers with low hormone receptor expression, mainly associated with ",https://clinicalepigeneticsjournal.biomedcentral.com/articles/10.1186/s13148-021-01176-5,2021,True,True,True,False,False,False
Diagnosis of pulmonary nodules by DNA methylation analysis in bronchoalveolar lavage fluids,https://clinicalepigeneticsjournal.biomedcentral.com/articles/10.1186/s13148-021-01163-w,2021,True,True,True,False,False,False
DNA methylation signatures of incident coronary heart disease: findings from epigenome-wide association studies,https://clinicalepigeneticsjournal.biomedcentral.com/articles/10.1186/s13148-021-01175-6,2021,True,True,True,False,True,False
NEFM DNA methylation correlates with immune infiltration and survival in breast cancer,https://clinicalepigeneticsjournal.biomedcentral.com/articles/10.1186/s13148-021-01096-4,2021,True,True,True,False,False,False
Blood DNA methylation and COVID-19 outcomes,https://clinicalepigeneticsjournal.biomedcentral.com/articles/10.1186/s13148-021-01102-9,2021,True,True,True,False,False,False
Current understanding of epigenetics mechanism as a novel target in reducing cancer stem cells resistance,https://clinicalepigeneticsjournal.biomedcentral.com/articles/10.1186/s13148-021-01107-4,2021,True,False,False,False,False,False
Clinical and epigenetic features of colorectal cancer patients with somatic ,https://clinicalepigeneticsjournal.biomedcentral.com/articles/10.1186/s13148-021-01104-7,2021,True,True,True,False,False,False
Altered DNA methylation pattern reveals epigenetic regulation of ,https://clinicalepigeneticsjournal.biomedcentral.com/articles/10.1186/s13148-021-01110-9,2021,True,True,False,True,False,False
Genome‑wide profiling of DNA methylation and gene expression unravel the epigenetic landscape in diabetes-related hypothyroidism,https://clinicalepigeneticsjournal.biomedcentral.com/articles/10.1186/s13148-021-01109-2,2021,True,False,False,False,False,False
Epigenetic mechanisms underlying prostate cancer radioresistance,https://clinicalepigeneticsjournal.biomedcentral.com/articles/10.1186/s13148-021-01111-8,2021,True,False,False,False,False,False
Identification of DNA methylation biomarkers for risk of liver metastasis in early-stage colorectal cancer,https://clinicalepigeneticsjournal.biomedcentral.com/articles/10.1186/s13148-021-01108-3,2021,True,True,True,False,False,False
Correction to: Does the epigenetic clock GrimAge predict mortality independent of genetic influences: an 18 year follow-up study in older female twin pairs,https://clinicalepigeneticsjournal.biomedcentral.com/articles/10.1186/s13148-021-01118-1,2021,True,False,False,False,False,False
Does the epigenetic clock GrimAge predict mortality independent of genetic influences: an 18 year follow-up study in older female twin pairs,https://clinicalepigeneticsjournal.biomedcentral.com/articles/10.1186/s13148-021-01112-7,2021,True,True,False,False,False,False
The epigenetic etiology of cardiovascular disease in a longitudinal Swedish twin study,https://clinicalepigeneticsjournal.biomedcentral.com/articles/10.1186/s13148-021-01113-6,2021,True,False,True,False,True,False
Detecting cord blood cell type-specific epigenetic associations with gestational diabetes mellitus and early childhood growth,https://clinicalepigeneticsjournal.biomedcentral.com/articles/10.1186/s13148-021-01114-5,2021,True,True,True,False,True,False
"The dynamic broad epigenetic (H3K4me3, H3K27ac) domain as a mark of essential genes",https://clinicalepigeneticsjournal.biomedcentral.com/articles/10.1186/s13148-021-01126-1,2021,True,False,False,False,False,False
Methylation status of genes escaping from X-chromosome inactivation in patients with X-chromosome rearrangements,https://clinicalepigeneticsjournal.biomedcentral.com/articles/10.1186/s13148-021-01121-6,2021,True,True,False,False,False,False
A novel DNA methylation signature is associated with androgen receptor activity and patient prognosis in bone metastatic prostate cancer,https://clinicalepigeneticsjournal.biomedcentral.com/articles/10.1186/s13148-021-01119-0,2021,True,True,True,False,False,False
A review of epigenetic changes in asthma: methylation and acetylation,https://clinicalepigeneticsjournal.biomedcentral.com/articles/10.1186/s13148-021-01049-x,2021,True,False,False,False,False,False
Oxygen concentration affects de novo DNA methylation and transcription in in vitro cultured oocytes,https://clinicalepigeneticsjournal.biomedcentral.com/articles/10.1186/s13148-021-01116-3,2021,True,True,False,False,False,False
"DNA methylation and behavioral dysfunction in males with 47,XXY and 49,XXXXY: a pilot study",https://clinicalepigeneticsjournal.biomedcentral.com/articles/10.1186/s13148-021-01123-4,2021,True,True,False,False,True,False
Correction to: Transient receptor potential ankyrin 1 promoter methylation and peripheral pain sensitivity in Crohn’s disease,https://clinicalepigeneticsjournal.biomedcentral.com/articles/10.1186/s13148-021-01059-9,2021,True,False,False,False,False,False
Clinical epigenetics settings for cancer and cardiovascular diseases: real-life applications of network medicine at the bedside,https://clinicalepigeneticsjournal.biomedcentral.com/articles/10.1186/s13148-021-01047-z,2021,True,False,False,False,False,False
Differential methylation EPIC analysis discloses cisplatin-resistance related hypermethylation and tumor-specific heterogeneity within matched primary and metastatic testicular germ cell tumor patient tissue samples,https://clinicalepigeneticsjournal.biomedcentral.com/articles/10.1186/s13148-021-01048-y,2021,True,True,True,False,False,False
DNA methylation and gene expression integration in cardiovascular disease,https://clinicalepigeneticsjournal.biomedcentral.com/articles/10.1186/s13148-021-01064-y,2021,True,False,True,False,False,False
DNA methylation of ,https://clinicalepigeneticsjournal.biomedcentral.com/articles/10.1186/s13148-021-01063-z,2021,True,True,False,False,False,False
Identification of DNA methylation markers for early detection of CRC indicates a role for nervous system-related genes in CRC,https://clinicalepigeneticsjournal.biomedcentral.com/articles/10.1186/s13148-021-01067-9,2021,True,False,True,False,False,False
Disease-associated DNA methylation signatures in esophageal biopsies of children diagnosed with Eosinophilic Esophagitis,https://clinicalepigeneticsjournal.biomedcentral.com/articles/10.1186/s13148-021-01072-y,2021,True,True,True,False,False,False
"Associations among phthalate exposure, DNA methylation of ",https://clinicalepigeneticsjournal.biomedcentral.com/articles/10.1186/s13148-021-01061-1,2021,True,True,False,False,False,False
Methylation of ,https://clinicalepigeneticsjournal.biomedcentral.com/articles/10.1186/s13148-021-01066-w,2021,True,True,False,False,False,False
DNA methylation in cord blood in association with prenatal depressive symptoms,https://clinicalepigeneticsjournal.biomedcentral.com/articles/10.1186/s13148-021-01054-0,2021,True,True,True,True,False,False
Advances in epigenetic therapeutics with focus on solid tumors,https://clinicalepigeneticsjournal.biomedcentral.com/articles/10.1186/s13148-021-01069-7,2021,True,False,False,False,False,False
Hypoxia promotes the metastasis of pancreatic cancer through regulating NOX4/KDM5A-mediated histone methylation modification changes in a HIF1A-independent manner,https://clinicalepigeneticsjournal.biomedcentral.com/articles/10.1186/s13148-021-01016-6,2021,True,True,True,False,False,False
 methylation is an independent prognostic biomarker for progression-free and overall survival of platinum-sensitive epithelial ovarian cancer patients,https://clinicalepigeneticsjournal.biomedcentral.com/articles/10.1186/s13148-021-01006-8,2021,True,True,False,False,False,False
"Clinical evaluation of Bladder CARE, a new epigenetic test for bladder cancer detection in urine samples",https://clinicalepigeneticsjournal.biomedcentral.com/articles/10.1186/s13148-021-01029-1,2021,True,False,False,False,False,False
Male obesity impacts DNA methylation reprogramming in sperm,https://clinicalepigeneticsjournal.biomedcentral.com/articles/10.1186/s13148-020-00997-0,2021,True,True,True,False,True,False
Profile of copper-associated DNA methylation and its association with incident acute coronary syndrome,https://clinicalepigeneticsjournal.biomedcentral.com/articles/10.1186/s13148-021-01004-w,2021,True,True,True,False,False,False
MethCORR infers gene expression from DNA methylation and allows molecular analysis of ten common cancer types using fresh-frozen and formalin-fixed paraffin-embedded tumor samples,https://clinicalepigeneticsjournal.biomedcentral.com/articles/10.1186/s13148-021-01000-0,2021,True,True,True,False,True,False
Loss of H3K27 methylation identifies poor outcomes in adult-onset acute leukemia,https://clinicalepigeneticsjournal.biomedcentral.com/articles/10.1186/s13148-021-01011-x,2021,True,True,True,False,False,False
"Genetic, epigenetic, and environmental factors controlling oxytocin receptor gene expression",https://clinicalepigeneticsjournal.biomedcentral.com/articles/10.1186/s13148-021-01017-5,2021,True,True,True,False,True,False
A feasibility study of combined epigenetic and vaccine therapy in advanced colorectal cancer with pharmacodynamic endpoint,https://clinicalepigeneticsjournal.biomedcentral.com/articles/10.1186/s13148-021-01014-8,2021,True,True,False,False,False,False
Genome-wide DNA methylation dynamics during epigenetic reprogramming in the porcine germline,https://clinicalepigeneticsjournal.biomedcentral.com/articles/10.1186/s13148-021-01003-x,2021,True,False,False,False,False,False
Discovery and validation of methylation signatures in blood-based circulating tumor cell-free DNA in early detection of colorectal carcinoma: a case–control study,https://clinicalepigeneticsjournal.biomedcentral.com/articles/10.1186/s13148-020-00985-4,2021,True,True,False,False,False,False
DNA methylation impact on Fabry disease,https://clinicalepigeneticsjournal.biomedcentral.com/articles/10.1186/s13148-021-01019-3,2021,True,False,False,False,False,False
Changes in epigenetic profiles throughout early childhood and their relationship to the response to pneumococcal vaccination,https://clinicalepigeneticsjournal.biomedcentral.com/articles/10.1186/s13148-021-01012-w,2021,True,True,True,False,False,False
Genome-wide DNA methylation profiling is able to identify prefibrotic PMF cases at risk for progression to myelofibrosis,https://clinicalepigeneticsjournal.biomedcentral.com/articles/10.1186/s13148-021-01010-y,2021,True,True,True,False,False,False
DNA methylation profiles of bronchoscopic biopsies for the diagnosis of lung cancer,https://clinicalepigeneticsjournal.biomedcentral.com/articles/10.1186/s13148-021-01024-6,2021,True,True,True,False,False,False
5-AZA-dC induces epigenetic changes associated with modified glycosylation of secreted glycoproteins and increased EMT and migration in chemo-sensitive cancer cells,https://clinicalepigeneticsjournal.biomedcentral.com/articles/10.1186/s13148-021-01015-7,2021,True,True,True,False,False,False
Identification of the subtypes of gastric cancer based on DNA methylation and the prediction of prognosis,https://clinicalepigeneticsjournal.biomedcentral.com/articles/10.1186/s13148-020-00940-3,2020,True,True,False,False,True,False
Novel DNA methylation signatures of tobacco smoking with trans-ethnic effects,https://clinicalepigeneticsjournal.biomedcentral.com/articles/10.1186/s13148-021-01018-4,2021,True,True,True,False,True,False
"Genome-wide methylation analysis in Silver–Russell syndrome, Temple syndrome, and Prader–Willi syndrome",https://clinicalepigeneticsjournal.biomedcentral.com/articles/10.1186/s13148-020-00949-8,2020,True,True,True,False,False,False
Smoking-related changes in DNA methylation and gene expression are associated with cardio-metabolic traits,https://clinicalepigeneticsjournal.biomedcentral.com/articles/10.1186/s13148-020-00951-0,2020,True,True,True,False,True,False
Genetic and environmental causes of variation in epigenetic aging across the lifespan,https://clinicalepigeneticsjournal.biomedcentral.com/articles/10.1186/s13148-020-00950-1,2020,True,True,False,False,False,False
Longitudinal analysis of healthy colon establishes aspirin as a suppressor of cancer-related epigenetic aging,https://clinicalepigeneticsjournal.biomedcentral.com/articles/10.1186/s13148-020-00956-9,2020,True,True,True,True,False,False
Changes in DNA methylation profiles of myalgic encephalomyelitis/chronic fatigue syndrome patients reflect systemic dysfunctions,https://clinicalepigeneticsjournal.biomedcentral.com/articles/10.1186/s13148-020-00960-z,2020,True,True,True,False,False,False
Non-invasive detection of endometrial cancer by DNA methylation analysis in urine,https://clinicalepigeneticsjournal.biomedcentral.com/articles/10.1186/s13148-020-00958-7,2020,True,True,False,False,False,False
Epigenetic alterations and advancement of treatment in peripheral T-cell lymphoma,https://clinicalepigeneticsjournal.biomedcentral.com/articles/10.1186/s13148-020-00962-x,2020,True,False,False,False,False,False
Correction to: Current status of development of methylation biomarkers for in vitro diagnostic IVD applications,https://clinicalepigeneticsjournal.biomedcentral.com/articles/10.1186/s13148-020-00902-9,2020,True,False,False,False,False,False
Alternative methylation of intron motifs is associated with cancer-related gene expression in both canine mammary tumor and human breast cancer,https://clinicalepigeneticsjournal.biomedcentral.com/articles/10.1186/s13148-020-00888-4,2020,True,True,False,False,False,False
Gene–methylation interactions: discovering region-wise DNA methylation levels that modify SNP-associated disease risk,https://clinicalepigeneticsjournal.biomedcentral.com/articles/10.1186/s13148-020-00881-x,2020,True,True,False,False,False,False
Epigenetic measures of ageing predict the prevalence and incidence of leading causes of death and disease burden,https://clinicalepigeneticsjournal.biomedcentral.com/articles/10.1186/s13148-020-00905-6,2020,True,True,True,False,True,False
Triage of hrHPV-positive women: comparison of two commercial methylation-specific PCR assays,https://clinicalepigeneticsjournal.biomedcentral.com/articles/10.1186/s13148-020-00963-w,2020,True,False,False,False,False,False
Integrated epigenetic biomarkers in circulating cell-free DNA as a robust classifier for pancreatic cancer,https://clinicalepigeneticsjournal.biomedcentral.com/articles/10.1186/s13148-020-00898-2,2020,True,True,True,False,False,False
Genome-wide methylation patterns predict clinical benefit of immunotherapy in lung cancer,https://clinicalepigeneticsjournal.biomedcentral.com/articles/10.1186/s13148-020-00907-4,2020,True,False,True,False,False,False
Characterisation of an inflammation-related epigenetic score and its association with cognitive ability,https://clinicalepigeneticsjournal.biomedcentral.com/articles/10.1186/s13148-020-00903-8,2020,True,True,True,False,False,False
AHRR cg05575921 methylation in relation to smoking and PM,https://clinicalepigeneticsjournal.biomedcentral.com/articles/10.1186/s13148-020-00908-3,2020,True,True,False,False,True,False
Epigenetic age and pregnancy outcomes: GrimAge acceleration is associated with shorter gestational length and lower birthweight,https://clinicalepigeneticsjournal.biomedcentral.com/articles/10.1186/s13148-020-00909-2,2020,True,True,False,False,False,False
Management of epigenomic networks entailed in coronavirus infections and COVID-19,https://clinicalepigeneticsjournal.biomedcentral.com/articles/10.1186/s13148-020-00912-7,2020,True,False,False,False,False,False
What impact does oocyte vitrification have on epigenetics and gene expression?,https://clinicalepigeneticsjournal.biomedcentral.com/articles/10.1186/s13148-020-00911-8,2020,True,False,False,False,False,False
Genome-wide profiling of DNA methylation and gene expression identifies candidate genes for human diabetic neuropathy,https://clinicalepigeneticsjournal.biomedcentral.com/articles/10.1186/s13148-020-00913-6,2020,True,True,True,True,False,False
Cord blood DNA methylation reflects cord blood C-reactive protein levels but not maternal levels: a longitudinal study and meta-analysis,https://clinicalepigeneticsjournal.biomedcentral.com/articles/10.1186/s13148-020-00852-2,2020,True,True,True,False,True,False
Fecal DNA methylation markers for detecting stages of colorectal cancer and its precursors: a systematic review,https://clinicalepigeneticsjournal.biomedcentral.com/articles/10.1186/s13148-020-00904-7,2020,True,False,False,False,False,False
Epigenome-wide DNA methylation profiling of preeclamptic placenta according to severe features,https://clinicalepigeneticsjournal.biomedcentral.com/articles/10.1186/s13148-020-00918-1,2020,True,True,True,False,True,False
 reveals aberrant DNA methylation in aging syndromes and is relevant for hematopoietic and neuronal differentiation,https://clinicalepigeneticsjournal.biomedcentral.com/articles/10.1186/s13148-020-00914-5,2020,True,True,False,False,False,False
Evaluation of a methylation classifier for predicting pre-cancer lesion among women with abnormal results between HPV16/18 and cytology,https://clinicalepigeneticsjournal.biomedcentral.com/articles/10.1186/s13148-020-00849-x,2020,True,True,False,False,False,False
Epigenetic prediction of complex traits and mortality in a cohort of individuals with oropharyngeal cancer,https://clinicalepigeneticsjournal.biomedcentral.com/articles/10.1186/s13148-020-00850-4,2020,True,True,True,False,True,False
Risk stratification of HPV 16 DNA methylation combined with E6 oncoprotein in cervical cancer screening: a 10-year prospective cohort study,https://clinicalepigeneticsjournal.biomedcentral.com/articles/10.1186/s13148-020-00853-1,2020,True,True,False,False,False,False
DNA methylation changes during preimplantation development reveal inter-species differences and reprogramming events at imprinted genes,https://clinicalepigeneticsjournal.biomedcentral.com/articles/10.1186/s13148-020-00857-x,2020,True,False,False,False,False,False
Promoter methylation changes in ,https://clinicalepigeneticsjournal.biomedcentral.com/articles/10.1186/s13148-020-00846-0,2020,True,True,False,False,True,False
Transgenerational epigenetic effects from male exposure to endocrine-disrupting compounds: a systematic review on research in mammals,https://clinicalepigeneticsjournal.biomedcentral.com/articles/10.1186/s13148-020-00845-1,2020,True,False,False,False,False,False
Novel visualized quantitative epigenetic imprinted gene biomarkers diagnose the malignancy of ten cancer types,https://clinicalepigeneticsjournal.biomedcentral.com/articles/10.1186/s13148-020-00861-1,2020,True,True,False,False,False,False
Dysfunctional epigenetic aging of the normal colon and colorectal cancer risk,https://clinicalepigeneticsjournal.biomedcentral.com/articles/10.1186/s13148-019-0801-3,2020,True,True,True,False,False,False
DNA methylation changes in Down syndrome derived neural iPSCs uncover co-dysregulation of ZNF and HOX3 families of transcription factors,https://clinicalepigeneticsjournal.biomedcentral.com/articles/10.1186/s13148-019-0803-1,2020,True,True,True,False,True,False
Methylome and transcriptome analyses reveal insights into the epigenetic basis for the good survival of hypomethylated ER-positive breast cancer subtype,https://clinicalepigeneticsjournal.biomedcentral.com/articles/10.1186/s13148-020-0811-1,2020,True,False,True,True,False,False
Transcriptomic profiling disclosed the role of DNA methylation and histone modifications in tumor-infiltrating myeloid-derived suppressor cell subsets in colorectal cancer,https://clinicalepigeneticsjournal.biomedcentral.com/articles/10.1186/s13148-020-0808-9,2020,True,False,False,False,False,False
A DNA methylation signature to improve survival prediction of gastric cancer,https://clinicalepigeneticsjournal.biomedcentral.com/articles/10.1186/s13148-020-0807-x,2020,True,True,True,False,False,False
"The effects of bariatric surgery on clinical profile, DNA methylation, and ageing in severely obese patients",https://clinicalepigeneticsjournal.biomedcentral.com/articles/10.1186/s13148-019-0790-2,2020,True,True,True,False,True,False
Essential concepts are missing: Foreign DNA in food invades the organisms’ cells and can lead to stochastic epigenetic alterations with a wide range of possible pathogenetic consequences,https://clinicalepigeneticsjournal.biomedcentral.com/articles/10.1186/s13148-020-0813-z,2020,True,False,False,True,False,False
"Correction to: Genome-wide assessment of DNA methylation in mouse oocytes reveals effects associated with in vitro growth, superovulation, and sexual maturity",https://clinicalepigeneticsjournal.biomedcentral.com/articles/10.1186/s13148-020-0812-0,2020,True,False,False,False,False,False
"Epigenetic age acceleration of cervical squamous cell carcinoma converged to human papillomavirus 16/18 expression, immunoactivation, and favourable prognosis",https://clinicalepigeneticsjournal.biomedcentral.com/articles/10.1186/s13148-020-0822-y,2020,True,True,True,True,False,False
Methylation silencing of TGF-β receptor type II is involved in malignant transformation of esophageal squamous cell carcinoma,https://clinicalepigeneticsjournal.biomedcentral.com/articles/10.1186/s13148-020-0819-6,2020,True,False,True,True,False,True
Epigenetic silencing of IGFBPL1 promotes esophageal cancer growth by activating PI3K-AKT signaling,https://clinicalepigeneticsjournal.biomedcentral.com/articles/10.1186/s13148-020-0815-x,2020,True,False,False,False,False,False
DNA methylation-driven EMT is a common mechanism of resistance to various therapeutic agents in cancer,https://clinicalepigeneticsjournal.biomedcentral.com/articles/10.1186/s13148-020-0821-z,2020,True,True,False,False,False,False
Accumulation of DNA methylation alterations in paediatric glioma stem cells following fractionated dose irradiation,https://clinicalepigeneticsjournal.biomedcentral.com/articles/10.1186/s13148-020-0817-8,2020,True,False,False,True,False,False
Platelet mitochondrial DNA methylation predicts future cardiovascular outcome in adults with overweight and obesity,https://clinicalepigeneticsjournal.biomedcentral.com/articles/10.1186/s13148-020-00825-5,2020,True,False,False,False,False,False
Underestimated effect of intragenic HIV-1 DNA methylation on viral transcription in infected individuals,https://clinicalepigeneticsjournal.biomedcentral.com/articles/10.1186/s13148-020-00829-1,2020,True,True,True,False,False,False
Histone methylation and vascular biology,https://clinicalepigeneticsjournal.biomedcentral.com/articles/10.1186/s13148-020-00826-4,2020,True,False,False,False,False,False
Widespread loss of the silencing epigenetic mark H3K9me3 in astrocytes and neurons along with hippocampal-dependent cognitive impairment in C9orf72 BAC transgenic mice,https://clinicalepigeneticsjournal.biomedcentral.com/articles/10.1186/s13148-020-0816-9,2020,True,True,True,False,True,False
Crosstalk between DNA methylation and histone acetylation triggers GDNF high transcription in glioblastoma cells,https://clinicalepigeneticsjournal.biomedcentral.com/articles/10.1186/s13148-020-00835-3,2020,True,True,True,True,False,False
Genome-wide analysis of constitutional DNA methylation in familial melanoma,https://clinicalepigeneticsjournal.biomedcentral.com/articles/10.1186/s13148-020-00831-7,2020,True,False,True,True,True,False
Machine learning and clinical epigenetics: a review of challenges for diagnosis and classification,https://clinicalepigeneticsjournal.biomedcentral.com/articles/10.1186/s13148-020-00842-4,2020,True,False,False,False,False,False
Estimating breast tissue-specific DNA methylation age using next-generation sequencing data,https://clinicalepigeneticsjournal.biomedcentral.com/articles/10.1186/s13148-020-00834-4,2020,True,True,False,False,False,False
An epigenome-wide association study of posttraumatic stress disorder in US veterans implicates several new DNA methylation loci,https://clinicalepigeneticsjournal.biomedcentral.com/articles/10.1186/s13148-020-0820-0,2020,True,True,True,False,False,False
Epigenetic predictors of all-cause mortality are associated with objective measures of neighborhood disadvantage in an urban population,https://clinicalepigeneticsjournal.biomedcentral.com/articles/10.1186/s13148-020-00830-8,2020,True,False,False,False,False,False
"DNA methylation outlier burden, health, and ageing in Generation Scotland and the Lothian Birth Cohorts of 1921 and 1936",https://clinicalepigeneticsjournal.biomedcentral.com/articles/10.1186/s13148-020-00838-0,2020,True,True,True,False,True,False
The association of DNA methylation with body mass index: distinguishing between predictors and biomarkers,https://clinicalepigeneticsjournal.biomedcentral.com/articles/10.1186/s13148-020-00841-5,2020,True,True,True,False,True,False
Differential CpG DNA methylation in peripheral naïve CD4,https://clinicalepigeneticsjournal.biomedcentral.com/articles/10.1186/s13148-020-00837-1,2020,True,True,True,False,False,False
DNA methylation age calculators reveal association with diabetic neuropathy in type 1 diabetes,https://clinicalepigeneticsjournal.biomedcentral.com/articles/10.1186/s13148-020-00840-6,2020,True,True,False,False,False,False
Adipose stem cells from patients with Crohn’s disease show a distinctive DNA methylation pattern,https://clinicalepigeneticsjournal.biomedcentral.com/articles/10.1186/s13148-020-00843-3,2020,True,True,True,False,False,False
Symphony of epigenetic and metabolic regulation—interaction between the histone methyltransferase EZH2 and metabolism of tumor,https://clinicalepigeneticsjournal.biomedcentral.com/articles/10.1186/s13148-020-00862-0,2020,True,False,False,False,False,False
"Adverse childhood experiences, DNA methylation age acceleration, and cortisol in UK children: a prospective population-based cohort study",https://clinicalepigeneticsjournal.biomedcentral.com/articles/10.1186/s13148-020-00844-2,2020,True,True,False,False,False,False
Genome-wide DNA methylation profiles of low- and high-grade adenoma reveals potential biomarkers for early detection of colorectal carcinoma,https://clinicalepigeneticsjournal.biomedcentral.com/articles/10.1186/s13148-020-00851-3,2020,True,True,True,False,False,False
Epigenome-wide association study in healthy individuals identifies significant associations with DNA methylation and PBMC extract VEGF-A concentration,https://clinicalepigeneticsjournal.biomedcentral.com/articles/10.1186/s13148-020-00874-w,2020,True,False,True,False,True,False
Effect of short-term prescription opioids on DNA methylation of the ,https://clinicalepigeneticsjournal.biomedcentral.com/articles/10.1186/s13148-020-00868-8,2020,True,True,True,False,False,False
DNA methylation loci in placenta associated with birthweight and expression of genes relevant for early development and adult diseases,https://clinicalepigeneticsjournal.biomedcentral.com/articles/10.1186/s13148-020-00873-x,2020,True,True,True,True,False,False
Single-cell DNA methylation sequencing reveals epigenetic alterations in mouse oocytes superovulated with different dosages of gonadotropins,https://clinicalepigeneticsjournal.biomedcentral.com/articles/10.1186/s13148-020-00866-w,2020,True,True,False,False,False,False
Genome-wide analysis of DNA methylation identifies S100A13 as an epigenetic biomarker in individuals with chronic (≥ 30 years) type 2 diabetes without diabetic retinopathy,https://clinicalepigeneticsjournal.biomedcentral.com/articles/10.1186/s13148-020-00871-z,2020,True,True,False,False,True,False
The signature of HBV-related liver disease in peripheral blood mononuclear cell DNA methylation,https://clinicalepigeneticsjournal.biomedcentral.com/articles/10.1186/s13148-020-00847-z,2020,True,True,True,False,True,False
Association between variation of circulating 25-OH vitamin D and methylation of secreted frizzled-related protein 2 in colorectal cancer,https://clinicalepigeneticsjournal.biomedcentral.com/articles/10.1186/s13148-020-00875-9,2020,True,True,False,False,False,False
Harnessing peripheral DNA methylation differences in the Alzheimer’s Disease Neuroimaging Initiative (ADNI) to reveal novel biomarkers of disease,https://clinicalepigeneticsjournal.biomedcentral.com/articles/10.1186/s13148-020-00864-y,2020,True,True,True,False,False,False
Epigenetic silencing of ,https://clinicalepigeneticsjournal.biomedcentral.com/articles/10.1186/s13148-020-00878-6,2020,True,True,True,False,False,False
Individual and joint contributions of genetic and methylation risk scores for enhancing lung cancer risk stratification: data from a population-based cohort in Germany,https://clinicalepigeneticsjournal.biomedcentral.com/articles/10.1186/s13148-020-00872-y,2020,True,False,False,True,False,False
Identifying epigenetic biomarkers of established prognostic factors and survival in a clinical cohort of individuals with oropharyngeal cancer,https://clinicalepigeneticsjournal.biomedcentral.com/articles/10.1186/s13148-020-00870-0,2020,True,True,True,False,True,False
Comprehensive evaluation of targeted multiplex bisulphite PCR sequencing for validation of DNA methylation biomarker panels,https://clinicalepigeneticsjournal.biomedcentral.com/articles/10.1186/s13148-020-00880-y,2020,True,True,False,False,False,False
DNA methylation for cervical cancer screening: a training set in China,https://clinicalepigeneticsjournal.biomedcentral.com/articles/10.1186/s13148-020-00885-7,2020,True,False,False,False,False,False
G9a regulates tumorigenicity and stemness through genome-wide DNA methylation reprogramming in non-small cell lung cancer,https://clinicalepigeneticsjournal.biomedcentral.com/articles/10.1186/s13148-020-00879-5,2020,True,True,False,False,False,False
Correction to: DNA methylation changes during preimplantation development reveal interspecies differences and reprogramming events at imprinted genes,https://clinicalepigeneticsjournal.biomedcentral.com/articles/10.1186/s13148-020-00887-5,2020,True,False,False,False,False,False
Current status of development of methylation biomarkers for in vitro diagnostic IVD applications,https://clinicalepigeneticsjournal.biomedcentral.com/articles/10.1186/s13148-020-00886-6,2020,True,False,False,False,False,False
Epigenome-wide DNA methylation analysis of small cell lung cancer cell lines suggests potential chemotherapy targets,https://clinicalepigeneticsjournal.biomedcentral.com/articles/10.1186/s13148-020-00876-8,2020,True,False,True,True,True,False
The role of DNA methylation in the pathogenesis of type 2 diabetes mellitus,https://clinicalepigeneticsjournal.biomedcentral.com/articles/10.1186/s13148-020-00896-4,2020,True,False,True,False,False,False
Reduced DNA methylation of the oxytocin receptor gene is associated with obsessive-compulsive disorder,https://clinicalepigeneticsjournal.biomedcentral.com/articles/10.1186/s13148-020-00890-w,2020,True,False,True,False,True,False
Concentrations of persistent organic pollutants in maternal plasma and epigenome-wide placental DNA methylation,https://clinicalepigeneticsjournal.biomedcentral.com/articles/10.1186/s13148-020-00894-6,2020,True,True,True,True,False,False
Wandering along the epigenetic timeline,https://clinicalepigeneticsjournal.biomedcentral.com/articles/10.1186/s13148-020-00893-7,2020,True,False,False,False,False,False
The fusiform gyrus exhibits an epigenetic signature for Alzheimer’s disease,https://clinicalepigeneticsjournal.biomedcentral.com/articles/10.1186/s13148-020-00916-3,2020,True,True,True,False,False,False
Correction to: Genome-wide profiling of DNA methylation and gene expression identifies candidate genes for human diabetic neuropathy,https://clinicalepigeneticsjournal.biomedcentral.com/articles/10.1186/s13148-020-00922-5,2020,True,False,False,False,False,False
H3K27ac acetylome signatures reveal the epigenomic reorganization in remodeled non-failing human hearts,https://clinicalepigeneticsjournal.biomedcentral.com/articles/10.1186/s13148-020-00895-5,2020,True,True,True,False,True,False
Assessment of tumor suppressor promoter methylation in healthy individuals,https://clinicalepigeneticsjournal.biomedcentral.com/articles/10.1186/s13148-020-00920-7,2020,True,False,False,False,False,False
IFN-α confers epigenetic regulation of HBV cccDNA minichromosome by modulating GCN5-mediated succinylation of histone H3K79 to clear HBV cccDNA,https://clinicalepigeneticsjournal.biomedcentral.com/articles/10.1186/s13148-020-00928-z,2020,True,False,False,False,False,False
Associations of maternal early-pregnancy blood glucose and insulin concentrations with DNA methylation in newborns,https://clinicalepigeneticsjournal.biomedcentral.com/articles/10.1186/s13148-020-00924-3,2020,True,True,True,False,True,False
"Epigenetic stratification of head and neck cancer survivors reveals differences in lycopene levels, alcohol consumption, and methylation of immune regulatory genes",https://clinicalepigeneticsjournal.biomedcentral.com/articles/10.1186/s13148-020-00930-5,2020,True,True,True,False,False,False
Reduced mitochondrial D-loop methylation levels in sporadic amyotrophic lateral sclerosis,https://clinicalepigeneticsjournal.biomedcentral.com/articles/10.1186/s13148-020-00933-2,2020,True,False,True,False,True,False
DNA methylation mediates the effect of cocaine use on HIV severity,https://clinicalepigeneticsjournal.biomedcentral.com/articles/10.1186/s13148-020-00934-1,2020,True,True,True,False,True,False
DNA methylation of ,https://clinicalepigeneticsjournal.biomedcentral.com/articles/10.1186/s13148-020-00932-3,2020,True,True,True,False,False,False
"The influences of DNA methylation and epigenetic clocks, on metabolic disease, in middle-aged Koreans",https://clinicalepigeneticsjournal.biomedcentral.com/articles/10.1186/s13148-020-00936-z,2020,True,True,False,False,False,False
Epigenetic approach in obesity: DNA methylation in a prepubertal population which underwent a lifestyle modification,https://clinicalepigeneticsjournal.biomedcentral.com/articles/10.1186/s13148-020-00935-0,2020,True,True,False,False,False,False
TWIST1 DNA methylation is a cell marker of airway and parenchymal lung fibroblasts that are differentially methylated in asthma,https://clinicalepigeneticsjournal.biomedcentral.com/articles/10.1186/s13148-020-00931-4,2020,True,True,True,True,True,False
Serious neonatal morbidities are associated with differences in DNA methylation among very preterm infants,https://clinicalepigeneticsjournal.biomedcentral.com/articles/10.1186/s13148-020-00942-1,2020,True,True,True,False,True,False
Time course of altered DNA methylation evoked by critical illness and by early administration of parenteral nutrition in the paediatric ICU,https://clinicalepigeneticsjournal.biomedcentral.com/articles/10.1186/s13148-020-00947-w,2020,True,True,True,False,False,False
Leveraging locus-specific epigenetic heterogeneity to improve the performance of blood-based DNA methylation biomarkers,https://clinicalepigeneticsjournal.biomedcentral.com/articles/10.1186/s13148-020-00939-w,2020,True,True,False,False,False,False
The epigenetic implication in coronavirus infection and therapy,https://clinicalepigeneticsjournal.biomedcentral.com/articles/10.1186/s13148-020-00946-x,2020,True,False,False,False,False,False
Altered immune phenotype and DNA methylation in panic disorder,https://clinicalepigeneticsjournal.biomedcentral.com/articles/10.1186/s13148-020-00972-9,2020,True,True,True,False,True,False
High-fat diet-induced and genetically inherited obesity differentially alters DNA methylation profile in the germline of adult male rats,https://clinicalepigeneticsjournal.biomedcentral.com/articles/10.1186/s13148-020-00974-7,2020,True,True,True,False,True,False
DNA methylation signatures to predict the cervicovaginal microbiome status,https://clinicalepigeneticsjournal.biomedcentral.com/articles/10.1186/s13148-020-00966-7,2020,True,True,True,False,False,False
Epigenetic regulation of inflammation in periodontitis: cellular mechanisms and therapeutic potential,https://clinicalepigeneticsjournal.biomedcentral.com/articles/10.1186/s13148-020-00982-7,2020,True,False,False,False,False,False
Epigenetic silencing of miR-342-3p in B cell lymphoma and its impact on autophagy,https://clinicalepigeneticsjournal.biomedcentral.com/articles/10.1186/s13148-020-00926-1,2020,True,False,False,False,False,False
Epigenetic modification mechanisms involved in keloid: current status and prospect,https://clinicalepigeneticsjournal.biomedcentral.com/articles/10.1186/s13148-020-00981-8,2020,True,False,False,False,False,False
Whole blood DNA methylation aging markers predict colorectal cancer survival: a prospective cohort study,https://clinicalepigeneticsjournal.biomedcentral.com/articles/10.1186/s13148-020-00977-4,2020,True,False,False,False,False,False
DNA methylation changes in metabolic and immune-regulatory pathways in blood and lymph node CD4 + T cells in response to SIV infections,https://clinicalepigeneticsjournal.biomedcentral.com/articles/10.1186/s13148-020-00971-w,2020,True,True,True,False,False,False
High-resolution analyses of human sperm dynamic methylome reveal thousands of novel age-related epigenetic alterations,https://clinicalepigeneticsjournal.biomedcentral.com/articles/10.1186/s13148-020-00988-1,2020,True,True,True,False,False,False
Developmental cannabidiol exposure increases anxiety and modifies genome-wide brain DNA methylation in adult female mice,https://clinicalepigeneticsjournal.biomedcentral.com/articles/10.1186/s13148-020-00993-4,2021,True,True,True,False,True,False
DNA methylation epi-signature is associated with two molecularly and phenotypically distinct clinical subtypes of Phelan-McDermid syndrome,https://clinicalepigeneticsjournal.biomedcentral.com/articles/10.1186/s13148-020-00990-7,2021,True,True,True,False,False,False
Pre-adolescence DNA methylation is associated with lung function trajectories from pre-adolescence to adulthood,https://clinicalepigeneticsjournal.biomedcentral.com/articles/10.1186/s13148-020-00992-5,2021,True,True,True,False,True,False
Epigenetic profiling of Italian patients identified methylation sites associated with hereditary transthyretin amyloidosis,https://clinicalepigeneticsjournal.biomedcentral.com/articles/10.1186/s13148-020-00967-6,2020,True,True,True,False,True,False
Mitochondrial metabolism and DNA methylation: a review of the interaction between two genomes,https://clinicalepigeneticsjournal.biomedcentral.com/articles/10.1186/s13148-020-00976-5,2020,True,False,False,False,False,False
Sperm DNA methylation epimutation biomarker for paternal offspring autism susceptibility,https://clinicalepigeneticsjournal.biomedcentral.com/articles/10.1186/s13148-020-00995-2,2021,True,False,True,False,False,False
"Identification of DNA methylation signatures associated with poor outcome in lower-risk Stage, Size, Grade and Necrosis (SSIGN) score clear cell renal cell cancer",https://clinicalepigeneticsjournal.biomedcentral.com/articles/10.1186/s13148-020-00998-z,2021,True,True,False,False,False,False
Different methylation signatures at diagnosis in patients with high-risk myelodysplastic syndromes and secondary acute myeloid leukemia predict azacitidine response and longer survival,https://clinicalepigeneticsjournal.biomedcentral.com/articles/10.1186/s13148-021-01002-y,2021,True,True,False,False,False,False
Childhood DNA methylation as a marker of early life rapid weight gain and subsequent overweight,https://clinicalepigeneticsjournal.biomedcentral.com/articles/10.1186/s13148-020-00952-z,2021,True,True,True,False,True,False
DNA methylation of blood cells is associated with prevalent type 2 diabetes in a meta-analysis of four European cohorts,https://clinicalepigeneticsjournal.biomedcentral.com/articles/10.1186/s13148-021-01027-3,2021,True,True,True,False,True,False
MicroRNAs overexpressed in Crohn’s disease and their interactions with mechanisms of epigenetic regulation explain novel aspects of Crohn’s disease pathogenesis,https://clinicalepigeneticsjournal.biomedcentral.com/articles/10.1186/s13148-021-01022-8,2021,True,False,False,False,False,False
DNA methylation patterns of β-globin cluster in β-thalassemia patients,https://clinicalepigeneticsjournal.biomedcentral.com/articles/10.1186/s13148-020-00987-2,2020,True,False,False,False,False,False
Association of cardiovascular health and epigenetic age acceleration,https://clinicalepigeneticsjournal.biomedcentral.com/articles/10.1186/s13148-021-01028-2,2021,True,True,False,False,False,False
DNA methylation and lipid metabolism: an EWAS of 226 metabolic measures,https://clinicalepigeneticsjournal.biomedcentral.com/articles/10.1186/s13148-020-00957-8,2021,True,True,True,True,True,False
DNA methylation and cancer incidence: lymphatic–hematopoietic versus solid cancers in the Strong Heart Study,https://clinicalepigeneticsjournal.biomedcentral.com/articles/10.1186/s13148-021-01030-8,2021,True,True,True,False,False,False
Weight management intervention identifies association of decreased DNA methylation age with improved functional age measures in older adults with obesity,https://clinicalepigeneticsjournal.biomedcentral.com/articles/10.1186/s13148-021-01031-7,2021,True,True,False,False,False,False
SMYD3: a regulator of epigenetic and signaling pathways in cancer,https://clinicalepigeneticsjournal.biomedcentral.com/articles/10.1186/s13148-021-01021-9,2021,True,False,False,False,False,False
Lifestyle weight-loss intervention may attenuate methylation aging: the CENTRAL MRI randomized controlled trial,https://clinicalepigeneticsjournal.biomedcentral.com/articles/10.1186/s13148-021-01038-0,2021,True,True,False,False,False,False
Epigenetic modifications in muscle regeneration and progression of Duchenne muscular dystrophy,https://clinicalepigeneticsjournal.biomedcentral.com/articles/10.1186/s13148-021-01001-z,2021,True,False,False,False,False,False
DNA methylation mediates the effect of maternal smoking on offspring birthweight: a birth cohort study of multi-ethnic US mother–newborn pairs,https://clinicalepigeneticsjournal.biomedcentral.com/articles/10.1186/s13148-021-01032-6,2021,True,True,True,False,True,False
Genome-wide analysis of DNA methylation in Hirschsprung enteric precursor cells: unraveling the epigenetic landscape of enteric nervous system development,https://clinicalepigeneticsjournal.biomedcentral.com/articles/10.1186/s13148-021-01040-6,2021,True,True,True,False,False,False
BET bromodomain inhibitors PFI-1 and JQ1 are identified in an epigenetic compound screen to enhance ,https://clinicalepigeneticsjournal.biomedcentral.com/articles/10.1186/s13148-021-01039-z,2021,True,True,False,False,True,False
Epigenetic age acceleration is associated with cardiometabolic risk factors and clinical cardiovascular disease risk scores in African Americans,https://clinicalepigeneticsjournal.biomedcentral.com/articles/10.1186/s13148-021-01035-3,2021,True,True,True,False,True,False
DNA methylation biomarker for cumulative lead exposure is associated with Parkinson’s disease,https://clinicalepigeneticsjournal.biomedcentral.com/articles/10.1186/s13148-021-01051-3,2021,True,False,True,False,False,False
Birthweight DNA methylation signatures in infant saliva,https://clinicalepigeneticsjournal.biomedcentral.com/articles/10.1186/s13148-021-01053-1,2021,True,True,True,False,True,False
Association of expression of epigenetic molecular factors with DNA methylation and sensitivity to chemotherapeutic agents in cancer cell lines,https://clinicalepigeneticsjournal.biomedcentral.com/articles/10.1186/s13148-021-01026-4,2021,True,True,True,False,False,False
Epigenetic evidence of an Ac/Dc axis by VPA and SAHA,https://clinicalepigeneticsjournal.biomedcentral.com/articles/10.1186/s13148-021-01050-4,2021,True,False,False,False,False,False
Tackling tumor microenvironment through epigenetic tools to improve cancer immunotherapy,https://clinicalepigeneticsjournal.biomedcentral.com/articles/10.1186/s13148-021-01046-0,2021,True,False,False,False,False,False
Effects of metabolic memory on inflammation and fibrosis associated with diabetic kidney disease: an epigenetic perspective,https://clinicalepigeneticsjournal.biomedcentral.com/articles/10.1186/s13148-021-01079-5,2021,True,False,False,False,False,False
DNA methylation biomarkers of myocardial infarction and cardiovascular disease,https://clinicalepigeneticsjournal.biomedcentral.com/articles/10.1186/s13148-021-01078-6,2021,True,True,True,False,True,False
A urine-based DNA methylation assay to facilitate early detection and risk stratification of bladder cancer,https://clinicalepigeneticsjournal.biomedcentral.com/articles/10.1186/s13148-021-01073-x,2021,True,True,False,False,False,False
The role of DNA methylation in syndromic and non-syndromic congenital heart disease,https://clinicalepigeneticsjournal.biomedcentral.com/articles/10.1186/s13148-021-01077-7,2021,True,False,False,False,False,False
Sensitive detection of colorectal cancer in peripheral blood by a novel methylation assay,https://clinicalepigeneticsjournal.biomedcentral.com/articles/10.1186/s13148-021-01076-8,2021,True,True,False,False,False,False
Current advances of epigenetics in periodontology from ENCODE project: a review and future perspectives,https://clinicalepigeneticsjournal.biomedcentral.com/articles/10.1186/s13148-021-01074-w,2021,True,False,False,False,False,False
"Associations of circulating folate, vitamin B12 and homocysteine concentrations in early pregnancy and cord blood with epigenetic gestational age: the Generation R Study",https://clinicalepigeneticsjournal.biomedcentral.com/articles/10.1186/s13148-021-01065-x,2021,True,True,True,False,True,False
Pre-adolescence DNA methylation is associated with BMI status change from pre- to post-adolescence,https://clinicalepigeneticsjournal.biomedcentral.com/articles/10.1186/s13148-021-01042-4,2021,True,True,True,False,False,False
Epigenetic landscape of testis specific histone H2B variant and its influence on sperm function,https://clinicalepigeneticsjournal.biomedcentral.com/articles/10.1186/s13148-021-01088-4,2021,True,False,False,False,False,False
Weight loss after Roux-En-Y gastric bypass surgery reveals skeletal muscle DNA methylation changes,https://clinicalepigeneticsjournal.biomedcentral.com/articles/10.1186/s13148-021-01086-6,2021,True,True,True,True,False,False
Characteristics of epigenetic aging across gestational and perinatal tissues,https://clinicalepigeneticsjournal.biomedcentral.com/articles/10.1186/s13148-021-01080-y,2021,True,True,False,False,False,False
Development of a prognostic risk model for clear cell renal cell carcinoma by systematic evaluation of DNA methylation markers,https://clinicalepigeneticsjournal.biomedcentral.com/articles/10.1186/s13148-021-01084-8,2021,True,True,False,False,False,False
High-resolution targeted bisulfite sequencing reveals blood cell type-specific DNA methylation patterns in ,https://clinicalepigeneticsjournal.biomedcentral.com/articles/10.1186/s13148-021-01093-7,2021,True,True,False,False,False,False
DNA methylation profiling for molecular classification of adult diffuse lower-grade gliomas,https://clinicalepigeneticsjournal.biomedcentral.com/articles/10.1186/s13148-021-01085-7,2021,True,False,False,False,False,False
Conducting epigenetics research with refugees and asylum seekers: attending to the ethical challenges,https://clinicalepigeneticsjournal.biomedcentral.com/articles/10.1186/s13148-021-01092-8,2021,True,False,False,False,False,False
The role of epigenetic modifications for the pathogenesis of Crohn's disease,https://clinicalepigeneticsjournal.biomedcentral.com/articles/10.1186/s13148-021-01089-3,2021,True,False,False,False,False,False
Blood and skeletal muscle ageing determined by epigenetic clocks and their associations with physical activity and functioning,https://clinicalepigeneticsjournal.biomedcentral.com/articles/10.1186/s13148-021-01094-6,2021,True,True,False,False,False,False
Identification of prognosis-related molecular subgroups based on DNA methylation in pancreatic cancer,https://clinicalepigeneticsjournal.biomedcentral.com/articles/10.1186/s13148-021-01090-w,2021,True,False,False,False,False,False
Increased PARylation impacts the DNA methylation process in type 2 diabetes mellitus,https://clinicalepigeneticsjournal.biomedcentral.com/articles/10.1186/s13148-021-01099-1,2021,True,True,True,True,True,False
Leveraging epigenetics to enhance the efficacy of immunotherapy,https://clinicalepigeneticsjournal.biomedcentral.com/articles/10.1186/s13148-021-01100-x,2021,True,False,False,False,False,False
Methylation status of ,https://clinicalepigeneticsjournal.biomedcentral.com/articles/10.1186/s13148-021-01132-3,2021,True,True,True,False,False,False
DNA methylation analysis reveals epimutation hotspots in patients with dilated cardiomyopathy-associated laminopathies,https://clinicalepigeneticsjournal.biomedcentral.com/articles/10.1186/s13148-021-01127-0,2021,True,True,True,False,False,False
Genome-wide DNA methylome analysis identifies methylation signatures associated with survival and drug resistance of ovarian cancers,https://clinicalepigeneticsjournal.biomedcentral.com/articles/10.1186/s13148-021-01130-5,2021,True,True,True,False,False,False
Abnormal methylation characteristics predict chemoresistance and poor prognosis in advanced high-grade serous ovarian cancer,https://clinicalepigeneticsjournal.biomedcentral.com/articles/10.1186/s13148-021-01133-2,2021,True,True,False,False,False,True
DNA methylation under the major depression pathway predicts pediatric quality of life four-month post-pediatric mild traumatic brain injury,https://clinicalepigeneticsjournal.biomedcentral.com/articles/10.1186/s13148-021-01128-z,2021,True,True,True,False,False,False
Aorta-specific DNA methylation patterns in cell-free DNA from patients with bicuspid aortic valve-associated aortopathy,https://clinicalepigeneticsjournal.biomedcentral.com/articles/10.1186/s13148-021-01137-y,2021,True,True,False,False,False,False
Genome wide DNA methylation analysis of alveolar capillary dysplasia lung tissue reveals aberrant methylation of genes involved in development including the ,https://clinicalepigeneticsjournal.biomedcentral.com/articles/10.1186/s13148-021-01134-1,2021,True,False,True,False,True,False
Differential DNA methylation by early versus late parenteral nutrition in the PICU: a biological basis for its impact on emotional and behavioral problems documented 4 years later,https://clinicalepigeneticsjournal.biomedcentral.com/articles/10.1186/s13148-021-01124-3,2021,True,True,False,False,False,False
Epigenetic reprogramming of cell identity: lessons from development for regenerative medicine,https://clinicalepigeneticsjournal.biomedcentral.com/articles/10.1186/s13148-021-01131-4,2021,True,False,False,False,False,False
Interplay of Val66Met and BDNF methylation: effect on reward learning and cognitive performance in major depression,https://clinicalepigeneticsjournal.biomedcentral.com/articles/10.1186/s13148-021-01136-z,2021,True,True,True,False,False,False
Correction to: Genome-wide DNA methylome analysis identifies methylation signatures associated with survival and drug resistance of ovarian cancers,https://clinicalepigeneticsjournal.biomedcentral.com/articles/10.1186/s13148-021-01141-2,2021,True,False,False,False,False,False
Childhood growth and development and DNA methylation age in mid-life,https://clinicalepigeneticsjournal.biomedcentral.com/articles/10.1186/s13148-021-01138-x,2021,True,True,True,False,True,False
Whole-genome methylation analysis of testicular germ cells from cryptozoospermic men points to recurrent and functionally relevant DNA methylation changes,https://clinicalepigeneticsjournal.biomedcentral.com/articles/10.1186/s13148-021-01144-z,2021,True,True,True,True,True,False
Epigenetic age is associated with baseline and 3-year change in frailty in the Canadian Longitudinal Study on Aging,https://clinicalepigeneticsjournal.biomedcentral.com/articles/10.1186/s13148-021-01150-1,2021,True,True,True,False,False,False
PRC2: an epigenetic multiprotein complex with a key role in the development of rhabdomyosarcoma carcinogenesis,https://clinicalepigeneticsjournal.biomedcentral.com/articles/10.1186/s13148-021-01147-w,2021,True,False,False,False,False,False
Differential DNA methylation and changing cell-type proportions as fibrotic stage progresses in NAFLD,https://clinicalepigeneticsjournal.biomedcentral.com/articles/10.1186/s13148-021-01129-y,2021,True,True,True,False,True,False
Identifying causal models between genetically regulated methylation patterns and gene expression in healthy colon tissue,https://clinicalepigeneticsjournal.biomedcentral.com/articles/10.1186/s13148-021-01148-9,2021,True,True,True,False,True,False
DNA methylation patterns at and beyond the histological margin of early-stage invasive lung adenocarcinoma radiologically manifested as pure ground-glass opacity,https://clinicalepigeneticsjournal.biomedcentral.com/articles/10.1186/s13148-021-01140-3,2021,True,True,True,False,False,False
DNA methylome profiling reveals epigenetic regulation of lipoprotein-associated phospholipase A,https://clinicalepigeneticsjournal.biomedcentral.com/articles/10.1186/s13148-021-01152-z,2021,True,True,True,False,False,False
Distinguishable DNA methylation defines disease susceptibility influenced by race and ethnicity,https://clinicalepigeneticsjournal.biomedcentral.com/articles/10.1186/s13148-021-01180-9,2021,True,False,False,False,False,False
Epigenetic targeting of the ACE2 and NRP1 viral receptors limits SARS-CoV-2 infectivity,https://clinicalepigeneticsjournal.biomedcentral.com/articles/10.1186/s13148-021-01168-5,2021,True,True,False,False,False,False
Race/ethnicity-associated blood DNA methylation differences between Japanese and European American women: an exploratory study,https://clinicalepigeneticsjournal.biomedcentral.com/articles/10.1186/s13148-021-01171-w,2021,True,True,True,False,True,False
DNA methylation-based profiling reveals distinct clusters with survival heterogeneity in high-grade serous ovarian cancer,https://clinicalepigeneticsjournal.biomedcentral.com/articles/10.1186/s13148-021-01178-3,2021,True,False,False,False,False,False
Association of peripheral blood DNA methylation level with Alzheimer’s disease progression,https://clinicalepigeneticsjournal.biomedcentral.com/articles/10.1186/s13148-021-01179-2,2021,True,True,True,False,True,False
Pre-implantation alcohol exposure induces lasting sex-specific DNA methylation programming errors in the developing forebrain,https://clinicalepigeneticsjournal.biomedcentral.com/articles/10.1186/s13148-021-01151-0,2021,True,False,True,False,False,False
Impact of BMI and waist circumference on epigenome-wide DNA methylation and identification of epigenetic biomarkers in blood: an EWAS in multi-ethnic Asian individuals,https://clinicalepigeneticsjournal.biomedcentral.com/articles/10.1186/s13148-021-01162-x,2021,True,True,True,False,True,False
Guidelines for pre-analytical conditions for assessing the methylation of circulating cell-free DNA,https://clinicalepigeneticsjournal.biomedcentral.com/articles/10.1186/s13148-021-01182-7,2021,True,False,False,False,False,False
SETD2-mediated epigenetic regulation of noncanonical Wnt5A during osteoclastogenesis,https://clinicalepigeneticsjournal.biomedcentral.com/articles/10.1186/s13148-021-01125-2,2021,True,True,False,False,False,False
High-throughput and affordable genome-wide methylation profiling of circulating cell-free DNA by methylated DNA sequencing (MeD-seq) of LpnPI digested fragments,https://clinicalepigeneticsjournal.biomedcentral.com/articles/10.1186/s13148-021-01177-4,2021,True,True,False,False,False,False
"Epigenetic modelling of former, current and never smokers",https://clinicalepigeneticsjournal.biomedcentral.com/articles/10.1186/s13148-021-01191-6,2021,True,False,False,False,False,False
Validating biomarkers and models for epigenetic inference of alcohol consumption from blood,https://clinicalepigeneticsjournal.biomedcentral.com/articles/10.1186/s13148-021-01186-3,2021,True,True,True,False,True,False
DNA methylation of the ,https://clinicalepigeneticsjournal.biomedcentral.com/articles/10.1186/s13148-021-01184-5,2021,True,True,True,False,False,False
Epigenetic adaptations of the masticatory mucosa to periodontal inflammation,https://clinicalepigeneticsjournal.biomedcentral.com/articles/10.1186/s13148-021-01190-7,2021,True,True,True,False,True,False
Epigenetic age acceleration and cardiovascular outcomes in school-age children: The Generation R Study,https://clinicalepigeneticsjournal.biomedcentral.com/articles/10.1186/s13148-021-01193-4,2021,True,True,False,False,False,False
Ionizing radiations induce shared epigenomic signatures unraveling adaptive mechanisms of cancerous cell lines with or without methionine dependency,https://clinicalepigeneticsjournal.biomedcentral.com/articles/10.1186/s13148-021-01199-y,2021,True,False,False,False,True,False
Epigenetic quantification of circulating immune cells in peripheral blood of triple-negative breast cancer patients,https://clinicalepigeneticsjournal.biomedcentral.com/articles/10.1186/s13148-021-01196-1,2021,True,True,True,False,False,False
Epigenetic modifications in thymic epithelial cells: an evolutionary perspective for thymus atrophy,https://clinicalepigeneticsjournal.biomedcentral.com/articles/10.1186/s13148-021-01197-0,2021,True,False,False,False,False,False
Correction to: Epigenetic targeting of the ACE2 and NRP1 viral receptors limits SARS‑CoV‑2 infectivity,https://clinicalepigeneticsjournal.biomedcentral.com/articles/10.1186/s13148-021-01195-2,2021,True,False,False,False,False,False
"Prenatal metal exposure, cord blood DNA methylation and persistence in childhood: an epigenome-wide association study of 12 metals",https://clinicalepigeneticsjournal.biomedcentral.com/articles/10.1186/s13148-021-01198-z,2021,True,True,True,False,True,False
Decreased mitochondrial D-loop region methylation mediates an increase in mitochondrial DNA copy number in CADASIL,https://clinicalepigeneticsjournal.biomedcentral.com/articles/10.1186/s13148-021-01225-z,2022,True,True,False,False,False,False
Alterations of DNA methylation were associated with the rapid growth of cortisol-producing adrenocortical adenoma during pregnancy,https://clinicalepigeneticsjournal.biomedcentral.com/articles/10.1186/s13148-021-01205-3,2021,True,True,False,False,False,False
Epigenetic biomarkers of ageing are predictive of mortality risk in a longitudinal clinical cohort of individuals diagnosed with oropharyngeal cancer,https://clinicalepigeneticsjournal.biomedcentral.com/articles/10.1186/s13148-021-01220-4,2022,True,True,True,False,False,False
DNA methylation signatures associated with cardiometabolic risk factors in children from India and The Gambia: results from the EMPHASIS study,https://clinicalepigeneticsjournal.biomedcentral.com/articles/10.1186/s13148-021-01213-3,2022,True,True,True,False,True,False
Circulating tumor DNA methylation marker MYO1-G for diagnosis and monitoring of colorectal cancer,https://clinicalepigeneticsjournal.biomedcentral.com/articles/10.1186/s13148-021-01216-0,2021,True,True,False,False,False,False
Therapeutical interference with the epigenetic landscape of germ cell tumors: a comparative drug study and new mechanistical insights,https://clinicalepigeneticsjournal.biomedcentral.com/articles/10.1186/s13148-021-01223-1,2022,True,False,True,False,False,False
Immune profiles and DNA methylation alterations related with non-muscle-invasive bladder cancer outcomes,https://clinicalepigeneticsjournal.biomedcentral.com/articles/10.1186/s13148-022-01234-6,2022,True,False,True,False,False,False
Association of prenatal alcohol exposure with offspring DNA methylation in mammals: a systematic review of the evidence,https://clinicalepigeneticsjournal.biomedcentral.com/articles/10.1186/s13148-022-01231-9,2022,True,True,True,False,False,False
Leptin promoter methylation in female patients with painful multisomatoform disorder and chronic widespread pain,https://clinicalepigeneticsjournal.biomedcentral.com/articles/10.1186/s13148-022-01235-5,2022,True,True,True,False,False,False
A deep learning model for early risk prediction of heart failure with preserved ejection fraction by DNA methylation profiles combined with clinical features,https://clinicalepigeneticsjournal.biomedcentral.com/articles/10.1186/s13148-022-01232-8,2022,True,True,False,False,True,False
Bladder cancer detection in urine using DNA methylation markers: a technical and prospective preclinical validation,https://clinicalepigeneticsjournal.biomedcentral.com/articles/10.1186/s13148-022-01240-8,2022,True,False,True,False,True,False
Epigenetics of single-site and multi-site atherosclerosis in African Americans from the Genetic Epidemiology Network of Arteriopathy (GENOA),https://clinicalepigeneticsjournal.biomedcentral.com/articles/10.1186/s13148-022-01229-3,2022,True,True,True,False,True,False
Gender-affirming hormone therapy induces specific DNA methylation changes in blood,https://clinicalepigeneticsjournal.biomedcentral.com/articles/10.1186/s13148-022-01236-4,2022,True,True,True,False,False,False
Novel epigenetic network biomarkers for early detection of esophageal cancer,https://clinicalepigeneticsjournal.biomedcentral.com/articles/10.1186/s13148-022-01243-5,2022,True,True,True,False,False,False
Plasma lipid profiles in early adulthood are associated with epigenetic aging in the Coronary Artery Risk Development in Young Adults (CARDIA) Study,https://clinicalepigeneticsjournal.biomedcentral.com/articles/10.1186/s13148-021-01222-2,2022,True,True,False,False,False,False
A novel DNA methylation signature associated with lymph node metastasis status in early gastric cancer,https://clinicalepigeneticsjournal.biomedcentral.com/articles/10.1186/s13148-021-01219-x,2022,True,True,True,False,False,False
The applications of DNA methylation as a biomarker in kidney transplantation: a systematic review,https://clinicalepigeneticsjournal.biomedcentral.com/articles/10.1186/s13148-022-01241-7,2022,True,True,False,False,False,False
Aberrant epigenetic and transcriptional events associated with breast cancer risk,https://clinicalepigeneticsjournal.biomedcentral.com/articles/10.1186/s13148-022-01239-1,2022,True,True,True,False,False,False
A validation study of potential prognostic DNA methylation biomarkers in patients with acute myeloid leukemia using a custom DNA methylation sequencing panel,https://clinicalepigeneticsjournal.biomedcentral.com/articles/10.1186/s13148-022-01242-6,2022,True,False,False,False,False,False
Distinguishing transgender DNA methylation,https://clinicalepigeneticsjournal.biomedcentral.com/articles/10.1186/s13148-022-01238-2,2022,True,False,False,False,False,False
"Liquid biopsy, using a novel DNA methylation signature, distinguishes pancreatic adenocarcinoma from benign pancreatic disease",https://clinicalepigeneticsjournal.biomedcentral.com/articles/10.1186/s13148-022-01246-2,2022,True,True,False,False,False,False
Evidence of accelerated epigenetic aging of breast tissues in patients with breast cancer is driven by CpGs associated with polycomb-related genes,https://clinicalepigeneticsjournal.biomedcentral.com/articles/10.1186/s13148-022-01249-z,2022,True,False,False,False,False,False
Atheroprotective mechanism by which folic acid regulates monocyte subsets and function through DNA methylation,https://clinicalepigeneticsjournal.biomedcentral.com/articles/10.1186/s13148-022-01248-0,2022,True,False,False,False,False,False
Technical considerations in PCR-based assay design for diagnostic DNA methylation cancer biomarkers,https://clinicalepigeneticsjournal.biomedcentral.com/articles/10.1186/s13148-022-01273-z,2022,True,False,False,False,False,False
"DNA methylation regulates TIGIT expression within the melanoma microenvironment, is prognostic for overall survival, and predicts progression-free survival in patients treated with anti-PD-1 immunotherapy",https://clinicalepigeneticsjournal.biomedcentral.com/articles/10.1186/s13148-022-01270-2,2022,True,True,False,False,True,False
Maternal iron status in early pregnancy and DNA methylation in offspring: an epigenome-wide meta-analysis,https://clinicalepigeneticsjournal.biomedcentral.com/articles/10.1186/s13148-022-01276-w,2022,True,True,True,False,True,False
Effects of stressful life-events on DNA methylation in panic disorder and major depressive disorder,https://clinicalepigeneticsjournal.biomedcentral.com/articles/10.1186/s13148-022-01274-y,2022,True,True,True,False,False,False
The mediating effect of DNA methylation in the association between maternal sleep during pregnancy and offspring adiposity status: a prospective cohort study,https://clinicalepigeneticsjournal.biomedcentral.com/articles/10.1186/s13148-022-01284-w,2022,True,True,True,False,False,False
DNA methylation analysis of tumor suppressor genes in liquid biopsy components of early stage NSCLC: a promising tool for early detection,https://clinicalepigeneticsjournal.biomedcentral.com/articles/10.1186/s13148-022-01283-x,2022,True,True,False,False,False,False
Genome-wide promoter methylation profiling in a cellular model of melanoma progression reveals markers of malignancy and metastasis that predict melanoma survival,https://clinicalepigeneticsjournal.biomedcentral.com/articles/10.1186/s13148-022-01291-x,2022,True,True,True,True,False,False
Characterising sex differences of autosomal DNA methylation in whole blood using the Illumina EPIC array,https://clinicalepigeneticsjournal.biomedcentral.com/articles/10.1186/s13148-022-01279-7,2022,True,True,True,False,False,False
"Folic acid intervention during pregnancy alters DNA methylation, affecting neural target genes through two distinct mechanisms",https://clinicalepigeneticsjournal.biomedcentral.com/articles/10.1186/s13148-022-01282-y,2022,True,True,True,False,False,False
DNA methylation and expression profiles of placenta and umbilical cord blood reveal the characteristics of gestational diabetes mellitus patients and offspring,https://clinicalepigeneticsjournal.biomedcentral.com/articles/10.1186/s13148-022-01289-5,2022,True,True,True,False,False,False
"Lifetime exposure to smoking, epigenetic aging, and morbidity and mortality in older adults",https://clinicalepigeneticsjournal.biomedcentral.com/articles/10.1186/s13148-022-01286-8,2022,True,False,False,False,False,False
An epigenome-wide study of DNA methylation profiles and lung function among American Indians in the Strong Heart Study,https://clinicalepigeneticsjournal.biomedcentral.com/articles/10.1186/s13148-022-01294-8,2022,True,True,True,False,True,False
Cross talk between acetylation and methylation regulators reveals histone modifier expression patterns posing prognostic and therapeutic implications on patients with colon cancer,https://clinicalepigeneticsjournal.biomedcentral.com/articles/10.1186/s13148-022-01290-y,2022,True,True,True,False,False,False
Cardiovascular health and four epigenetic clocks,https://clinicalepigeneticsjournal.biomedcentral.com/articles/10.1186/s13148-022-01295-7,2022,True,True,False,False,False,False
Targeted genetic and epigenetic profiling of esophageal adenocarcinomas and non-dysplastic Barrett’s esophagus,https://clinicalepigeneticsjournal.biomedcentral.com/articles/10.1186/s13148-022-01287-7,2022,True,True,True,False,False,False
Evaluation of short-term epigenetic age fluctuation,https://clinicalepigeneticsjournal.biomedcentral.com/articles/10.1186/s13148-022-01293-9,2022,True,True,False,False,True,False
"Maternal epigenetic clocks measured during pregnancy do not predict gestational age at delivery or offspring birth outcomes: a replication study in metropolitan Cebu, Philippines",https://clinicalepigeneticsjournal.biomedcentral.com/articles/10.1186/s13148-022-01296-6,2022,True,True,True,False,True,False
Low reliability of DNA methylation across Illumina Infinium platforms in cord blood: implications for replication studies and meta-analyses of prenatal exposures,https://clinicalepigeneticsjournal.biomedcentral.com/articles/10.1186/s13148-022-01299-3,2022,True,False,True,False,False,False
DNA methylation: a potential mediator between air pollution and metabolic syndrome,https://clinicalepigeneticsjournal.biomedcentral.com/articles/10.1186/s13148-022-01301-y,2022,True,False,True,False,True,False
Mitochondrial DNA methylation profiling of the human prefrontal cortex and nucleus accumbens: correlations with aging and drug use,https://clinicalepigeneticsjournal.biomedcentral.com/articles/10.1186/s13148-022-01300-z,2022,True,True,False,False,False,False
Persistent blood DNA methylation changes one year after SARS-CoV-2 infection,https://clinicalepigeneticsjournal.biomedcentral.com/articles/10.1186/s13148-022-01313-8,2022,True,True,True,False,False,False
Discovery and validation of tissue-specific DNA methylation as noninvasive diagnostic markers for colorectal cancer,https://clinicalepigeneticsjournal.biomedcentral.com/articles/10.1186/s13148-022-01312-9,2022,True,True,True,False,False,False
A critical appraisal of clinical epigenetics,https://clinicalepigeneticsjournal.biomedcentral.com/articles/10.1186/s13148-022-01315-6,2022,True,False,False,True,False,False
Identification of influential probe types in epigenetic predictions of human traits: implications for microarray design,https://clinicalepigeneticsjournal.biomedcentral.com/articles/10.1186/s13148-022-01320-9,2022,True,True,True,False,False,True
DNA methylation analysis of normal colon organoids from familial adenomatous polyposis patients reveals novel insight into colon cancer development,https://clinicalepigeneticsjournal.biomedcentral.com/articles/10.1186/s13148-022-01324-5,2022,True,True,True,False,False,False
Integrated single-cell RNA-seq and DNA methylation reveal the effects of air pollution in patients with recurrent spontaneous abortion,https://clinicalepigeneticsjournal.biomedcentral.com/articles/10.1186/s13148-022-01327-2,2022,True,True,False,False,False,False
Researcher perspectives on ethics considerations in epigenetics: an international survey,https://clinicalepigeneticsjournal.biomedcentral.com/articles/10.1186/s13148-022-01322-7,2022,True,False,False,False,False,False
Epigenetic tumor heterogeneity in the era of single-cell profiling with nanopore sequencing,https://clinicalepigeneticsjournal.biomedcentral.com/articles/10.1186/s13148-022-01323-6,2022,True,False,False,False,False,False
 acts as an epigenetic modulator of the p300/YY1 complex to promote HCC progression and therapeutic resistance,https://clinicalepigeneticsjournal.biomedcentral.com/articles/10.1186/s13148-022-01326-3,2022,True,True,False,False,False,False
OXTR DNA methylation differentiates men on the obesity spectrum with and without binge eating disorder,https://clinicalepigeneticsjournal.biomedcentral.com/articles/10.1186/s13148-022-01318-3,2022,True,True,True,False,False,False
BladMetrix: a novel urine DNA methylation test with high accuracy for detection of bladder cancer in hematuria patients,https://clinicalepigeneticsjournal.biomedcentral.com/articles/10.1186/s13148-022-01335-2,2022,True,True,False,False,False,False
Translation of a tissue epigenetic signature to circulating free DNA suggests ,https://clinicalepigeneticsjournal.biomedcentral.com/articles/10.1186/s13148-022-01334-3,2022,True,True,False,False,False,False
Liquid biopsies based on DNA methylation as biomarkers for the detection and prognosis of lung cancer,https://clinicalepigeneticsjournal.biomedcentral.com/articles/10.1186/s13148-022-01337-0,2022,True,False,False,False,False,False
DNA methylation and aeroallergen sensitization: The chicken or the egg?,https://clinicalepigeneticsjournal.biomedcentral.com/articles/10.1186/s13148-022-01332-5,2022,True,True,True,False,False,False
Differential methylation in ,https://clinicalepigeneticsjournal.biomedcentral.com/articles/10.1186/s13148-022-01338-z,2022,True,False,False,False,False,False
A blood DNA methylation biomarker for predicting short-term risk of cardiovascular events,https://clinicalepigeneticsjournal.biomedcentral.com/articles/10.1186/s13148-022-01341-4,2022,True,True,False,False,False,False
Cri du chat syndrome patients have DNA methylation changes in genes linked to symptoms of the disease,https://clinicalepigeneticsjournal.biomedcentral.com/articles/10.1186/s13148-022-01350-3,2022,True,True,True,False,False,False
Fetal exposure to phthalates and bisphenols and DNA methylation at birth: the Generation R Study,https://clinicalepigeneticsjournal.biomedcentral.com/articles/10.1186/s13148-022-01345-0,2022,True,True,False,False,True,False
Altered methylation pattern in EXOC4 is associated with stroke outcome: an epigenome-wide association study,https://clinicalepigeneticsjournal.biomedcentral.com/articles/10.1186/s13148-022-01340-5,2022,True,True,True,False,False,False
Identification of DNA methylation-regulated genes as potential biomarkers for coronary heart disease via machine learning in the Framingham Heart Study,https://clinicalepigeneticsjournal.biomedcentral.com/articles/10.1186/s13148-022-01343-2,2022,True,True,False,True,False,False
Disrupted methylation patterns at birth persist in early childhood: a prospective cohort analysis,https://clinicalepigeneticsjournal.biomedcentral.com/articles/10.1186/s13148-022-01348-x,2022,True,False,False,False,False,False
DNA methylation signatures on vascular differentiation genes are aberrant in vessels of human cerebral arteriovenous malformation nidus,https://clinicalepigeneticsjournal.biomedcentral.com/articles/10.1186/s13148-022-01346-z,2022,True,True,True,False,False,False
Characterisation of ethnic differences in DNA methylation between UK-resident South Asians and Europeans,https://clinicalepigeneticsjournal.biomedcentral.com/articles/10.1186/s13148-022-01351-2,2022,True,True,True,False,False,False
Temporal associations between leukocytes DNA methylation and blood lipids: a longitudinal study,https://clinicalepigeneticsjournal.biomedcentral.com/articles/10.1186/s13148-022-01356-x,2022,True,True,True,False,False,False
Investigating pathological epigenetic aberrations by epi-proteomics,https://clinicalepigeneticsjournal.biomedcentral.com/articles/10.1186/s13148-022-01371-y,2022,True,False,True,False,False,False
Why epigenetics is (not) a biosocial science and why that matters,https://clinicalepigeneticsjournal.biomedcentral.com/articles/10.1186/s13148-022-01366-9,2022,True,False,False,False,False,False
Sarcoma classification by DNA methylation profiling in clinical everyday life: the Charité experience,https://clinicalepigeneticsjournal.biomedcentral.com/articles/10.1186/s13148-022-01365-w,2022,True,False,False,False,False,False
DNA methylation-based detection and prediction of cervical intraepithelial neoplasia grade 3 and invasive cervical cancer with the WID™-qCIN test,https://clinicalepigeneticsjournal.biomedcentral.com/articles/10.1186/s13148-022-01353-0,2022,True,True,False,False,False,False
Gene body methylation in cancer: molecular mechanisms and clinical applications,https://clinicalepigeneticsjournal.biomedcentral.com/articles/10.1186/s13148-022-01382-9,2022,True,False,False,False,False,False
Gestational age acceleration is associated with epigenetic biomarkers of prenatal physiologic stress exposure,https://clinicalepigeneticsjournal.biomedcentral.com/articles/10.1186/s13148-022-01374-9,2022,True,True,False,False,False,False
An examination of mediation by DNA methylation on birthweight differences induced by assisted reproductive technologies,https://clinicalepigeneticsjournal.biomedcentral.com/articles/10.1186/s13148-022-01381-w,2022,True,True,True,False,True,False
Dynamic patterns of blood lipids and DNA methylation in response to statin therapy,https://clinicalepigeneticsjournal.biomedcentral.com/articles/10.1186/s13148-022-01375-8,2022,True,True,True,False,True,False
Identified in blood diet-related methylation changes stratify liver biopsies of NAFLD patients according to fibrosis grade,https://clinicalepigeneticsjournal.biomedcentral.com/articles/10.1186/s13148-022-01377-6,2022,True,True,True,False,True,False
Blood DNA methylation signatures of lifestyle exposures: tobacco and alcohol consumption,https://clinicalepigeneticsjournal.biomedcentral.com/articles/10.1186/s13148-022-01376-7,2022,True,False,False,False,True,False
Incorporation of DNA methylation quantitative trait loci (mQTLs) in epigenome-wide association analysis: application to birthweight effects in neonatal whole blood,https://clinicalepigeneticsjournal.biomedcentral.com/articles/10.1186/s13148-022-01385-6,2022,True,True,True,False,True,False
Predicting disease-free survival in colorectal cancer by circulating tumor DNA methylation markers,https://clinicalepigeneticsjournal.biomedcentral.com/articles/10.1186/s13148-022-01383-8,2022,True,False,False,False,False,False
Longitudinal monitoring of cell-free DNA methylation in ,https://clinicalepigeneticsjournal.biomedcentral.com/articles/10.1186/s13148-022-01387-4,2022,True,True,False,True,False,False
Epigenetic silencing of JAM3 promotes esophageal cancer development by activating Wnt signaling,https://clinicalepigeneticsjournal.biomedcentral.com/articles/10.1186/s13148-022-01388-3,2022,True,True,False,False,False,False
 methylation-mediated gene silencing predicts adverse prognosis in acute myeloid leukemia,https://clinicalepigeneticsjournal.biomedcentral.com/articles/10.1186/s13148-022-01373-w,2022,True,True,True,False,False,False
The association of accelerated epigenetic age with all-cause mortality in cardiac catheterization patients as mediated by vascular and cardiometabolic outcomes,https://clinicalepigeneticsjournal.biomedcentral.com/articles/10.1186/s13148-022-01380-x,2022,True,True,False,False,False,False
Defining post-acute COVID-19 syndrome (PACS) by an epigenetic biosignature in peripheral blood mononuclear cells,https://clinicalepigeneticsjournal.biomedcentral.com/articles/10.1186/s13148-022-01398-1,2022,True,True,True,False,False,False
The emerging role of epigenetic regulation in the progression of silicosis,https://clinicalepigeneticsjournal.biomedcentral.com/articles/10.1186/s13148-022-01391-8,2022,True,False,False,False,False,False
Quantification of DNA methylation for carcinogenic risk estimation in patients with non-alcoholic steatohepatitis,https://clinicalepigeneticsjournal.biomedcentral.com/articles/10.1186/s13148-022-01379-4,2022,True,False,False,False,True,False
Methylation of the serotonin reuptake transporter gene and non-motor symptoms in dystonia patients,https://clinicalepigeneticsjournal.biomedcentral.com/articles/10.1186/s13148-022-01384-7,2022,True,True,False,False,False,False
"Comparative analysis of the DNA methylation landscape in CD4, CD8, and B memory lineages",https://clinicalepigeneticsjournal.biomedcentral.com/articles/10.1186/s13148-022-01399-0,2022,True,True,True,False,False,False
Epigenetics of type 2 diabetes and diabetes-related outcomes in the Strong Heart Study,https://clinicalepigeneticsjournal.biomedcentral.com/articles/10.1186/s13148-022-01392-7,2022,True,True,True,False,False,False
The spectrum of tuberculosis described as differential DNA methylation patterns in alveolar macrophages and alveolar T cells,https://clinicalepigeneticsjournal.biomedcentral.com/articles/10.1186/s13148-022-01390-9,2022,True,False,True,True,False,False
Bariatric surgery-induced weight loss and associated genome-wide DNA-methylation alterations in obese individuals,https://clinicalepigeneticsjournal.biomedcentral.com/articles/10.1186/s13148-022-01401-9,2022,True,True,True,False,True,False
THOR is a targetable epigenetic biomarker with clinical implications in breast cancer,https://clinicalepigeneticsjournal.biomedcentral.com/articles/10.1186/s13148-022-01396-3,2022,True,True,False,False,False,False
DNA methylation patterns associated with konzo in Sub-Saharan Africa,https://clinicalepigeneticsjournal.biomedcentral.com/articles/10.1186/s13148-022-01372-x,2022,True,True,True,False,False,False
Tumor mutation burden involving epigenetic regulatory genes and the ,https://clinicalepigeneticsjournal.biomedcentral.com/articles/10.1186/s13148-022-01395-4,2022,True,True,False,False,False,False
"Genetic, DNA methylation, and immune profile discrepancies between early-stage single primary lung cancer and synchronous multiple primary lung cancer",https://clinicalepigeneticsjournal.biomedcentral.com/articles/10.1186/s13148-023-01422-y,2023,True,True,True,False,False,False
"Genome-wide assessment of DNA methylation alterations induced by superovulation, sexual immaturity and in vitro follicle growth in mouse blastocysts",https://clinicalepigeneticsjournal.biomedcentral.com/articles/10.1186/s13148-023-01421-z,2023,True,True,True,False,False,False
Long-term impact of paediatric critical illness on the difference between epigenetic and chronological age in relation to physical growth,https://clinicalepigeneticsjournal.biomedcentral.com/articles/10.1186/s13148-023-01424-w,2023,True,True,False,False,False,False
Epigenetic dysregulation-mediated COL12A1 upregulation predicts worse outcome in intrahepatic cholangiocarcinoma patients,https://clinicalepigeneticsjournal.biomedcentral.com/articles/10.1186/s13148-022-01413-5,2023,True,True,False,False,True,False
Epigenetic aging in patients diagnosed with coronary artery disease: results of the LipidCardio study,https://clinicalepigeneticsjournal.biomedcentral.com/articles/10.1186/s13148-023-01434-8,2023,True,True,False,False,False,False
Parity is associated with long-term differences in DNA methylation at genes related to neural plasticity in multiple sclerosis,https://clinicalepigeneticsjournal.biomedcentral.com/articles/10.1186/s13148-023-01438-4,2023,True,True,True,False,False,False
The prognostic value and immune correlation of IL18 expression and promoter methylation in renal cell carcinoma,https://clinicalepigeneticsjournal.biomedcentral.com/articles/10.1186/s13148-023-01426-8,2023,True,True,False,False,False,False
Early diagnosis of ovarian cancer based on methylation profiles in peripheral blood cell-free DNA: a systematic review,https://clinicalepigeneticsjournal.biomedcentral.com/articles/10.1186/s13148-023-01440-w,2023,True,False,False,False,False,False
Distinct genome-wide DNA methylation and gene expression signatures in classical monocytes from African American patients with systemic sclerosis,https://clinicalepigeneticsjournal.biomedcentral.com/articles/10.1186/s13148-023-01445-5,2023,True,True,True,False,False,False
Liver saturated fat content associates with hepatic DNA methylation in obese individuals,https://clinicalepigeneticsjournal.biomedcentral.com/articles/10.1186/s13148-023-01431-x,2023,True,True,True,False,True,False
Novel DNA methylation biomarkers in stool and blood for early detection of colorectal cancer and precancerous lesions,https://clinicalepigeneticsjournal.biomedcentral.com/articles/10.1186/s13148-023-01443-7,2023,True,True,False,False,False,False
DNA methylation in peripheral blood leukocytes for the association with glucose metabolism and invasive breast cancer,https://clinicalepigeneticsjournal.biomedcentral.com/articles/10.1186/s13148-023-01435-7,2023,True,True,False,False,True,False
Investigating the effects of maltreatment and acute stress on the concordance of blood and DNA methylation methods of estimating immune cell proportions,https://clinicalepigeneticsjournal.biomedcentral.com/articles/10.1186/s13148-023-01437-5,2023,True,True,False,False,False,False
Regulatory networks driving expression of genes critical for glioblastoma are controlled by the transcription factor c-Jun and the pre-existing epigenetic modifications,https://clinicalepigeneticsjournal.biomedcentral.com/articles/10.1186/s13148-023-01446-4,2023,True,True,True,True,False,False
DNA methylation as a potential mediator of the association between indoor air pollution and neurodevelopmental delay in a South African birth cohort,https://clinicalepigeneticsjournal.biomedcentral.com/articles/10.1186/s13148-023-01444-6,2023,True,True,True,True,True,False
Phospholipase C delta 1 inhibits WNT/β‐catenin and EGFR-FAK-ERK signaling and is disrupted by promoter CpG methylation in renal cell carcinoma,https://clinicalepigeneticsjournal.biomedcentral.com/articles/10.1186/s13148-023-01448-2,2023,True,True,False,False,False,False
Distinct DNA methylation signatures associated with blood lipids as exposures or outcomes among survivors of childhood cancer: a report from the St. Jude lifetime cohort,https://clinicalepigeneticsjournal.biomedcentral.com/articles/10.1186/s13148-023-01447-3,2023,True,True,True,False,False,False
DNA methylation and cardiovascular disease in humans: a systematic review and database of known CpG methylation sites,https://clinicalepigeneticsjournal.biomedcentral.com/articles/10.1186/s13148-023-01468-y,2023,True,True,True,False,False,False
Impact of intrauterine exposure to maternal diabetes on preterm birth: fetal DNA methylation alteration is an important mediator,https://clinicalepigeneticsjournal.biomedcentral.com/articles/10.1186/s13148-023-01473-1,2023,True,True,True,False,False,False
DNA methylation age at birth and childhood: performance of epigenetic clocks and characteristics associated with epigenetic age acceleration in the Project Viva cohort,https://clinicalepigeneticsjournal.biomedcentral.com/articles/10.1186/s13148-023-01480-2,2023,True,True,True,False,False,False
Selenite as a dual apoptotic and ferroptotic agent synergizes with EGFR and KRAS inhibitors with epigenetic interference,https://clinicalepigeneticsjournal.biomedcentral.com/articles/10.1186/s13148-023-01454-4,2023,True,True,True,False,False,False
Epigenome-wide association study in Chinese monozygotic twins identifies DNA methylation loci associated with blood pressure,https://clinicalepigeneticsjournal.biomedcentral.com/articles/10.1186/s13148-023-01457-1,2023,True,True,True,False,False,False
Sperm DNA methylation is predominantly stable in mice offspring born after transplantation of long-term cultured spermatogonial stem cells,https://clinicalepigeneticsjournal.biomedcentral.com/articles/10.1186/s13148-023-01469-x,2023,True,True,False,False,False,False
Effects of epigenetic age acceleration on kidney function: a Mendelian randomization study,https://clinicalepigeneticsjournal.biomedcentral.com/articles/10.1186/s13148-023-01476-y,2023,True,False,True,False,False,False
Assessment of immune cell profiles among post-menopausal women in the Women’s Health Initiative using DNA methylation-based methods,https://clinicalepigeneticsjournal.biomedcentral.com/articles/10.1186/s13148-023-01488-8,2023,True,True,False,False,False,False
"ADHD genetic burden associates with older epigenetic age: mediating roles of education, behavioral and sociodemographic factors among older adults",https://clinicalepigeneticsjournal.biomedcentral.com/articles/10.1186/s13148-023-01484-y,2023,True,True,False,False,False,False
Epigenetic reactivation of tumor suppressor genes with CRISPRa technologies as precision therapy for hepatocellular carcinoma,https://clinicalepigeneticsjournal.biomedcentral.com/articles/10.1186/s13148-023-01482-0,2023,True,True,True,False,False,False
An epigenome-wide analysis of socioeconomic position and tumor DNA methylation in breast cancer patients,https://clinicalepigeneticsjournal.biomedcentral.com/articles/10.1186/s13148-023-01470-4,2023,True,True,True,False,True,False
Extensive intratumor regional epigenetic heterogeneity in clear cell renal cell carcinoma targets kidney enhancers and is associated with poor outcome,https://clinicalepigeneticsjournal.biomedcentral.com/articles/10.1186/s13148-023-01471-3,2023,True,True,False,False,False,False
Associations of socioeconomic disparities with buccal DNA-methylation measures of biological aging,https://clinicalepigeneticsjournal.biomedcentral.com/articles/10.1186/s13148-023-01489-7,2023,True,True,False,False,False,False
Epigenetic priming improves salvage chemotherapy in diffuse large B-cell lymphoma via endogenous retrovirus-induced cGAS-STING activation,https://clinicalepigeneticsjournal.biomedcentral.com/articles/10.1186/s13148-023-01493-x,2023,True,True,True,False,False,False
A study of using epigenetic modulators to enhance response to pembrolizumab (MK-3475) in microsatellite stable advanced colorectal cancer,https://clinicalepigeneticsjournal.biomedcentral.com/articles/10.1186/s13148-023-01485-x,2023,True,True,False,False,False,False
E3 ubiquitin ligase RNF180 prevents excessive PCDH10 methylation to suppress the proliferation and metastasis of gastric cancer cells by promoting ubiquitination of DNMT1,https://clinicalepigeneticsjournal.biomedcentral.com/articles/10.1186/s13148-023-01492-y,2023,True,True,False,False,False,False
The impact of epigenetic landscape on ovarian cells in infertile older women undergoing IVF procedures,https://clinicalepigeneticsjournal.biomedcentral.com/articles/10.1186/s13148-023-01490-0,2023,True,False,False,False,False,False
SOCS1 methylation level is associated with prognosis in patients with acute-on-chronic hepatitis B liver failure,https://clinicalepigeneticsjournal.biomedcentral.com/articles/10.1186/s13148-023-01495-9,2023,True,True,False,False,False,False
Time to relapse in chronic lymphocytic leukemia and DNA-methylation-based biological age,https://clinicalepigeneticsjournal.biomedcentral.com/articles/10.1186/s13148-023-01496-8,2023,True,True,True,False,False,False
Traffic-related air pollution and supplemental folic acid intake in relation to DNA methylation in granulosa cells,https://clinicalepigeneticsjournal.biomedcentral.com/articles/10.1186/s13148-023-01503-y,2023,True,True,True,False,True,False
Epigenetic effects of herbal medicine,https://clinicalepigeneticsjournal.biomedcentral.com/articles/10.1186/s13148-023-01481-1,2023,True,False,False,False,False,False
The role of angiotensin I-converting enzyme gene polymorphism and global DNA methylation in the negative associations between urine di-(2-ethylhexyl) phthalate metabolites and serum adiponectin in a young Taiwanese population,https://clinicalepigeneticsjournal.biomedcentral.com/articles/10.1186/s13148-023-01502-z,2023,True,True,False,False,False,False
Quantification of hematopoietic stem and progenitor cells by targeted DNA methylation analysis,https://clinicalepigeneticsjournal.biomedcentral.com/articles/10.1186/s13148-023-01521-w,2023,True,False,False,False,False,False
Identification of a methylation panel as an alternative triage to detect CIN3+ in hrHPV-positive self-samples from the population-based cervical cancer screening programme,https://clinicalepigeneticsjournal.biomedcentral.com/articles/10.1186/s13148-023-01517-6,2023,True,False,False,False,False,False
Stability selection enhances feature selection and enables accurate prediction of gestational age using only five DNA methylation sites,https://clinicalepigeneticsjournal.biomedcentral.com/articles/10.1186/s13148-023-01528-3,2023,True,True,True,False,False,False
DNA methylation is differentially associated with glycemic outcomes by different types of weight-loss interventions: an epigenome-wide association study,https://clinicalepigeneticsjournal.biomedcentral.com/articles/10.1186/s13148-023-01522-9,2023,True,True,True,False,False,False
Prenatal delta-9-tetrahydrocannabinol exposure is associated with changes in rhesus macaque DNA methylation enriched for autism genes,https://clinicalepigeneticsjournal.biomedcentral.com/articles/10.1186/s13148-023-01519-4,2023,True,True,True,False,True,False
Epigenetic marks associated with gestational diabetes mellitus across two time points during pregnancy,https://clinicalepigeneticsjournal.biomedcentral.com/articles/10.1186/s13148-023-01523-8,2023,True,True,True,False,False,False
 DNA methylation is associated with CTLA-4 expression and predicts response to immunotherapy in head and neck squamous cell carcinoma,https://clinicalepigeneticsjournal.biomedcentral.com/articles/10.1186/s13148-023-01525-6,2023,True,False,False,False,False,False
"Epigenome-wide methylation analysis of colorectal carcinoma, adenoma and normal tissue reveals novel biomarkers addressing unmet clinical needs",https://clinicalepigeneticsjournal.biomedcentral.com/articles/10.1186/s13148-023-01516-7,2023,True,False,True,False,False,False
Genome-wide discovery of circulating cell-free DNA methylation biomarkers for colorectal cancer detection,https://clinicalepigeneticsjournal.biomedcentral.com/articles/10.1186/s13148-023-01518-5,2023,True,True,True,False,False,False
Correction: Quantification of hematopoietic stem and progenitor cells by targeted DNA methylation analysis,https://clinicalepigeneticsjournal.biomedcentral.com/articles/10.1186/s13148-023-01532-7,2023,True,False,False,False,False,False
Abnormal DNA methylation within genes of the steroidogenesis pathway two years after paediatric critical illness and association with stunted growth in height further in time,https://clinicalepigeneticsjournal.biomedcentral.com/articles/10.1186/s13148-023-01530-9,2023,True,True,True,False,False,False
DNA methylation and 28-year cardiovascular disease risk in type 1 diabetes: the Epidemiology of Diabetes Complications (EDC) cohort study,https://clinicalepigeneticsjournal.biomedcentral.com/articles/10.1186/s13148-023-01539-0,2023,True,True,True,False,False,False
DNA methylation as a triage marker for colposcopy referral in HPV-based cervical cancer screening: a systematic review and meta-analysis,https://clinicalepigeneticsjournal.biomedcentral.com/articles/10.1186/s13148-023-01537-2,2023,True,False,False,False,False,False
CRISPR/dCAS9-mediated DNA demethylation screen identifies functional epigenetic determinants of colorectal cancer,https://clinicalepigeneticsjournal.biomedcentral.com/articles/10.1186/s13148-023-01546-1,2023,True,True,True,False,False,False
Introduction of a multiplex amplicon sequencing assay to quantify DNA methylation in target cytosine markers underlying four selected epigenetic clocks,https://clinicalepigeneticsjournal.biomedcentral.com/articles/10.1186/s13148-023-01545-2,2023,True,True,False,False,False,False
Objective and subjective measures of sleep initiation are differentially associated with DNA methylation in adolescents,https://clinicalepigeneticsjournal.biomedcentral.com/articles/10.1186/s13148-023-01553-2,2023,True,True,True,False,False,False
The inactive X chromosome accumulates widespread epigenetic variability with age,https://clinicalepigeneticsjournal.biomedcentral.com/articles/10.1186/s13148-023-01549-y,2023,True,True,True,False,True,False
Epigenomic response to albuterol treatment in asthma-relevant airway epithelial cells,https://clinicalepigeneticsjournal.biomedcentral.com/articles/10.1186/s13148-023-01571-0,2023,True,True,True,False,False,False
"Accelerated epigenetic age, inflammation, and gene expression in lung: comparisons of smokers and vapers with non-smokers",https://clinicalepigeneticsjournal.biomedcentral.com/articles/10.1186/s13148-023-01577-8,2023,True,True,True,False,False,False
Associations between nutrients in one-carbon metabolism and fetal DNA methylation in pregnancies with or without gestational diabetes mellitus,https://clinicalepigeneticsjournal.biomedcentral.com/articles/10.1186/s13148-023-01554-1,2023,True,True,False,False,False,False
Serum methylation of ,https://clinicalepigeneticsjournal.biomedcentral.com/articles/10.1186/s13148-023-01570-1,2023,True,True,True,True,False,False
Single-cell sequencing technology applied to epigenetics for the study of tumor heterogeneity,https://clinicalepigeneticsjournal.biomedcentral.com/articles/10.1186/s13148-023-01574-x,2023,True,False,False,False,False,False
Effects of iron homeostasis on epigenetic age acceleration: a two-sample Mendelian randomization study,https://clinicalepigeneticsjournal.biomedcentral.com/articles/10.1186/s13148-023-01575-w,2023,True,True,False,False,False,False
Maternal adverse childhood experiences (ACEs) and DNA methylation of newborns in cord blood,https://clinicalepigeneticsjournal.biomedcentral.com/articles/10.1186/s13148-023-01581-y,2023,True,True,True,False,False,False
Accelerated DNA methylation age plays a role in the impact of cardiovascular risk factors on the human heart,https://clinicalepigeneticsjournal.biomedcentral.com/articles/10.1186/s13148-023-01576-9,2023,True,True,False,False,False,True
An epigenetic hypothesis for ovarian cancer prevention by oral contraceptive pill use,https://clinicalepigeneticsjournal.biomedcentral.com/articles/10.1186/s13148-023-01584-9,2023,True,False,False,False,False,False
Predictive value of DNA methylation patterns in AML patients treated with an azacytidine containing induction regimen,https://clinicalepigeneticsjournal.biomedcentral.com/articles/10.1186/s13148-023-01580-z,2023,True,True,True,False,False,False
Peripheral blood DNA methylation and neuroanatomical responses to HDACi treatment that rescues neurological deficits in a Kabuki syndrome mouse model,https://clinicalepigeneticsjournal.biomedcentral.com/articles/10.1186/s13148-023-01582-x,2023,True,True,True,False,False,False
Multi-tissue epigenetic analysis identifies distinct associations underlying insulin resistance and Alzheimer’s disease at ,https://clinicalepigeneticsjournal.biomedcentral.com/articles/10.1186/s13148-023-01589-4,2023,True,True,True,False,True,False
N6-methyladenosine methylation in kidney injury,https://clinicalepigeneticsjournal.biomedcentral.com/articles/10.1186/s13148-023-01586-7,2023,True,False,False,False,False,False
Unlocking the secrets: the power of methylation-based cfDNA detection of tissue damage in organ systems,https://clinicalepigeneticsjournal.biomedcentral.com/articles/10.1186/s13148-023-01585-8,2023,True,False,False,False,True,False
Epigenetics insights from perceived facial aging,https://clinicalepigeneticsjournal.biomedcentral.com/articles/10.1186/s13148-023-01590-x,2023,True,False,False,False,False,False
DNA methylation sites in early adulthood characterised by pubertal timing and development: a twin study,https://clinicalepigeneticsjournal.biomedcentral.com/articles/10.1186/s13148-023-01594-7,2023,True,True,False,True,True,False
A 2-decade bibliometric analysis of epigenetics of cardiovascular disease: from past to present,https://clinicalepigeneticsjournal.biomedcentral.com/articles/10.1186/s13148-023-01603-9,2023,True,True,False,False,False,False
Epigenetic age acceleration in surviving versus deceased COVID-19 patients with acute respiratory distress syndrome following hospitalization,https://clinicalepigeneticsjournal.biomedcentral.com/articles/10.1186/s13148-023-01597-4,2023,True,True,False,False,False,False
Epigenetics of prenatal stress in humans: the current research landscape,https://clinicalepigeneticsjournal.biomedcentral.com/articles/10.1186/s13148-024-01635-9,2024,True,False,False,False,False,False
MethScore as a new comprehensive DNA methylation-based value refining the prognosis in acute myeloid leukemia,https://clinicalepigeneticsjournal.biomedcentral.com/articles/10.1186/s13148-024-01625-x,2024,True,True,False,False,False,False
YAP represses intestinal inflammation through epigenetic silencing of JMJD3,https://clinicalepigeneticsjournal.biomedcentral.com/articles/10.1186/s13148-024-01626-w,2024,True,True,True,False,False,False
Identification of DNA methylation biomarkers for evaluating cardiovascular disease risk from epigenome profiles altered by low-dose ionizing radiation,https://clinicalepigeneticsjournal.biomedcentral.com/articles/10.1186/s13148-024-01630-0,2024,True,True,False,False,False,False
Integrative analysis identifies gene signatures mediating the effect of DNA methylation on asthma severity and lung function,https://clinicalepigeneticsjournal.biomedcentral.com/articles/10.1186/s13148-023-01611-9,2024,True,True,True,False,False,False
The interaction between DNA methylation and tumor immune microenvironment: from the laboratory to clinical applications,https://clinicalepigeneticsjournal.biomedcentral.com/articles/10.1186/s13148-024-01633-x,2024,True,False,False,False,False,False
Epigenetic aging in older people living with HIV in Eswatini: a pilot study of HIV and lifestyle factors and epigenetic aging,https://clinicalepigeneticsjournal.biomedcentral.com/articles/10.1186/s13148-024-01629-7,2024,True,True,False,False,False,False
Self-control is associated with health-relevant disparities in buccal DNA-methylation measures of biological aging in older adults,https://clinicalepigeneticsjournal.biomedcentral.com/articles/10.1186/s13148-024-01637-7,2024,True,False,True,False,False,False
Increased CpG methylation at the ,https://clinicalepigeneticsjournal.biomedcentral.com/articles/10.1186/s13148-024-01631-z,2024,True,True,False,False,False,False
Epigenetic regulation and factors that influence the effect of iPSCs-derived neural stem/progenitor cells (NS/PCs) in the treatment of spinal cord injury,https://clinicalepigeneticsjournal.biomedcentral.com/articles/10.1186/s13148-024-01639-5,2024,True,False,False,False,False,False
Kidney-specific methylation patterns correlate with kidney function and are lost upon kidney disease progression,https://clinicalepigeneticsjournal.biomedcentral.com/articles/10.1186/s13148-024-01642-w,2024,True,True,False,False,True,False
Tissue of origin prediction for cancer of unknown primary using a targeted methylation sequencing panel,https://clinicalepigeneticsjournal.biomedcentral.com/articles/10.1186/s13148-024-01638-6,2024,True,True,False,False,False,False
Abnormal DNA methylation within HPA-axis genes years after paediatric critical illness,https://clinicalepigeneticsjournal.biomedcentral.com/articles/10.1186/s13148-024-01640-y,2024,True,True,True,False,False,False
Improvements in lung function following vitamin C supplementation to pregnant smokers are associated with buccal DNA methylation at 5 years of age,https://clinicalepigeneticsjournal.biomedcentral.com/articles/10.1186/s13148-024-01644-8,2024,True,True,True,True,True,False
Prediction of methylation status using WGS data of plasma cfDNA for multi-cancer early detection (MCED),https://clinicalepigeneticsjournal.biomedcentral.com/articles/10.1186/s13148-024-01646-6,2024,True,False,False,False,False,False
Cell-free DNA methylation reveals cell-specific tissue injury and correlates with disease severity and patient outcomes in COVID-19,https://clinicalepigeneticsjournal.biomedcentral.com/articles/10.1186/s13148-024-01645-7,2024,True,True,False,False,False,False
DNA methylation and type 2 diabetes: a systematic review,https://clinicalepigeneticsjournal.biomedcentral.com/articles/10.1186/s13148-024-01670-6,2024,True,False,True,False,False,False
DNA methylation may partly explain psychotropic drug-induced metabolic side effects: results from a prospective 1-month observational study,https://clinicalepigeneticsjournal.biomedcentral.com/articles/10.1186/s13148-024-01648-4,2024,True,True,True,False,True,False
DNA methylation signatures of youth-onset type 2 diabetes and exposure to maternal diabetes,https://clinicalepigeneticsjournal.biomedcentral.com/articles/10.1186/s13148-024-01675-1,2024,True,True,True,False,False,False
Machine learning unveils an immune-related DNA methylation profile in germline DNA from breast cancer patients,https://clinicalepigeneticsjournal.biomedcentral.com/articles/10.1186/s13148-024-01674-2,2024,True,True,True,False,False,True
Longitudinal analysis of epigenome-wide DNA methylation reveals novel loci associated with BMI change in East Asians,https://clinicalepigeneticsjournal.biomedcentral.com/articles/10.1186/s13148-024-01679-x,2024,True,True,False,False,False,False
No association between peripheral serotonin-gene-related DNA methylation and brain serotonin neurotransmission in the healthy and depressed state,https://clinicalepigeneticsjournal.biomedcentral.com/articles/10.1186/s13148-024-01678-y,2024,True,True,True,False,True,False
Consistent cord blood DNA methylation signatures of gestational age between South Asian and white European cohorts,https://clinicalepigeneticsjournal.biomedcentral.com/articles/10.1186/s13148-024-01684-0,2024,True,True,True,False,False,False
Fetal hemoglobin induction in azacytidine responders enlightens methylation patterns related to blast clearance in higher-risk MDS and CMML,https://clinicalepigeneticsjournal.biomedcentral.com/articles/10.1186/s13148-024-01687-x,2024,True,True,True,False,False,False
PAX1 methylation as a robust predictor: developing and validating a nomogram for assessing endocervical curettage (ECC) necessity in human papillomavirus16/18-positive women undergoing colposcopy,https://clinicalepigeneticsjournal.biomedcentral.com/articles/10.1186/s13148-024-01691-1,2024,True,True,False,False,False,False
DNA methylation and stroke prognosis: an epigenome-wide association study,https://clinicalepigeneticsjournal.biomedcentral.com/articles/10.1186/s13148-024-01690-2,2024,True,True,True,False,True,False
DNA methylation in peripheral blood is associated with renal aging and renal function decline: a national community study,https://clinicalepigeneticsjournal.biomedcentral.com/articles/10.1186/s13148-024-01694-y,2024,True,True,False,False,False,False
Epigenetic regulation of major histocompatibility complexes in gastrointestinal malignancies and the potential for clinical interception,https://clinicalepigeneticsjournal.biomedcentral.com/articles/10.1186/s13148-024-01698-8,2024,True,False,False,False,False,False
Epigenetic scores derived in saliva are associated with gestational age at birth,https://clinicalepigeneticsjournal.biomedcentral.com/articles/10.1186/s13148-024-01701-2,2024,True,True,True,False,True,False
"Respiratory infection- and asthma-prone, low vaccine responder children demonstrate distinct mononuclear cell DNA methylation pathways",https://clinicalepigeneticsjournal.biomedcentral.com/articles/10.1186/s13148-024-01703-0,2024,True,True,True,False,False,False
Diagnosis of pediatric central nervous system tumors using methylation profiling of cfDNA from cerebrospinal fluid,https://clinicalepigeneticsjournal.biomedcentral.com/articles/10.1186/s13148-024-01696-w,2024,True,False,False,False,False,False
A systematic review on the contribution of DNA methylation to hearing loss,https://clinicalepigeneticsjournal.biomedcentral.com/articles/10.1186/s13148-024-01697-9,2024,True,False,False,False,False,False
Effects of improved on-farm crop storage on DNA methylation of  mothers and their infants: evidence from a randomized controlled trial in Kenya,https://clinicalepigeneticsjournal.biomedcentral.com/articles/10.1186/s13148-024-01693-z,2024,True,True,True,False,False,False
DNA methylation profile of inflammatory breast cancer and its impact on prognosis and outcome,https://clinicalepigeneticsjournal.biomedcentral.com/articles/10.1186/s13148-024-01695-x,2024,True,True,True,False,False,False
"Epigenetic patterns, accelerated biological aging, and enhanced epigenetic drift detected 6 months following COVID-19 infection: insights from a genome-wide DNA methylation study",https://clinicalepigeneticsjournal.biomedcentral.com/articles/10.1186/s13148-024-01724-9,2024,True,True,True,False,True,False
Exposure-associated DNA methylation among people exposed to multiple industrial pollutants,https://clinicalepigeneticsjournal.biomedcentral.com/articles/10.1186/s13148-024-01705-y,2024,True,True,False,False,False,False
Gestational DNA methylation age as a marker for fetal development and birth outcomes: findings from the Boston Birth Cohort,https://clinicalepigeneticsjournal.biomedcentral.com/articles/10.1186/s13148-024-01714-x,2024,True,True,True,False,False,False
Differential white blood cell count and epigenetic clocks: a bidirectional Mendelian randomization study,https://clinicalepigeneticsjournal.biomedcentral.com/articles/10.1186/s13148-024-01717-8,2024,True,False,True,False,True,False
The response to influenza vaccination is associated with DNA methylation-driven regulation of T cell innate antiviral pathways,https://clinicalepigeneticsjournal.biomedcentral.com/articles/10.1186/s13148-024-01730-x,2024,True,True,True,False,False,False
DNA methylation in cardiovascular disease and heart failure: novel prediction models?,https://clinicalepigeneticsjournal.biomedcentral.com/articles/10.1186/s13148-024-01722-x,2024,True,True,False,False,False,False
Mendelian randomization analysis reveals the combined effects of epigenetics and telomere biology in hematologic cancers,https://clinicalepigeneticsjournal.biomedcentral.com/articles/10.1186/s13148-024-01728-5,2024,True,True,True,False,True,False
Discovery and validation of colorectal cancer tissue-specific methylation markers: a dual-center retrospective cohort study,https://clinicalepigeneticsjournal.biomedcentral.com/articles/10.1186/s13148-024-01735-6,2024,True,True,False,False,False,False
Epitranscriptomics and epigenetics: two sides of the same coin?,https://clinicalepigeneticsjournal.biomedcentral.com/articles/10.1186/s13148-024-01729-4,2024,True,False,False,False,False,False
Epigenetics and immunotherapy in colorectal cancer: progress and promise,https://clinicalepigeneticsjournal.biomedcentral.com/articles/10.1186/s13148-024-01740-9,2024,True,False,False,False,False,False
Multi-omics association study of DNA methylation and gene expression levels and diagnoses of cardiovascular diseases in Danish Twins,https://clinicalepigeneticsjournal.biomedcentral.com/articles/10.1186/s13148-024-01727-6,2024,True,True,True,False,False,False
Correction: A systematic review on the contribution of DNA methylation to hearing loss,https://clinicalepigeneticsjournal.biomedcentral.com/articles/10.1186/s13148-024-01733-8,2024,True,False,False,False,False,False
Technical and biological sources of unreliability of Infinium probes on Illumina methylation microarrays,https://clinicalepigeneticsjournal.biomedcentral.com/articles/10.1186/s13148-024-01739-2,2024,True,True,True,False,False,False
Technical considerations for placental tissue processing and the subsequent impact on genome-wide DNA methylation analysis,https://clinicalepigeneticsjournal.biomedcentral.com/articles/10.1186/s13148-024-01741-8,2024,True,True,False,False,False,False
Causal association of epigenetic age acceleration and risk of subacute thyroiditis: a bidirectional Mendelian randomization study,https://clinicalepigeneticsjournal.biomedcentral.com/articles/10.1186/s13148-024-01743-6,2024,True,True,False,False,False,False
Methylation alterations of imprinted genes in different placental diseases,https://clinicalepigeneticsjournal.biomedcentral.com/articles/10.1186/s13148-024-01738-3,2024,True,False,False,False,False,False
Epigenomic biomarkers insights in PBMCs for prognostic assessment of ECMO-treated cardiogenic shock patients,https://clinicalepigeneticsjournal.biomedcentral.com/articles/10.1186/s13148-024-01751-6,2024,True,True,False,False,False,False
Enzymatic TET-1 inhibition highlights different epigenetic behaviours of IL-1β and TNFα in tumour progression of OS cell lines,https://clinicalepigeneticsjournal.biomedcentral.com/articles/10.1186/s13148-024-01745-4,2024,True,True,False,False,False,False
Causal effects of cardiovascular health on five epigenetic clocks,https://clinicalepigeneticsjournal.biomedcentral.com/articles/10.1186/s13148-024-01752-5,2024,True,True,True,False,False,False
"DNA methylation biomarkers and myopia: a multi-omics study integrating GWAS, mQTL and eQTL data",https://clinicalepigeneticsjournal.biomedcentral.com/articles/10.1186/s13148-024-01772-1,2024,True,False,True,False,True,False
"Correction: Epigenetic patterns, accelerated biological aging, and enhanced epigenetic drift detected 6 months following COVID‑19 infection: insights from a genome‑wide DNA methylation study",https://clinicalepigeneticsjournal.biomedcentral.com/articles/10.1186/s13148-024-01764-1,2024,True,False,False,False,False,False
Effects of multisuperovulation on the transcription and genomic methylation of oocytes and offspring,https://clinicalepigeneticsjournal.biomedcentral.com/articles/10.1186/s13148-024-01746-3,2024,True,True,True,False,False,False
Pre-diagnosis blood DNA methylation profiling of twin pairs discordant for breast cancer points to the importance of environmental risk factors,https://clinicalepigeneticsjournal.biomedcentral.com/articles/10.1186/s13148-024-01767-y,2024,True,True,True,False,True,False
Associations of epigenetic age acceleration at birth and age 12 years with adolescent cardiometabolic risk: the HOME study,https://clinicalepigeneticsjournal.biomedcentral.com/articles/10.1186/s13148-024-01779-8,2024,True,True,False,False,False,False
MOSES: a methylation-based gene association approach for unveiling environmentally regulated genes linked to a trait or disease,https://clinicalepigeneticsjournal.biomedcentral.com/articles/10.1186/s13148-024-01776-x,2024,True,True,True,False,True,False
Cancer-associated fibroblasts reveal aberrant DNA methylation across different types of cancer,https://clinicalepigeneticsjournal.biomedcentral.com/articles/10.1186/s13148-024-01783-y,2024,True,True,True,True,False,False
Epigenetic modifications involving ncRNAs in digestive system cancers: focus on histone modification,https://clinicalepigeneticsjournal.biomedcentral.com/articles/10.1186/s13148-024-01773-0,2024,True,False,False,False,False,False
"Technical variability across the 450K, EPICv1, and EPICv2 DNA methylation arrays: lessons learned for clinical and longitudinal studies",https://clinicalepigeneticsjournal.biomedcentral.com/articles/10.1186/s13148-024-01761-4,2024,True,True,True,False,False,False
Exploratory DNA methylation analysis in post-mortem heart tissue of sudden unexplained death,https://clinicalepigeneticsjournal.biomedcentral.com/articles/10.1186/s13148-024-01777-w,2024,True,True,True,False,False,False
Methylation assay in ,https://clinicalepigeneticsjournal.biomedcentral.com/articles/10.1186/s13148-024-01780-1,2024,True,True,True,False,False,False
The role of the gut microbiota in the onset and progression of heart failure: insights into epigenetic mechanisms and aging,https://clinicalepigeneticsjournal.biomedcentral.com/articles/10.1186/s13148-024-01786-9,2024,True,False,False,False,False,False
"Examining the potential causal relationships among smoking behaviors, blood DNA methylation profiles, and the development of coronary heart disease and myocardial infarction",https://clinicalepigeneticsjournal.biomedcentral.com/articles/10.1186/s13148-024-01791-y,2024,True,False,True,False,True,False
Road traffic noise and breast cancer: DNA methylation in four core circadian genes,https://clinicalepigeneticsjournal.biomedcentral.com/articles/10.1186/s13148-024-01774-z,2024,True,True,True,False,False,False
Causal association between epigenetic age acceleration and two pulmonary vascular diseases: pulmonary arterial hypertension and pulmonary embolism—a bidirectional Mendelian study,https://clinicalepigeneticsjournal.biomedcentral.com/articles/10.1186/s13148-024-01778-9,2024,True,False,False,False,False,False
Methylation changes and ,https://clinicalepigeneticsjournal.biomedcentral.com/articles/10.1186/s13148-024-01775-y,2024,True,True,True,False,False,False
DNA methylation-based telomere length is more strongly associated with cardiovascular disease and long-term mortality than quantitative polymerase chain reaction-based telomere length: evidence from the NHANES 1999–2002,https://clinicalepigeneticsjournal.biomedcentral.com/articles/10.1186/s13148-024-01795-8,2024,True,True,False,False,False,False
Genome-wide DNA methylation analysis reveals a unique methylation pattern for pleural mesothelioma compared to healthy pleura and other lung diseases,https://clinicalepigeneticsjournal.biomedcentral.com/articles/10.1186/s13148-024-01790-z,2024,True,False,True,False,False,False
DNA methylation-based analysis reveals accelerated epigenetic aging in giant cell-enriched adult-type glioblastoma,https://clinicalepigeneticsjournal.biomedcentral.com/articles/10.1186/s13148-024-01793-w,2024,True,True,False,False,False,False
Changes in DNA methylation are associated with systemic lupus erythematosus flare remission and clinical subtypes,https://clinicalepigeneticsjournal.biomedcentral.com/articles/10.1186/s13148-024-01792-x,2024,True,True,True,False,True,False
Epigenetic regulation on left atrial function and disease recurrence after catheter ablation in atrial fibrillation,https://clinicalepigeneticsjournal.biomedcentral.com/articles/10.1186/s13148-024-01794-9,2024,True,True,True,False,False,False
Distinct microbiome dysbiosis and epigenetic anomaly in esophageal adenocarcinoma and its underlying Barrett’s esophagus,https://clinicalepigeneticsjournal.biomedcentral.com/articles/10.1186/s13148-024-01801-z,2024,True,True,False,False,True,False
Advancing diagnosis and early risk assessment of preeclampsia through noninvasive cell-free DNA methylation profiling,https://clinicalepigeneticsjournal.biomedcentral.com/articles/10.1186/s13148-024-01798-5,2024,True,True,True,False,True,False
"Maximizing insights from longitudinal epigenetic age data: simulations, applications, and practical guidance",https://clinicalepigeneticsjournal.biomedcentral.com/articles/10.1186/s13148-024-01784-x,2024,True,True,False,False,False,False
DNA methylation-based telomere length is more strongly associated with long-term all-cause mortality than quantitative polymerase chain reaction-based telomere length among middle-aged and older hypertensive adults,https://clinicalepigeneticsjournal.biomedcentral.com/articles/10.1186/s13148-025-01833-z,2025,True,True,False,False,False,False
Correction: Exploring the therapeutic potential of Sirt6-enriched adipose stem cell-derived exosomes in myocardial ischemia–reperfusion injury: unfolding new epigenetic frontiers,https://clinicalepigeneticsjournal.biomedcentral.com/articles/10.1186/s13148-024-01796-7,2024,True,False,False,False,False,False
Single-cell transcriptomics reveal the prognostic roles of epithelial and T cells and DNA methylation-based prognostic models in pancreatic cancer,https://clinicalepigeneticsjournal.biomedcentral.com/articles/10.1186/s13148-024-01800-0,2024,True,True,True,False,True,False
DNA methylation models of protein abundance across the lifecourse,https://clinicalepigeneticsjournal.biomedcentral.com/articles/10.1186/s13148-024-01802-y,2024,True,True,False,False,False,False
Radiogenomic method combining DNA methylation profiles and magnetic resonance imaging radiomics predicts patient prognosis in skull base chordoma,https://clinicalepigeneticsjournal.biomedcentral.com/articles/10.1186/s13148-025-01836-w,2025,True,True,True,False,False,False
Diagnostic utility of single-locus DNA methylation mark in Sotos syndrome developed by nanopore sequencing-based episignature,https://clinicalepigeneticsjournal.biomedcentral.com/articles/10.1186/s13148-025-01832-0,2025,True,True,False,False,False,False
Glucocorticoid exposure-induced alterations in epigenetic age from human preterm infants and human lung fibroblasts and hippocampal neuronal cells,https://clinicalepigeneticsjournal.biomedcentral.com/articles/10.1186/s13148-025-01837-9,2025,True,True,False,False,False,False
Identification of 17 novel epigenetic biomarkers associated with anxiety disorders using differential methylation analysis followed by machine learning-based validation,https://clinicalepigeneticsjournal.biomedcentral.com/articles/10.1186/s13148-025-01819-x,2025,True,True,True,False,False,False
Novel histone modifications and liver cancer: emerging frontiers in epigenetic regulation,https://clinicalepigeneticsjournal.biomedcentral.com/articles/10.1186/s13148-025-01838-8,2025,True,False,False,False,False,False
"Imaging and outcome correlates of ctDNA methylation markers in prostate cancer: a comparative, cross-sectional [⁶⁸Ga]Ga-PSMA-11 PET/CT study",https://clinicalepigeneticsjournal.biomedcentral.com/articles/10.1186/s13148-025-01811-5,2025,True,True,True,False,True,False
 methylation is not associated with survival in Brazilian patients with lung adenocarcinoma,https://clinicalepigeneticsjournal.biomedcentral.com/articles/10.1186/s13148-025-01831-1,2025,True,True,False,False,False,False
Plasma cfDNA VILL gene methylation as a diagnostic marker for nasopharyngeal carcinoma,https://clinicalepigeneticsjournal.biomedcentral.com/articles/10.1186/s13148-025-01847-7,2025,True,True,False,False,False,False
Black community member perceptions and ethics recommendations on epigenomic research,https://clinicalepigeneticsjournal.biomedcentral.com/articles/10.1186/s13148-025-01840-0,2025,True,False,False,False,False,False
Advances in epigenetic treatment of adult T-cell leukemia/lymphoma: a comprehensive review,https://clinicalepigeneticsjournal.biomedcentral.com/articles/10.1186/s13148-025-01841-z,2025,True,False,False,False,False,False
Epigenetic marvels: exploring the landscape of colorectal cancer treatment through cutting-edge epigenetic-based drug strategies,https://clinicalepigeneticsjournal.biomedcentral.com/articles/10.1186/s13148-025-01844-w,2025,True,False,False,False,False,False
Protein epigenetic scores and overall mortality in the longitudinal Swedish Adoption/Twin Study of Aging (SATSA),https://clinicalepigeneticsjournal.biomedcentral.com/articles/10.1186/s13148-025-01843-x,2025,True,False,True,False,False,False
First evidence of epigenetic modulation of human gene methylation by microalga ,https://clinicalepigeneticsjournal.biomedcentral.com/articles/10.1186/s13148-025-01849-5,2025,True,True,True,False,False,False
"Dissecting the causal effects of smoking, alcohol consumption, and related DNA methylation markers on electrocardiographic indices",https://clinicalepigeneticsjournal.biomedcentral.com/articles/10.1186/s13148-025-01851-x,2025,True,True,False,False,True,False
Timing of menarche and menopause and epigenetic aging among U.S. adults: results from the National Health and Nutrition Examination Survey 1999–2002,https://clinicalepigeneticsjournal.biomedcentral.com/articles/10.1186/s13148-025-01827-x,2025,True,True,False,False,False,False
Systematic review on the DNA methylation role in endometriosis: current evidence and perspectives,https://clinicalepigeneticsjournal.biomedcentral.com/articles/10.1186/s13148-025-01828-w,2025,True,False,False,False,False,False
Roles and mechanisms of histone methylation in vascular aging and related diseases,https://clinicalepigeneticsjournal.biomedcentral.com/articles/10.1186/s13148-025-01842-y,2025,True,False,False,False,False,False
"Maternal epigenetic index links early neglect to later neglectful care and other psychopathological, cognitive, and bonding effects",https://clinicalepigeneticsjournal.biomedcentral.com/articles/10.1186/s13148-025-01839-7,2025,True,True,True,False,True,False
