title,link,publication_year,mentions_methylation,mentions_stat_test,mentions_multiple_correction,mentions_bh,mentions_bonferroni,mentions_by
MLL1 is regulated by KSHV LANA and is important for virus latency,https://academic.oup.com/nar/article/49/22/12895/6438035,2021,True,False,False,False,False,False
Cytosine base modifications regulate DNA duplex stability and metabolism,https://academic.oup.com/nar/article/49/22/12870/6300639,2021,True,False,False,False,False,False
Single-molecule mitochondrial DNA sequencing shows no evidence of CpG methylation in human cells and tissues,https://academic.oup.com/nar/article/49/22/12757/6445962,2021,True,False,False,False,False,False
Inhibitor of growth protein 3 epigenetically silences endogenous retroviral elements and prevents innate immune activation,https://academic.oup.com/nar/article/49/22/12706/6430487,2021,True,False,False,False,False,False
DNA methylation variation along the cancer epigenome and the identification of novel epigenetic driver events,https://academic.oup.com/nar/article/49/22/12692/6454280,2021,True,True,True,False,False,False
Generation of onco-enhancer enhances chromosomal remodeling and accelerates tumorigenesis,https://academic.oup.com/nar/article/48/21/12135/5983629,2020,True,False,False,False,False,False
4-Methylcytosine DNA modification is critical for global epigenetic regulation and virulence in the human pathogen,https://academic.oup.com/nar/article/48/21/12102/5958492,2020,True,True,False,False,False,False
A role for LSH in facilitating DNA methylation by DNMT1 through enhancing UHRF1 chromatin association,https://academic.oup.com/nar/article/48/21/12116/5973463,2020,True,False,False,False,False,False
Histone sumoylation promotes Set3 histone-deacetylase complex-mediated transcriptional regulation,https://academic.oup.com/nar/article/48/21/12151/5999897,2020,True,False,False,False,False,False
PML nuclear bodies and chromatin dynamics: catch me if you can!,https://academic.oup.com/nar/article/48/21/11890/5929229,2020,True,False,False,False,False,False
Contribution of DNA adenine methylation to gene expression heterogeneity in,https://academic.oup.com/nar/article/48/21/11857/5908533,2020,True,False,False,False,False,False
Shortcut barcoding and early pooling for scalable multiplex single-cell reduced-representation CpG methylation sequencing at single nucleotide resolution,https://academic.oup.com/nar/article/51/21/e108/7327074,2023,True,False,False,False,False,False
DNA elements tether canonical Polycomb Repressive Complex 1 to human genes,https://academic.oup.com/nar/article/51/21/11613/7321990,2023,True,False,False,False,False,False
The N-terminus of Spt16 anchors FACT to MCM2–7 for parental histone recycling,https://academic.oup.com/nar/article/51/21/11549/7321068,2023,True,False,False,False,False,False
TWIST1 methylation by SETD6 selectively antagonizes LINC-PINT expression in glioma,https://academic.oup.com/nar/article/50/12/6903/6606173,2022,True,True,False,False,False,False
H3K36me2 methyltransferase NSD2 orchestrates epigenetic reprogramming during spermatogenesis,https://academic.oup.com/nar/article/50/12/6786/6613915,2022,True,True,False,False,False,False
Tissue- and ethnicity-independent hypervariable DNA methylation states show evidence of establishment in the early human embryo,https://academic.oup.com/nar/article/50/12/6735/6609816,2022,True,False,False,False,False,False
Correction to ‘Regulation of the androgen receptor by SET9-mediated methylation’,https://academic.oup.com/nar/article/52/22/14278/7903384,2024,True,False,False,False,False,False
"[SNG2], a prion form of Cut4/Apc1, confers non-Mendelian inheritance of heterochromatin silencing defect in fission yeast",https://academic.oup.com/nar/article/52/22/13792/7905308,2024,True,False,False,False,False,False
UHRF1 ubiquitin ligase activity supports the maintenance of low-density CpG methylation,https://academic.oup.com/nar/article/52/22/13733/7912044,2024,True,False,False,False,False,False
Phosphorylation-mediated disassembly of C-terminal binding protein 2 tetramer impedes epigenetic silencing of pluripotency in mouse embryonic stem cells,https://academic.oup.com/nar/article/52/22/13706/7908797,2024,True,False,False,False,False,False
SETDB1 activity is globally directed by H3K14 acetylation via its Triple Tudor Domain,https://academic.oup.com/nar/article/52/22/13690/7900194,2024,True,False,False,False,False,False
A systematic quantitative approach comprehensively defines domain-specific functional pathways linked to,https://academic.oup.com/nar/article/52/22/13665/7905309,2024,True,False,False,False,False,False
Interrogation of the interplay between DNA,https://academic.oup.com/nar/article/52/22/13605/7905306,2024,True,False,False,False,False,False
Epigenetic characterization of adult rhesus monkey spermatogonial stem cells identifies key regulators of stem cell homeostasis,https://academic.oup.com/nar/article/52/22/13644/7899533,2024,True,True,False,False,False,False
"Single-molecule DNA sequencing of widely varying GC-content using nucleotide release, capture and detection in microdroplets",https://academic.oup.com/nar/article/48/22/e132/5957172,2020,True,False,False,False,False,False
Plasmid replication-associated single-strand-specific methyltransferases,https://academic.oup.com/nar/article/48/22/12858/6018438,2020,True,False,False,False,False,False
Bacterial tRNA 2′-O-methylation is dynamically regulated under stress conditions and modulates innate immune response,https://academic.oup.com/nar/article/48/22/12833/6020192,2020,True,False,False,False,False,False
HP1γ regulates H3K36 methylation and pluripotency in embryonic stem cells,https://academic.oup.com/nar/article/48/22/12660/6006202,2020,True,False,False,False,False,False
Developmental remodelling of non-CG methylation at satellite DNA repeats,https://academic.oup.com/nar/article/48/22/12675/6017363,2020,True,False,False,False,False,False
Quantification of the effect of site-specific histone acetylation on chromatin transcription rate,https://academic.oup.com/nar/article/48/22/12648/5983436,2020,True,False,False,False,False,False
Epigenome engineering: new technologies for precision medicine,https://academic.oup.com/nar/article/48/22/12453/5983619,2020,True,False,False,False,False,False
Selective pericentromeric heterochromatin dismantling caused by TP53 activation during senescence,https://academic.oup.com/nar/article/50/13/7493/6640220,2022,True,True,False,False,False,False
OCT4 activates a,https://academic.oup.com/nar/article/50/13/7367/6618882,2022,True,False,False,False,False,False
Systemic approaches using single cell transcriptome reveal that C/EBPγ regulates autophagy under amino acid starved condition,https://academic.oup.com/nar/article/50/13/7298/6633879,2022,True,False,False,False,False,False
Chemoenzymatic labeling of DNA methylation patterns for single-molecule epigenetic mapping,https://academic.oup.com/nar/article/50/16/e92/6601286,2022,True,False,False,False,False,False
Lysine 27 dimethylation of,https://academic.oup.com/nar/article/50/16/9212/6678870,2022,True,False,False,False,False,False
No evidence of extensive non-CpG methylation in mtDNA,https://academic.oup.com/nar/article/50/16/9190/6671110,2022,True,False,False,False,False,False
DNAffinity: a machine-learning approach to predict DNA binding affinities of transcription factors,https://academic.oup.com/nar/article/50/16/9105/6677319,2022,True,False,False,False,False,False
Painters in chromatin: a unified quantitative framework to systematically characterize epigenome regulation and memory,https://academic.oup.com/nar/article/50/16/9083/6677333,2022,True,False,False,False,False,False
2′-,https://academic.oup.com/nar/article/50/16/9051/6677327,2022,True,False,False,False,False,False
Structural basis for the allosteric regulation and dynamic assembly of DNMT3B,https://academic.oup.com/nar/article/51/22/12476/7369913,2023,True,False,False,False,False,False
Single molecule MATAC-seq reveals key determinants of DNA replication origin efficiency,https://academic.oup.com/nar/article/51/22/12303/7416811,2023,True,True,False,False,False,False
PacBio sequencing of human fecal samples uncovers the DNA methylation landscape of 22 673 gut phages,https://academic.oup.com/nar/article/51/22/12140/7334096,2023,True,True,False,False,False,False
Conformation-dependent lesion bypass of bulky arylamine-dG adducts generated from 2-nitrofluorene in epigenetic sequence contexts,https://academic.oup.com/nar/article/51/22/12043/7416392,2023,True,False,False,False,False,False
Whole-genome long-read TAPS deciphers DNA methylation patterns at base resolution using PacBio SMRT sequencing technology,https://academic.oup.com/nar/article/50/18/e104/6645633,2022,True,False,False,False,False,False
Long noncoding RNA,https://academic.oup.com/nar/article/50/18/10733/6749547,2022,True,False,False,False,False,False
Chromatin transitions triggered by LH density as epigenetic regulators of the genome,https://academic.oup.com/nar/article/50/18/10328/6709250,2022,True,False,False,False,False,False
Geographic encoding of transcripts enabled high-accuracy and isoform-aware deep learning of RNA methylation,https://academic.oup.com/nar/article/50/18/10290/6717826,2022,True,False,False,False,False,False
Expansion microscopy allows high resolution single cell analysis of epigenetic readers,https://academic.oup.com/nar/article/50/17/e100/6611043,2022,True,False,False,False,False,False
"Formation and removal of 1,",https://academic.oup.com/nar/article/50/17/9858/6696351,2022,True,False,False,False,False,False
The KdmB-EcoA-RpdA-SntB chromatin complex binds regulatory genes and coordinates fungal development with mycotoxin synthesis,https://academic.oup.com/nar/article/50/17/9797/6696356,2022,True,False,False,False,False,False
Mitochondrial stress induces AREG expression and epigenomic remodeling through c-JUN and YAP-mediated enhancer activation,https://academic.oup.com/nar/article/50/17/9765/6696363,2022,True,False,False,False,False,False
,https://academic.oup.com/nar/article/50/17/9705/6696352,2022,True,False,False,False,False,False
HDAC1 and PRC2 mediate combinatorial control in SPI1/PU.1-dependent gene repression in murine erythroleukaemia,https://academic.oup.com/nar/article/50/14/7938/6649384,2022,True,False,False,False,False,False
Induction of senescence upon loss of the Ash2l core subunit of H3K4 methyltransferase complexes,https://academic.oup.com/nar/article/50/14/7889/6640223,2022,True,False,False,False,False,False
PHF20 is crucial for epigenetic control of starvation-induced autophagy through enhancer activation,https://academic.oup.com/nar/article/50/14/7856/6633896,2022,True,False,True,False,False,False
Systematic comparison of CRISPR-based transcriptional activators uncovers gene-regulatory features of enhancer–promoter interactions,https://academic.oup.com/nar/article/50/14/7842/6643103,2022,True,False,False,False,False,False
DBC1 is a key positive regulator of enhancer epigenomic writers KMT2D and p300,https://academic.oup.com/nar/article/50/14/7873/6633883,2022,True,False,True,False,False,False
Detecting TAD-like domains from RNA-associated interactions,https://academic.oup.com/nar/article/50/15/e88/6593122,2022,True,False,False,False,False,False
TET1 regulates gene expression and repression of endogenous retroviruses independent of DNA demethylation,https://academic.oup.com/nar/article/50/15/8491/6651872,2022,True,False,False,False,False,False
The HDAC7–TET2 epigenetic axis is essential during early B lymphocyte development,https://academic.oup.com/nar/article/50/15/8471/6651873,2022,True,True,False,False,False,False
DiseaseMeth version 3.0: a major expansion and update of the human disease methylation database,https://academic.oup.com/nar/article/50/D1/D1208/6430828,2022,True,False,False,False,False,False
VannoPortal: multiscale functional annotation of human genetic variants for interrogating molecular mechanism of traits and diseases,https://academic.oup.com/nar/article/50/D1/D1408/6376021,2022,True,False,False,False,False,False
OncoDB: an interactive online database for analysis of gene expression and viral infection in cancer,https://academic.oup.com/nar/article/50/D1/D1334/6413597,2022,True,True,False,False,False,False
Regeneration Roadmap: database resources for regenerative biology,https://academic.oup.com/nar/article/50/D1/D1085/6378433,2022,True,False,False,False,False,False
RGD v2.0: a major update of the ruminant functional and evolutionary genomics database,https://academic.oup.com/nar/article/50/D1/D1091/6395343,2022,True,False,False,False,False,False
"EWAS Open Platform: integrated data, knowledge and toolkit for epigenome-wide association study",https://academic.oup.com/nar/article/50/D1/D1004/6414594,2022,True,False,False,False,False,False
scMethBank: a database for single-cell whole genome DNA methylation maps,https://academic.oup.com/nar/article/50/D1/D380/6376025,2022,True,False,False,False,False,False
m,https://academic.oup.com/nar/article/50/D1/D196/6431823,2022,True,False,False,False,False,False
CircleBase: an integrated resource and analysis platform for human eccDNAs,https://academic.oup.com/nar/article/50/D1/D72/6430829,2022,True,False,False,False,False,False
ASMdb: a comprehensive database for allele-specific DNA methylation in diverse organisms,https://academic.oup.com/nar/article/50/D1/D60/6401900,2022,True,True,False,False,False,False
A second type of N7-guanine RNA cap methyltransferase in an unusual locus of a large RNA virus genome,https://academic.oup.com/nar/article/50/19/11186/6761739,2022,True,False,False,False,False,False
Vitamin C enhances NF-κB-driven epigenomic reprogramming and boosts the immunogenic properties of dendritic cells,https://academic.oup.com/nar/article/50/19/10981/6777795,2022,True,True,False,False,False,False
Integrated multi-omics approach revealed cellular senescence landscape,https://academic.oup.com/nar/article/50/19/10947/6761724,2022,True,True,False,False,False,False
Interpretable deep learning for chromatin-informed inference of transcriptional programs driven by somatic alterations across cancers,https://academic.oup.com/nar/article/50/19/10869/6761738,2022,True,True,True,False,False,False
"The structure, binding and function of a Notch transcription complex involving RBPJ and the epigenetic reader protein L3MBTL3",https://academic.oup.com/nar/article/50/22/13083/6882124,2022,True,False,False,False,False,False
The mechanisms of siRNA selection by plant Argonaute proteins triggering DNA methylation,https://academic.oup.com/nar/article/50/22/12997/6880726,2022,True,False,False,False,False,True
Structural basis for the unique multifaceted interaction of DPPA3 with the UHRF1 PHD finger,https://academic.oup.com/nar/article/50/21/12527/6845435,2022,True,False,False,False,False,False
TERRA regulates DNA G-quadruplex formation and ATRX recruitment to chromatin,https://academic.oup.com/nar/article/50/21/12217/6849496,2022,True,False,False,False,False,False
3D chromatin connectivity underlies replication origin efficiency in mouse embryonic stem cells,https://academic.oup.com/nar/article/50/21/12149/6858696,2022,True,True,False,False,False,False
Recognition of 5-methyl-CG and CG base pairs in duplex DNA with high stability using antiparallel-type triplex-forming oligonucleotides with 2-guanidinoethyl-2′-deoxynebularine,https://academic.oup.com/nar/article/50/21/12071/6858762,2022,True,False,False,False,False,False
YY1 safeguard multidimensional epigenetic landscape associated with extended pluripotency,https://academic.oup.com/nar/article/50/21/12019/6568491,2022,True,False,True,False,False,False
Synthesis of point-modified mRNA,https://academic.oup.com/nar/article/50/20/e115/6691864,2022,True,False,False,False,False,False
Glucocorticoids unmask silent non-coding genetic risk variants for common diseases,https://academic.oup.com/nar/article/50/20/11635/6833267,2022,True,False,True,False,False,False
Increased chromatin accessibility facilitates intron retention in specific cell differentiation states,https://academic.oup.com/nar/article/50/20/11563/6819938,2022,True,False,False,False,False,False
Chromatin accessibility-based characterisation of brain gene regulatory networks in three distinct honey bee polyphenisms,https://academic.oup.com/nar/article/50/20/11550/6795889,2022,True,False,False,False,False,False
Estrogen regulates divergent transcriptional and epigenetic cell states in breast cancer,https://academic.oup.com/nar/article/50/20/11492/6786216,2022,True,False,False,False,False,False
Retraction and replacement of ‘Genomic context-dependent histone H3K36 methylation by three Drosophila methyltransferases and implications for dedicated chromatin readers’,https://academic.oup.com/nar/article/53/6/gkaf243/8099196,2025,True,False,False,False,False,False
FACT-seq: profiling histone modifications in formalin-fixed paraffin-embedded samples with low cell numbers,https://academic.oup.com/nar/article/49/21/e125/6371973,2021,True,False,False,False,False,False
edgeR v4: powerful differential analysis of sequencing data with expanded functionality and improved support for small counts and larger datasets,https://academic.oup.com/nar/article/53/2/gkaf018/7973897,2025,True,True,True,False,False,False
Correction to ‘Recruitment of homodimeric proneural factors by conserved CAT–CAT E-boxes drives major epigenetic reconfiguration in cortical neurogenesis’,https://academic.oup.com/nar/article/53/4/gkaf129/8020233,2025,True,False,False,False,False,False
"Generalization of the sci-L3 method to achieve high-throughput linear amplification for replication template strand sequencing, genome conformation capture, and the joint profiling of RNA and chromatin accessibility",https://academic.oup.com/nar/article/53/4/gkaf101/8041969,2025,True,False,False,False,False,False
Probabilistic and machine-learning methods for predicting local rates of transcription elongation from nascent RNA sequencing data,https://academic.oup.com/nar/article/53/4/gkaf092/8020229,2025,True,False,False,False,False,False
NAIL-MS reveals tRNA and rRNA hypomodification as a consequence of 5-fluorouracil treatment,https://academic.oup.com/nar/article/53/4/gkaf090/8041998,2025,True,False,False,False,False,False
SoIR: a comprehensive Solanaceae information resource for comparative and functional genomic study,https://academic.oup.com/nar/article/53/D1/D1623/7889257,2025,True,False,False,False,False,False
scCancerExplorer: a comprehensive database for interactively exploring single-cell multi-omics data of human pan-cancer,https://academic.oup.com/nar/article/53/D1/D1526/7903385,2025,True,False,False,False,False,False
Global chromatin reorganization and regulation of genes with specific evolutionary ages during differentiation and cancer,https://academic.oup.com/nar/article/53/4/gkaf084/8020235,2025,True,False,False,False,False,False
Transcription-replication conflicts drive R-loop-dependent nucleosome eviction and require DOT1L activity for transcription recovery,https://academic.oup.com/nar/article/53/4/gkaf109/8026268,2025,True,False,False,False,False,False
The epigenetic landscape shapes smoking-induced mutagenesis by modulating DNA damage susceptibility and repair efficiency,https://academic.oup.com/nar/article/53/4/gkaf048/8008527,2025,True,True,True,False,False,False
Rescuing DNMT1 fails to fully reverse the molecular and functional repercussions of its loss in mouse embryonic stem cells,https://academic.oup.com/nar/article/53/4/gkaf130/8042004,2025,True,True,False,False,False,False
Comprehensive mapping of genetic variation at Epromoters reveals pleiotropic association with multiple disease traits,https://academic.oup.com/nar/article/53/4/gkae1270/7933596,2025,True,False,False,False,False,False
PRMT1-mediated methylation regulates MLL2 stability and gene expression,https://academic.oup.com/nar/article/53/4/gkae1227/7928524,2025,True,False,False,False,False,False
SP140 represses specific loci by recruiting polycomb repressive complex 2 and NuRD complex,https://academic.oup.com/nar/article/53/4/gkae1215/7932185,2025,True,True,True,False,False,False
"DMRdb: a disease-centric Mendelian randomization database for systematically assessing causal relationships of diseases with genes, proteins, CpG sites, metabolites and other diseases",https://academic.oup.com/nar/article/53/D1/D1363/7798785,2025,True,False,False,False,False,False
MAPbrain: a multi-omics atlas of the primate brain,https://academic.oup.com/nar/article/53/D1/D1055/7825961,2025,True,False,False,False,False,False
iDog: a multi-omics resource for canids study,https://academic.oup.com/nar/article/53/D1/D1039/7889247,2025,True,False,False,False,False,False
CRISPRepi: a multi-omic atlas for CRISPR-based epigenome editing,https://academic.oup.com/nar/article/53/D1/D901/7893324,2025,True,False,False,False,False,False
Update of the FANTOM web resource: enhancement for studying noncoding genomes,https://academic.oup.com/nar/article/53/D1/D419/7906234,2025,True,False,False,False,False,False
EXPRESSO: a multi-omics database to explore multi-layered 3D genomic organization,https://academic.oup.com/nar/article/53/D1/D79/7875983,2025,True,False,False,False,False,False
Comprehensive genome annotation of the model ciliate,https://academic.oup.com/nar/article/53/2/gkae1177/7919455,2025,True,False,False,False,False,False
Distinct structural and functional heterochromatin partitioning of lamin B1 and lamin B2 revealed using genome-wide nicking enzyme epitope targeted DNA sequencing,https://academic.oup.com/nar/article/53/2/gkae1317/7958221,2025,True,False,False,False,False,False
Downregulation of MLF1 safeguards cardiomyocytes against senescence-associated chromatin opening,https://academic.oup.com/nar/article/53/2/gkae1176/7919447,2025,True,True,False,False,False,False
BASAL: a universal mapping algorithm for nucleotide base-conversion sequencing,https://academic.oup.com/nar/article/53/2/gkae1201/7919998,2025,True,True,True,False,False,False
RNA binding by Periphilin plays an essential role in initiating silencing by the HUSH complex,https://academic.oup.com/nar/article/53/2/gkae1165/7920048,2025,True,False,False,False,False,False
Reinforcement of transcriptional silencing by a positive feedback between DNA methylation and non-coding transcription,https://academic.oup.com/nar/article/49/17/9799/6362093,2021,True,False,True,False,False,False
AtHDA6 functions as an H3K18ac eraser to maintain pericentromeric CHG methylation in,https://academic.oup.com/nar/article/49/17/9755/6353814,2021,True,False,False,False,False,False
Epigenetic remodelling of enhancers in response to estrogen deprivation and re-stimulation,https://academic.oup.com/nar/article/49/17/9738/6353813,2021,True,True,False,False,False,False
Visualization and characterization of RNA–protein interactions in living cells,https://academic.oup.com/nar/article/49/18/e107/6329119,2021,True,True,False,False,False,False
Fusarium BP1 is a reader of H3K27 methylation,https://academic.oup.com/nar/article/49/18/10448/6376037,2021,True,False,False,False,False,False
Integrative analysis of epigenetics data identifies gene-specific regulatory elements,https://academic.oup.com/nar/article/49/18/10397/6368526,2021,True,False,False,False,False,True
Rapid identification of methylase specificity (RIMS-seq) jointly identifies methylated motifs and generates shotgun sequencing of bacterial genomes,https://academic.oup.com/nar/article/49/19/e113/6355877,2021,True,False,False,False,False,False
Calling differentially methylated regions from whole genome bisulphite sequencing with DMRcate,https://academic.oup.com/nar/article/49/19/e109/6329576,2021,True,True,True,False,False,False
Epitome: predicting epigenetic events in novel cell types with multi-cell deep ensemble learning,https://academic.oup.com/nar/article/49/19/e110/6348191,2021,True,False,False,False,False,False
Single molecule characterization of the binding kinetics of a transcription factor and its modulation by DNA sequence and methylation,https://academic.oup.com/nar/article/49/19/10975/6381139,2021,True,False,False,False,False,False
Cooperative methylation of human tRNA,https://academic.oup.com/nar/article/49/20/11855/6381137,2021,True,False,False,False,False,False
Human MettL3-MettL14 RNA adenine methyltransferase complex is active on double-stranded DNA containing lesions,https://academic.oup.com/nar/article/49/20/11629/6292106,2021,True,False,False,False,False,False
DNA sequence and methylation prescribe the inside-out conformational dynamics and bending energetics of DNA minicircles,https://academic.oup.com/nar/article/49/20/11459/6414598,2021,True,False,False,False,False,False
Revealing structural peculiarities of homopurine GA repetition stuck by i-motif clip,https://academic.oup.com/nar/article/49/20/11425/6413599,2021,True,False,False,False,False,False
The chromatin remodeler RSF1 coordinates epigenetic marks for transcriptional repression and DSB repair,https://academic.oup.com/nar/article/49/21/12268/6439680,2021,True,False,False,False,False,False
BAF155 methylation drives metastasis by hijacking super-enhancers and subverting anti-tumor immunity,https://academic.oup.com/nar/article/49/21/12211/6431811,2021,True,True,True,False,False,False
Chromatin loading of MCM hexamers is associated with di-/tri-methylation of histone H4K20 toward S phase entry,https://academic.oup.com/nar/article/49/21/12152/6426064,2021,True,False,False,False,False,False
Epigenetic regulation of nuclear lamina-associated heterochromatin by HAT1 and the acetylation of newly synthesized histones,https://academic.oup.com/nar/article/49/21/12136/6426062,2021,True,False,False,False,False,False
Enzymatic deamination of the epigenetic nucleoside,https://academic.oup.com/nar/article/49/21/12048/6438039,2021,True,True,True,False,False,False
methylGrapher: genome-graph-based processing of DNA methylation data from whole genome bisulfite sequencing,https://academic.oup.com/nar/article/53/3/gkaf028/7983877,2025,True,True,False,False,False,False
Hypoxia increases methylated histones to prevent histone clipping and heterochromatin redistribution during,https://academic.oup.com/nar/article/53/3/gkae1210/7921060,2025,True,False,False,False,False,False
Methyl-dependent auto-regulation of the DNA,https://academic.oup.com/nar/article/53/3/gkaf022/7979040,2025,True,False,False,False,False,False
Genomic clustering tendency of transcription factors reflects phase-separated transcriptional condensates at super-enhancers,https://academic.oup.com/nar/article/53/3/gkaf015/7979041,2025,True,False,False,False,False,False
Transcriptome-wide mapping of N,https://academic.oup.com/nar/article/53/5/gkaf153/8071460,2025,True,False,False,False,False,False
Systematic analysis of specificities and flanking sequence preferences of bacterial DNA-(cytosine C5)-methyltransferases reveals mechanisms of enzyme- and sequence-specific DNA readout,https://academic.oup.com/nar/article/53/5/gkaf126/8051547,2025,True,True,False,False,False,False
Mono-ubiquitination of TopBP1 by PHRF1 enhances ATR activation and genomic stability,https://academic.oup.com/nar/article/53/5/gkaf073/8063248,2025,True,False,False,False,False,False
Checkpoint kinases regulate the circadian clock after DNA damage by influencing chromatin dynamics,https://academic.oup.com/nar/article/53/5/gkaf162/8063243,2025,True,True,False,False,False,False
Deletion of,https://academic.oup.com/nar/article/53/5/gkaf142/8052379,2025,True,True,False,False,False,False
Argonaute CSR-1A promotes H3K9me3 maintenance to protect somatic development in offspring,https://academic.oup.com/nar/article/53/5/gkaf127/8044951,2025,True,True,False,False,False,False
Deep learning-based cell-specific gene regulatory networks inferred from single-cell multiome data,https://academic.oup.com/nar/article/53/5/gkaf138/8051546,2025,True,False,False,False,False,False
Proxi-RIMS-seq2 applied to native microbiomes uncovers hundreds of known and novel,https://academic.oup.com/nar/article/53/6/gkaf226/8099989,2025,True,False,False,False,False,False
Direct RNA sequencing of the,https://academic.oup.com/nar/article/53/6/gkaf175/8089754,2025,True,False,False,False,False,False
,https://academic.oup.com/nar/article/53/6/gkaf218/8099990,2025,True,False,False,False,False,False
A hidden intrinsic ability of bicistronic expression based on a novel translation reinitiation mechanism in yeast,https://academic.oup.com/nar/article/53/6/gkaf220/8099197,2025,True,False,False,False,False,False
Genomic context-dependent histone H3K36 methylation by three,https://academic.oup.com/nar/article/53/6/gkaf202/8099205,2025,True,False,False,False,False,False
An evolutionarily conserved constellation of functional,https://academic.oup.com/nar/article/53/6/gkaf207/8093178,2025,True,False,False,False,False,False
Methyl-GP: accurate generic DNA methylation prediction based on a language model and representation learning,https://academic.oup.com/nar/article/53/6/gkaf223/8099202,2025,True,True,False,False,False,False
CellMiner Cross-Database (CellMinerCDB) version 1.2: Exploration of patient-derived cancer cell line pharmacogenomics,https://academic.oup.com/nar/article/49/D1/D1083/5983630,2021,True,False,False,False,False,False
"A new decade and new data at SoyBase, the USDA-ARS soybean genetics and genomics database",https://academic.oup.com/nar/article/49/D1/D1496/6017360,2021,True,False,False,False,False,False
From ArrayExpress to BioStudies,https://academic.oup.com/nar/article/49/D1/D1502/5992288,2021,True,False,False,False,False,False
PLncDB V2.0: a comprehensive encyclopedia of plant long noncoding RNAs,https://academic.oup.com/nar/article/49/D1/D1489/5932847,2021,True,False,False,False,False,False
Gramene 2021: harnessing the power of comparative genomics and pathways for plant research,https://academic.oup.com/nar/article/49/D1/D1452/5973447,2021,True,False,False,False,False,False
AtMAD:,https://academic.oup.com/nar/article/49/D1/D1445/5997440,2021,True,False,False,False,True,False
VARAdb: a comprehensive variation annotation database for human,https://academic.oup.com/nar/article/49/D1/D1431/5937088,2021,True,False,False,False,False,False
MethHC 2.0: information repository of DNA methylation and gene expression in human cancer,https://academic.oup.com/nar/article/49/D1/D1268/6018433,2021,True,False,False,False,False,False
Lnc2Cancer 3.0: an updated resource for experimentally supported lncRNA/circRNA cancer associations and web tools based on RNA-seq and scRNA-seq data,https://academic.oup.com/nar/article/49/D1/D1251/5997434,2021,True,False,False,False,False,False
"LincSNP 3.0: an updated database for linking functional variants to human long non-coding RNAs, circular RNAs and their regulatory elements",https://academic.oup.com/nar/article/49/D1/D1244/5997411,2021,True,False,False,False,False,False
OGEE v3: Online GEne Essentiality database with increased coverage of organisms and human cell lines,https://academic.oup.com/nar/article/49/D1/D998/5934414,2021,True,False,False,False,False,True
dbGuide: a database of functionally validated guide RNAs for genome editing in human and mouse cells,https://academic.oup.com/nar/article/49/D1/D871/5922801,2021,True,False,False,False,False,False
crisprSQL: a novel database platform for CRISPR/Cas off-target cleavage assays,https://academic.oup.com/nar/article/49/D1/D855/5934413,2021,True,False,False,False,False,False
Aging Atlas: a multi-omics database for aging biology,https://academic.oup.com/nar/article/49/D1/D825/5943197,2021,True,False,False,False,False,False
ADPriboDB 2.0: an updated database of ADP-ribosylated proteins,https://academic.oup.com/nar/article/49/D1/D261/5952204,2021,True,False,False,False,False,False
TREND-DB—a transcriptome-wide atlas of the dynamic landscape of alternative polyadenylation,https://academic.oup.com/nar/article/49/D1/D243/5911742,2021,True,False,False,False,False,False
The Nucleome Data Bank: web-based resources to simulate and analyze the three-dimensional genome,https://academic.oup.com/nar/article/49/D1/D172/5918320,2021,True,False,False,False,False,False
ATACdb: a comprehensive human chromatin accessibility database,https://academic.oup.com/nar/article/49/D1/D55/5943839,2021,True,False,False,False,False,False
First insights into the structural features of Ebola virus methyltransferase activities,https://academic.oup.com/nar/article/49/3/1737/6121458,2021,True,False,False,False,False,False
A comprehensive epigenome atlas reveals DNA methylation regulating skeletal muscle development,https://academic.oup.com/nar/article/49/3/1313/6090302,2021,True,True,True,False,True,False
Decoding the epitranscriptional landscape from native RNA sequences,https://academic.oup.com/nar/article/49/2/e7/5876284,2021,True,False,False,False,False,False
Structural dynamics of double-stranded DNA with epigenome modification,https://academic.oup.com/nar/article/49/2/1152/6041614,2021,True,False,False,False,False,False
A deafness-associated tRNA mutation caused pleiotropic effects on the m,https://academic.oup.com/nar/article/49/2/1075/6062658,2021,True,False,False,False,False,False
Sequence- and structure-specific cytosine-5 mRNA methylation by NSUN6,https://academic.oup.com/nar/article/49/2/1006/6039926,2021,True,True,False,False,False,False
,https://academic.oup.com/nar/article/49/4/1935/6129329,2021,True,False,False,False,False,False
Non-perfectly matching small RNAs can induce stable and heritable epigenetic modifications and can be used as molecular markers to trace the origin and fate of silencing RNAs,https://academic.oup.com/nar/article/49/4/1900/6125661,2021,True,False,False,False,False,False
The metabolite methylglyoxal-mediated gene expression is associated with histone methylglyoxalation,https://academic.oup.com/nar/article/49/4/1886/6105283,2021,True,False,False,False,False,False
Polymer modelling unveils the roles of heterochromatin and nucleolar organizing regions in shaping 3D genome organization in,https://academic.oup.com/nar/article/49/4/1840/6097670,2021,True,False,False,False,False,False
Role of CxxC-finger protein 1 in establishing mouse oocyte epigenetic landscapes,https://academic.oup.com/nar/article/49/5/2569/6148302,2021,True,False,False,False,False,False
Conserved dual-mode gene regulation programs in higher eukaryotes,https://academic.oup.com/nar/article/49/5/2583/6148180,2021,True,False,False,False,False,False
The SR-protein Npl3 is an essential component of the meiotic splicing regulatory network in,https://academic.oup.com/nar/article/49/5/2552/6134180,2021,True,False,False,False,False,False
Reversible chromatin condensation by the DNA repair and demethylation factor thymine DNA glycosylase,https://academic.oup.com/nar/article/49/5/2450/6130845,2021,True,False,False,False,False,False
Multiplex indexing approach for the detection of DNase I hypersensitive sites in single cells,https://academic.oup.com/nar/article/49/10/e56/6163083,2021,True,False,False,False,False,False
Genetic and epigenetic features of promoters with ubiquitous chromatin accessibility support ubiquitous transcription of cell-essential genes,https://academic.oup.com/nar/article/49/10/5705/6274538,2021,True,True,True,False,False,False
m6A RNA methylation of major satellite repeat transcripts facilitates chromatin association and RNA:DNA hybrid formation in mouse heterochromatin,https://academic.oup.com/nar/article/49/10/5568/6276917,2021,True,False,False,False,False,False
A Polycomb repressive complex is required for RNAi-mediated heterochromatin formation and dynamic distribution of nuclear bodies,https://academic.oup.com/nar/article/49/10/5407/6067398,2021,True,False,False,False,False,False
Human METTL18 is a histidine-specific methyltransferase that targets RPL3 and affects ribosome biogenesis and function,https://academic.oup.com/nar/article/49/6/3185/6163085,2021,True,False,False,False,False,False
Staying true to yourself: mechanisms of DNA methylation maintenance in mammals,https://academic.oup.com/nar/article/49/6/3020/6029163,2021,True,False,False,False,False,False
Determining subpopulation methylation profiles from bisulfite sequencing data of heterogeneous samples using DXM,https://academic.oup.com/nar/article/49/16/e93/6307910,2021,True,True,False,False,False,False
Activation of bivalent factor DLX5 cooperates with master regulator TP63 to promote squamous cell carcinoma,https://academic.oup.com/nar/article/49/16/9246/6346664,2021,True,True,True,False,False,False
Autosomal sex-associated co-methylated regions predict biological sex from DNA methylation,https://academic.oup.com/nar/article/49/16/9097/6353815,2021,True,False,True,False,False,False
INO80 promotes H2A.Z occupancy to regulate cell fate transition in pluripotent stem cells,https://academic.oup.com/nar/article/49/12/6739/6303461,2021,True,True,True,False,False,False
Single-molecule imaging of epigenetic complexes in living cells: insights from studies on Polycomb group proteins,https://academic.oup.com/nar/article/49/12/6621/6261793,2021,True,False,False,False,False,False
Correction to ‘Characterization of an antagonistic switch between histone H3 lysine 27 methylation and acetylation in the transcriptional regulation of Polycomb group target genes’,https://academic.oup.com/nar/article/49/15/9000/6332815,2021,True,False,False,False,False,False
Molecular basis for bipartite recognition of histone H3 by the PZP domain of PHF14,https://academic.oup.com/nar/article/49/15/8961/6345469,2021,True,False,False,False,False,False
"Structural basis for glucocorticoid receptor recognition of both unmodified and methylated binding sites, precursors of a modern recognition element",https://academic.oup.com/nar/article/49/15/8923/6325255,2021,True,False,False,False,False,False
The splicing regulator SLU7 is required to preserve DNMT1 protein stability and DNA methylation,https://academic.oup.com/nar/article/49/15/8592/6332818,2021,True,False,False,False,False,False
TDRD3 promotes DHX9 chromatin recruitment and R-loop resolution,https://academic.oup.com/nar/article/49/15/8573/6331682,2021,True,False,False,False,False,False
Reactivation of tumour suppressor in breast cancer by enhancer switching through NamiRNA network,https://academic.oup.com/nar/article/49/15/8556/6331676,2021,True,False,False,False,False,False
DNA G-quadruplex structures: more than simple roadblocks to transcription?,https://academic.oup.com/nar/article/49/15/8419/6320416,2021,True,False,False,False,False,False
Single cell epigenetic visualization assay,https://academic.oup.com/nar/article/49/8/e43/6123377,2021,True,True,False,False,False,False
Molecular mechanism of RNase R substrate sensitivity for RNA ribose methylation,https://academic.oup.com/nar/article/49/8/4738/6206732,2021,True,False,False,False,False,False
Histone deacetylases control lysine acetylation of ribosomal proteins in rice,https://academic.oup.com/nar/article/49/8/4613/6219121,2021,True,False,False,False,False,False
INT-Hi-C reveals distinct chromatin architecture in endosperm and leaf tissues of,https://academic.oup.com/nar/article/49/8/4371/6179351,2021,True,False,False,False,False,False
A functional LSD1 coregulator screen reveals a novel transcriptional regulatory cascade connecting R-loop homeostasis with epigenetic regulation,https://academic.oup.com/nar/article/49/8/4350/6212757,2021,True,True,False,False,False,False
Profiling of RNA ribose methylation in,https://academic.oup.com/nar/article/49/7/4104/6204644,2021,True,False,False,False,False,False
RNA helicase-mediated regulation of snoRNP dynamics on pre-ribosomes and rRNA 2′-,https://academic.oup.com/nar/article/49/7/4066/6171294,2021,True,False,False,False,False,False
Regulator-dependent temporal dynamics of a restriction-modification system's gene expression upon entering new host cells: single-cell and population studies,https://academic.oup.com/nar/article/49/7/3826/6179350,2021,True,True,False,False,False,False
Methylation-directed acetylation of histone H3 regulates developmental sensitivity to histone deacetylase inhibition,https://academic.oup.com/nar/article/49/7/3781/6171295,2021,True,False,False,False,False,False
,https://academic.oup.com/nar/article/49/7/3764/6155938,2021,True,False,False,False,False,False
Interaction of the NRF2 and p63 transcription factors promotes keratinocyte proliferation in the epidermis,https://academic.oup.com/nar/article/49/7/3748/6188351,2021,True,False,False,False,False,False
Single-molecule optical mapping of the distribution of DNA phosphorothioate epigenetics,https://academic.oup.com/nar/article/49/7/3672/6188350,2021,True,False,False,False,False,False
Multiplexed single-cell profiling of chromatin states at genomic loci by expansion microscopy,https://academic.oup.com/nar/article/49/14/e82/6287849,2021,True,True,False,False,False,False
Long-read whole-genome methylation patterning using enzymatic base conversion and nanopore sequencing,https://academic.oup.com/nar/article/49/14/e81/6279847,2021,True,False,False,False,False,False
Structural and biochemical insight into the mechanism of dual CpG site binding and methylation by the DNMT3A DNA methyltransferase,https://academic.oup.com/nar/article/49/14/8294/6325258,2021,True,False,False,False,False,False
The Bromodomains of the mammalian SWI/SNF (mSWI/SNF) ATPases Brahma (BRM) and Brahma Related Gene 1 (BRG1) promote chromatin interaction and are critical for skeletal muscle differentiation,https://academic.oup.com/nar/article/49/14/8060/6325257,2021,True,False,False,False,False,False
RoboCOP: jointly computing chromatin occupancy profiles for numerous factors from chromatin accessibility data,https://academic.oup.com/nar/article/49/14/7925/6320408,2021,True,False,False,False,False,False
Roles of non-canonical structures of nucleic acids in cancer and neurodegenerative diseases,https://academic.oup.com/nar/article/49/14/7839/6318494,2021,True,False,False,False,False,False
CTCF as a regulator of alternative splicing: new tricks for an old player,https://academic.oup.com/nar/article/49/14/7825/6310786,2021,True,False,False,False,False,False
Preferential CEBP binding to T:G mismatches and increased C-to-T human somatic mutations,https://academic.oup.com/nar/article/49/9/5084/6240529,2021,True,False,False,False,False,False
HDAC3 controls male fertility through enzyme-independent transcriptional regulation at the meiotic exit of spermatogenesis,https://academic.oup.com/nar/article/49/9/5106/6262564,2021,True,False,False,False,False,False
Activation-induced deaminase is critical for the establishment of DNA methylation patterns prior to the germinal center reaction,https://academic.oup.com/nar/article/49/9/5057/6266447,2021,True,True,False,False,False,False
ncFANs v2.0: an integrative platform for functional annotation of non-coding RNAs,https://academic.oup.com/nar/article/49/W1/W459/6288441,2021,True,False,False,False,False,False
Estimage: a webserver hub for the computation of methylation age,https://academic.oup.com/nar/article/49/W1/W199/6285267,2021,True,False,False,False,False,False
DeepFun: a deep learning sequence-based model to decipher non-coding variant effect in a tissue- and cell type-specific manner,https://academic.oup.com/nar/article/49/W1/W131/6287843,2021,True,False,False,False,False,False
CNVxplorer: a web tool to assist clinical interpretation of CNVs in rare disease patients,https://academic.oup.com/nar/article/49/W1/W93/6279834,2021,True,False,False,False,False,False
An RNA tagging approach for system-wide RNA-binding proteome profiling and dynamics investigation upon transcription inhibition,https://academic.oup.com/nar/article/49/11/e65/6166852,2021,True,False,True,False,False,False
An essential role of the autophagy activating kinase ULK1 in snRNP biogenesis,https://academic.oup.com/nar/article/49/11/6437/6294219,2021,True,False,False,False,False,False
The H3K36me2 methyltransferase NSD1 modulates H3K27ac at active enhancers to safeguard gene expression,https://academic.oup.com/nar/article/49/11/6281/6295543,2021,True,False,False,False,False,False
The role of CTCF in the organization of the centromeric 11p15 imprinted domain interactome,https://academic.oup.com/nar/article/49/11/6315/6295544,2021,True,False,False,False,False,False
Functional characterization of RebL1 highlights the evolutionary conservation of oncogenic activities of the RBBP4/7 orthologue in,https://academic.oup.com/nar/article/49/11/6196/6292101,2021,True,False,True,False,False,False
CD44 alternative splicing senses intragenic DNA methylation in tumors via direct and indirect mechanisms,https://academic.oup.com/nar/article/49/11/6213/6292109,2021,True,False,False,False,False,False
Endonuclease enrichment TAPS for cost-effective genome-wide base-resolution DNA methylation detection,https://academic.oup.com/nar/article/49/13/e76/6255691,2021,True,False,False,False,False,False
5-Fluorouracil blocks quorum-sensing of biofilm-embedded methicillin-resistant,https://academic.oup.com/nar/article/49/13/e73/6226675,2021,True,True,False,False,False,False
Pax7 pioneer factor action requires both paired and homeo DNA binding domains,https://academic.oup.com/nar/article/49/13/7424/6312744,2021,True,False,False,False,False,False
Epitranscriptomic editing of the RNA N6-methyladenosine modification by dCasRx conjugated methyltransferase and demethylase,https://academic.oup.com/nar/article/49/13/7361/6310794,2021,True,True,True,False,False,False
Functional interplay of histone lysine 2-hydroxyisobutyrylation and acetylation in Arabidopsis under dark-induced starvation,https://academic.oup.com/nar/article/49/13/7347/6308981,2021,True,False,True,False,False,False
DNA methylation by three Type I restriction modification systems of,https://academic.oup.com/nar/article/49/13/7375/6310788,2021,True,False,False,False,False,False
A comprehensive review of m,https://academic.oup.com/nar/article/49/13/7239/6281478,2021,True,False,False,False,False,False
tRNA 2′-,https://academic.oup.com/nar/article/48/4/2050/5707191,2020,True,True,False,False,False,False
Transcriptional network dynamics during the progression of pluripotency revealed by integrative statistical learning,https://academic.oup.com/nar/article/48/4/1828/5680709,2020,True,True,False,False,False,False
Effector gene silencing mediated by histone methylation underpins host adaptation in an oomycete plant pathogen,https://academic.oup.com/nar/article/48/4/1790/5670846,2020,True,False,False,False,False,False
Integrative network analysis identifies cell-specific,https://academic.oup.com/nar/article/48/4/1715/5698140,2020,True,False,False,False,False,False
The identity and methylation status of the first transcribed nucleotide in eukaryotic mRNA 5′ cap modulates protein expression in living cells,https://academic.oup.com/nar/article/48/4/1607/5715811,2020,True,False,False,False,False,False
Functional diversity of small nucleolar RNAs,https://academic.oup.com/nar/article/48/4/1627/5673630,2020,True,False,False,False,False,False
DICER regulates the expression of major satellite repeat transcripts and meiotic chromosome segregation during spermatogenesis,https://academic.oup.com/nar/article/48/13/7135/5850314,2020,True,False,False,False,False,False
3′-Terminal 2′-,https://academic.oup.com/nar/article/48/13/7027/5857705,2020,True,False,False,False,False,False
Dynamic landscape and evolution of m,https://academic.oup.com/nar/article/48/11/6251/5837051,2020,True,False,False,False,False,False
Functional characterization of the human tRNA methyltransferases TRMT10A and TRMT10B,https://academic.oup.com/nar/article/48/11/6157/5835813,2020,True,False,False,False,False,False
A critical role of telomere chromatin compaction in ALT tumor cell growth,https://academic.oup.com/nar/article/48/11/6019/5831760,2020,True,False,False,False,False,False
ZKSCAN3 counteracts cellular senescence by stabilizing heterochromatin,https://academic.oup.com/nar/article/48/11/6001/5840577,2020,True,False,True,False,False,False
GCN5 modulates salicylic acid homeostasis by regulating H3K14ac levels at the 5′ and 3′ ends of its target genes,https://academic.oup.com/nar/article/48/11/5953/5836186,2020,True,False,False,False,False,False
Che-1/AATF binds to RNA polymerase I machinery and sustains ribosomal RNA gene transcription,https://academic.oup.com/nar/article/48/11/5891/5838864,2020,True,False,False,False,False,False
Human GTPBP5 (MTG2) fuels mitoribosome large subunit maturation by facilitating,https://academic.oup.com/nar/article/48/14/7924/5870333,2020,True,False,False,False,False,False
The chromatin landscape at the HIV-1 provirus integration site determines viral expression,https://academic.oup.com/nar/article/48/14/7801/5864711,2020,True,True,False,False,False,False
A unified view of the sequence and functional organization of the human RNA polymerase II promoter,https://academic.oup.com/nar/article/48/14/7767/5864710,2020,True,False,False,False,False,False
Activation of transcription factor circuity in 2i-induced ground state pluripotency is independent of repressive global epigenetic landscapes,https://academic.oup.com/nar/article/48/14/7748/5862686,2020,True,False,False,False,False,False
Alternative splicing and allosteric regulation modulate the chromatin binding of UHRF1,https://academic.oup.com/nar/article/48/14/7728/5866108,2020,True,False,False,False,False,False
Impact of 5-formylcytosine on the melting kinetics of DNA by,https://academic.oup.com/nar/article/48/15/8796/5870335,2020,True,False,False,False,False,False
Dnmt1 binds and represses genomic retroelements via DNA methylation in mouse early embryos,https://academic.oup.com/nar/article/48/15/8431/5871879,2020,True,True,False,False,False,False
Transcription of intragenic CpG islands influences spatiotemporal host gene pre-mRNA processing,https://academic.oup.com/nar/article/48/15/8349/5867410,2020,True,False,False,False,False,False
IMPLICON: an ultra-deep sequencing method to uncover DNA methylation at imprinted regions,https://academic.oup.com/nar/article/48/16/e92/5867412,2020,True,False,False,False,False,False
An NMR-based approach reveals the core structure of the functional domain of SINEUP lncRNAs,https://academic.oup.com/nar/article/48/16/9346/5874913,2020,True,False,False,False,False,False
METTL4 catalyzes m,https://academic.oup.com/nar/article/48/16/9250/5894412,2020,True,True,True,False,False,False
The chromatin-binding protein PHF6 functions as an E3 ubiquitin ligase of H2BK120 via H2BK12Ac recognition for activation of trophectodermal genes,https://academic.oup.com/nar/article/48/16/9037/5879435,2020,True,True,False,False,False,False
IncC conjugative plasmids and SXT/R391 elements repair double-strand breaks caused by CRISPR–Cas during conjugation,https://academic.oup.com/nar/article/48/16/8815/5858453,2020,True,True,False,False,False,False
Post-translational modifications of hnRNP A1 differentially modulate retroviral IRES-mediated translation initiation,https://academic.oup.com/nar/article/48/18/10479/5909926,2020,True,False,False,False,False,False
"The conserved elongation factor Spn1 is required for normal transcription, histone modifications, and splicing in",https://academic.oup.com/nar/article/48/18/10241/5907957,2020,True,False,False,False,False,False
Periphilin self-association underpins epigenetic silencing by the HUSH complex,https://academic.oup.com/nar/article/48/18/10313/5911750,2020,True,False,False,False,False,False
Embryonic erythropoiesis and hemoglobin switching require transcriptional repressor ETO2 to modulate chromatin organization,https://academic.oup.com/nar/article/48/18/10226/5909919,2020,True,False,False,False,False,False
Epigenetic silencing of clustered tRNA genes in Arabidopsis,https://academic.oup.com/nar/article/48/18/10297/5907966,2020,True,False,False,False,False,False
LSD1 prevents aberrant heterochromatin formation in,https://academic.oup.com/nar/article/48/18/10199/5908534,2020,True,False,False,False,False,False
"Synthesis, chirality-dependent conformational and biological properties of siRNAs containing 5′-(",https://academic.oup.com/nar/article/48/18/10101/5912822,2020,True,False,False,False,False,False
"Base pairing, structural and functional insights into",https://academic.oup.com/nar/article/48/18/10087/5907967,2020,True,False,False,False,False,False
Beta class amino methyltransferases from bacteria to humans: evolution and structural consequences,https://academic.oup.com/nar/article/48/18/10034/5846029,2020,True,False,False,False,False,False
Cryo-EM structure of the highly atypical cytoplasmic ribosome of,https://academic.oup.com/nar/article/48/20/11750/5936031,2020,True,False,False,False,False,False
Cell cycle regulated DNA methyltransferase: fluorescent tracking of a DNA strand-separation mechanism and identification of the responsible protein motif,https://academic.oup.com/nar/article/48/20/11589/5923429,2020,True,False,False,False,False,False
Revisiting the organization of Polycomb-repressed domains: 3D chromatin models from Hi-C compared with super-resolution imaging,https://academic.oup.com/nar/article/48/20/11486/5937089,2020,True,False,False,False,False,False
Complex DNA sequence readout mechanisms of the DNMT3B DNA methyltransferase,https://academic.oup.com/nar/article/48/20/11495/5940515,2020,True,False,False,False,False,False
EWS-FLI1 regulates and cooperates with core regulatory circuitry in Ewing sarcoma,https://academic.oup.com/nar/article/48/20/11434/5932862,2020,True,True,False,False,False,False
Sperm histone H3 lysine 4 trimethylation is altered in a genetic mouse model of transgenerational epigenetic inheritance,https://academic.oup.com/nar/article/48/20/11380/5929231,2020,True,False,False,False,False,False
The role of ZFP57 and additional KRAB-zinc finger proteins in the maintenance of human imprinted methylation and multi-locus imprinting disturbances,https://academic.oup.com/nar/article/48/20/11394/5923428,2020,True,False,False,False,False,False
Determinants of correlated expression of transcription factors and their target genes,https://academic.oup.com/nar/article/48/20/11347/5940494,2020,True,True,False,False,False,False
Prevalence of phase variable epigenetic invertons among host-associated bacteria,https://academic.oup.com/nar/article/48/20/11468/5943194,2020,True,False,False,False,False,False
METTL3 counteracts premature aging via m,https://academic.oup.com/nar/article/48/19/11083/5920440,2020,True,False,False,False,False,False
Senescence-activated enhancer landscape orchestrates the senescence-associated secretory phenotype in murine fibroblasts,https://academic.oup.com/nar/article/48/19/10909/5921304,2020,True,False,False,False,False,False
"An H3K4me3 reader, BAP18 as an adaptor of COMPASS-like core subunits co-activates ERα action and associates with the sensitivity of antiestrogen in breast cancer",https://academic.oup.com/nar/article/48/19/10768/5912568,2020,True,False,True,False,False,False
Catalytic mechanism and pH dependence of a methyltransferase ribozyme (MTR1) from computational enzymology,https://academic.oup.com/nar/article/51/9/4508/7127216,2023,True,False,False,False,False,False
Linker histone H1 modulates defense priming and immunity in plants,https://academic.oup.com/nar/article/51/9/4252/7058184,2023,True,False,False,False,False,False
Inferring cell diversity in single cell data using consortium-scale epigenetic data as a biological anchor for cell identity,https://academic.oup.com/nar/article/51/11/e62/7147502,2023,True,False,False,False,False,False
DNA modifications impact natural transformation of,https://academic.oup.com/nar/article/51/11/5661/7161540,2023,True,False,False,False,False,False
DNA binding specificity of all four,https://academic.oup.com/nar/article/51/11/5621/7161536,2023,True,False,False,False,False,False
Dual functions of TET1 in germ layer lineage bifurcation distinguished by genomic context and dependence on 5-methylcytosine oxidation,https://academic.oup.com/nar/article/51/11/5469/7109501,2023,True,False,False,False,False,False
ATXN3 controls DNA replication and transcription by regulating chromatin structure,https://academic.oup.com/nar/article/51/11/5396/7086677,2023,True,True,True,False,False,False
On the dependent recognition of some long zinc finger proteins,https://academic.oup.com/nar/article/51/11/5364/7084599,2023,True,False,False,False,False,False
RBBP4 is an epigenetic barrier for the induced transition of pluripotent stem cells into totipotent 2C-like cells,https://academic.oup.com/nar/article/51/11/5414/7109495,2023,True,False,False,False,False,False
WDR5 is required for,https://academic.oup.com/nar/article/51/10/5144/7109494,2023,True,True,False,False,False,False
LINE-1 repression in Epstein–Barr virus-associated gastric cancer through viral–host genome interaction,https://academic.oup.com/nar/article/51/10/4867/7081436,2023,True,False,False,False,False,False
VARIDT 1.0: variability of drug transporter database,https://academic.oup.com/nar/article/48/D1/D1042/5565287,2020,True,False,False,False,False,False
ExonSkipDB: functional annotation of exon skipping event in human,https://academic.oup.com/nar/article/48/D1/D896/5603217,2020,True,False,False,False,False,False
EWAS Data Hub: a resource of DNA methylation array data and metadata,https://academic.oup.com/nar/article/48/D1/D890/5580903,2020,True,False,False,False,False,False
DNMIVD: DNA methylation interactive visualization database,https://academic.oup.com/nar/article/48/D1/D856/5584613,2020,True,True,False,False,False,False
DriverDBv3: a multi-omics database for cancer driver gene research,https://academic.oup.com/nar/article/48/D1/D863/5614573,2020,True,False,False,False,False,False
DrLLPS: a data resource of liquid–liquid phase separation in eukaryotes,https://academic.oup.com/nar/article/48/D1/D288/5613676,2020,True,False,False,False,False,False
CFEA: a cell-free epigenome atlas in human diseases,https://academic.oup.com/nar/article/48/D1/D40/5552060,2020,True,False,False,False,False,False
Epigenetic CpG duplex marks probed by an evolved DNA reader via a well-tempered conformational plasticity,https://academic.oup.com/nar/article/51/12/6495/7078042,2023,True,False,False,False,False,False
Epigenetic plasticity safeguards heterochromatin configuration in mammals,https://academic.oup.com/nar/article/51/12/6190/7161537,2023,True,True,False,False,False,False
Forkhead box protein D2 suppresses colorectal cancer by reprogramming enhancer interactions,https://academic.oup.com/nar/article/51/12/6143/7157519,2023,True,False,False,False,False,False
Crucial role of iron in epigenetic rewriting during adipocyte differentiation mediated by JMJD1A and TET2 activity,https://academic.oup.com/nar/article/51/12/6120/7157532,2023,True,False,False,False,False,False
Low RNA stability signifies increased post-transcriptional regulation of cell identity genes,https://academic.oup.com/nar/article/51/12/6020/7147497,2023,True,False,False,False,False,False
Depositing centromere repeats induces heritable intragenic heterochromatin establishment and spreading in,https://academic.oup.com/nar/article/51/12/6039/7137439,2023,True,True,False,False,False,False
Crol contributes to PRE-mediated repression and Polycomb group proteins recruitment in,https://academic.oup.com/nar/article/51/12/6087/7151342,2023,True,False,False,False,False,False
DNA strand asymmetry generated by CpG hemimethylation has opposing effects on CTCF binding,https://academic.oup.com/nar/article/51/12/5997/7137447,2023,True,False,False,False,False,False
"A generalizable framework to comprehensively predict epigenome, chromatin organization, and transcriptome",https://academic.oup.com/nar/article/51/12/5931/7177889,2023,True,False,False,False,False,False
Structural basis for the selective methylation of 5-carboxymethoxyuridine in tRNA modification,https://academic.oup.com/nar/article/51/17/9432/7243459,2023,True,False,False,False,False,False
Dot1l cooperates with Npm1 to repress endogenous retrovirus MERVL in embryonic stem cells,https://academic.oup.com/nar/article/51/17/8970/7233924,2023,True,False,False,False,False,False
High fidelity DNA strand-separation is the major specificity determinant in DNA methyltransferase CcrM’s catalytic mechanism,https://academic.oup.com/nar/article/51/13/6883/7199337,2023,True,False,False,False,False,False
Polycomb protein SCML2 mediates paternal epigenetic inheritance through sperm chromatin,https://academic.oup.com/nar/article/51/13/6668/7191436,2023,True,False,False,False,False,False
On the accuracy of the epigenetic copy machine: comprehensive specificity analysis of the DNMT1 DNA methyltransferase,https://academic.oup.com/nar/article/51/13/6622/7184160,2023,True,False,False,False,False,False
ZMYM2 is essential for methylation of germline genes and active transposons in embryonic development,https://academic.oup.com/nar/article/51/14/7314/7217067,2023,True,True,True,True,False,False
Five nucleotides found in RCTG motifs are essential for post-fertilization methylation imprinting of the,https://academic.oup.com/nar/article/51/14/7236/7201945,2023,True,False,False,False,False,False
Widespread effects of DNA methylation and intra-motif dependencies revealed by novel transcription factor binding models,https://academic.oup.com/nar/article/51/18/e95/7256990,2023,True,True,False,False,False,False
Multivalency of nucleosome recognition by LEDGF,https://academic.oup.com/nar/article/51/18/10011/7249925,2023,True,False,False,False,False,False
The hologenome of,https://academic.oup.com/nar/article/51/18/9785/7252670,2023,True,True,False,False,False,False
Evolutionary conservation of embryonic DNA methylome remodelling in distantly related teleost species,https://academic.oup.com/nar/article/51/18/9658/7249928,2023,True,False,False,False,False,False
The fission yeast methyl phosphate capping enzyme Bmc1 guides 2′-O-methylation of the U6 snRNA,https://academic.oup.com/nar/article/51/16/8805/7219413,2023,True,False,True,False,False,False
Direct m6A recognition by IMP1 underlays an alternative model of target selection for non-canonical methyl-readers,https://academic.oup.com/nar/article/51/16/8774/7209315,2023,True,False,False,False,False,False
Human TRMT2A methylates tRNA and contributes to translation fidelity,https://academic.oup.com/nar/article/51/16/8691/7217057,2023,True,False,True,False,False,False
RTEL1 is required for silencing and epigenome stability,https://academic.oup.com/nar/article/51/16/8463/7226868,2023,True,False,False,False,False,False
NAT10-mediated N4-acetylcytidine mRNA modification regulates self-renewal in human embryonic stem cells,https://academic.oup.com/nar/article/51/16/8514/7232109,2023,True,False,False,False,False,False
Integration of gene expression and DNA methylation data across different experiments,https://academic.oup.com/nar/article/51/15/7762/7217038,2023,True,False,False,False,False,False
Immunoprecipitation of RNA–DNA hybrid interacting proteins in,https://academic.oup.com/nar/article/51/20/11123/7318130,2023,True,False,False,False,False,False
"ATM, KAP1 and the Epstein–Barr virus polymerase processivity factor direct traffic at the intersection of transcription and replication",https://academic.oup.com/nar/article/51/20/11104/7318118,2023,True,False,True,False,False,False
BRCA1–BARD1 combines multiple chromatin recognition modules to bridge nascent nucleosomes,https://academic.oup.com/nar/article/51/20/11080/7308685,2023,True,False,False,False,False,False
PML modulates epigenetic composition of chromatin to regulate expression of pro-metastatic genes in triple-negative breast cancer,https://academic.oup.com/nar/article/51/20/11024/7308682,2023,True,False,False,False,False,False
Contributions of histone tail clipping and acetylation in nucleosome transcription by RNA polymerase II,https://academic.oup.com/nar/article/51/19/10364/7276310,2023,True,False,False,False,False,False
The arginine methyltransferase Prmt1 coordinates the germline arginine methylome essential for spermatogonial homeostasis and male fertility,https://academic.oup.com/nar/article/51/19/10428/7280548,2023,True,False,True,False,False,False
Diverse regulatory pathways modulate bet hedging of competence induction in epigenetically-differentiated phase variants of,https://academic.oup.com/nar/article/51/19/10375/7283893,2023,True,False,False,False,False,False
A genetic screen identifies BEND3 as a regulator of bivalent gene expression and global DNA methylation,https://academic.oup.com/nar/article/51/19/10292/7257000,2023,True,True,False,False,False,False
HapX-mediated H2B deub1 and SreA-mediated H2A.Z deposition coordinate in fungal iron resistance,https://academic.oup.com/nar/article/51/19/10238/7256996,2023,True,False,False,False,False,False
Epigenetic reprogramming of a distal developmental enhancer cluster drives,https://academic.oup.com/nar/article/51/19/10109/7279038,2023,True,False,False,False,False,False
Crystal structure of human cytoplasmic tRNA,https://academic.oup.com/nar/article/48/3/1572/5699672,2020,True,False,False,False,False,False
Mkt1 is required for RNAi-mediated silencing and establishment of heterochromatin in fission yeast,https://academic.oup.com/nar/article/48/3/1239/5673137,2020,True,False,False,False,False,False
Cytosine epigenetic modification modulates the formation of an unprecedented G4 structure in the,https://academic.oup.com/nar/article/48/3/1120/5698138,2020,True,False,False,False,False,False
TFregulomeR reveals transcription factors’ context-specific features and functions,https://academic.oup.com/nar/article/48/2/e10/5637590,2020,True,False,False,False,False,False
The human methyltransferase ZCCHC4 catalyses,https://academic.oup.com/nar/article/48/2/830/5651334,2020,True,True,False,False,False,False
SIRT1/2 orchestrate acquisition of DNA methylation and loss of histone H3 activating marks to prevent premature activation of inflammatory genes in macrophages,https://academic.oup.com/nar/article/48/2/665/5651320,2020,True,False,True,False,False,False
Different class IIa HDACs repressive complexes regulate specific epigenetic responses related to cell survival in leiomyosarcoma cells,https://academic.oup.com/nar/article/48/2/646/5637592,2020,True,True,False,False,False,False
ENL reads histone β-hydroxybutyrylation to modulate gene transcription,https://academic.oup.com/nar/article/52/17/10029/7693435,2024,True,False,True,False,False,False
Quantifying allele-specific CRISPR editing activity with CRISPECTOR2.0,https://academic.oup.com/nar/article/52/16/e78/7723890,2024,True,False,False,False,False,False
ONECUT2 acts as a lineage plasticity driver in adenocarcinoma as well as neuroendocrine variants of prostate cancer,https://academic.oup.com/nar/article/52/13/7740/7699956,2024,True,False,False,False,False,False
RETRACTED AND REPLACED: Genomic context-dependent histone H3K36 methylation by three,https://academic.oup.com/nar/article/52/13/7627/7685158,2024,True,False,False,False,False,False
The complete pathway for co-transcriptional mRNA maturation within a large protein of a non-segmented negative-strand RNA virus,https://academic.oup.com/nar/article/52/16/9803/7723892,2024,True,False,False,False,False,False
H3T11 phosphorylation by CKII is required for heterochromatin formation in,https://academic.oup.com/nar/article/52/16/9536/7728023,2024,True,False,False,False,False,False
DNA cytosine methyltransferases differentially regulate genome-wide hypermutation and interhomolog recombination in,https://academic.oup.com/nar/article/52/16/9551/7716203,2024,True,False,False,False,False,False
Adenovirus small E1A directs activation of,https://academic.oup.com/nar/article/52/16/9481/7714455,2024,True,False,False,False,False,False
SMCHD1 activates the expression of genes required for the expansion of human myoblasts,https://academic.oup.com/nar/article/52/16/9450/7712615,2024,True,False,False,False,False,False
PBOX-sRNA-seq uncovers novel features of miRNA modification and identifies selected 5′-tRNA fragments bearing 2′-,https://academic.oup.com/nar/article/52/14/e65/7697532,2024,True,False,False,False,False,False
Structural basis of water-mediated,https://academic.oup.com/nar/article/52/14/8566/7710909,2024,True,False,False,False,False,False
Arabidopsis AGO1 N-terminal extension acts as an essential hub for PRMT5 interaction and post-translational modifications,https://academic.oup.com/nar/article/52/14/8466/7676837,2024,True,False,False,False,False,False
Efficient activation of hundreds of LTR12C elements reveals,https://academic.oup.com/nar/article/52/14/8205/7693437,2024,True,False,False,False,False,False
HDAC4 influences the DNA damage response and counteracts senescence by assembling with HDAC1/HDAC2 to control H2BK120 acetylation and homology-directed repair,https://academic.oup.com/nar/article/52/14/8218/7693441,2024,True,False,True,False,False,False
Machine learning enables pan-cancer identification of mutational hotspots at persistent CTCF binding sites,https://academic.oup.com/nar/article/52/14/8086/7699949,2024,True,True,True,False,False,False
Cytosine analogues as DNA methyltransferase substrates,https://academic.oup.com/nar/article/52/15/9267/7706470,2024,True,False,False,False,False,False
Chromatin context-dependent effects of epigenetic drugs on CRISPR-Cas9 editing,https://academic.oup.com/nar/article/52/15/8815/7702503,2024,True,False,False,False,False,False
Epigenetic and transcriptional consequences in the endosperm of chemically induced transposon mobilization in Arabidopsis,https://academic.oup.com/nar/article/52/15/8833/7706484,2024,True,False,False,False,False,False
Differential impact of quiescent non-coding loci on chromatin entropy,https://academic.oup.com/nar/article/52/15/8778/7697534,2024,True,True,False,False,False,False
Interpretable deep residual network uncovers nucleosome positioning and associated features,https://academic.oup.com/nar/article/52/15/8734/7717835,2024,True,False,False,False,False,False
The impact of the embryonic DNA methylation program on CTCF-mediated genome regulation,https://academic.oup.com/nar/article/52/18/10934/7740592,2024,True,False,False,False,False,False
"Trinucleotide cap analogs with triphosphate chain modifications: synthesis, properties, and evaluation as mRNA capping reagents",https://academic.oup.com/nar/article/52/18/10788/7753433,2024,True,False,False,False,False,False
Tracking live-cell single-molecule dynamics enables measurements of heterochromatin-associated protein–protein interactions,https://academic.oup.com/nar/article/52/18/10731/7732368,2024,True,True,False,False,False,False
Trypanosome mRNA recapping is triggered by hypermethylation originating from cap 4,https://academic.oup.com/nar/article/52/17/10645/7714448,2024,True,False,False,False,False,False
PHF8 facilitates transcription recovery following DNA double-strand break repair,https://academic.oup.com/nar/article/52/17/10297/7725480,2024,True,False,False,False,False,False
Rapid profiling of transcription factor–cofactor interaction networks reveals principles of epigenetic regulation,https://academic.oup.com/nar/article/52/17/10276/7738002,2024,True,False,True,False,False,False
Genetic–epigenetic interplay in the determination of plant 3D genome organization,https://academic.oup.com/nar/article/52/17/10220/7734170,2024,True,True,False,False,False,False
DNA sequence and chromatin differentiate sequence-specific transcription factor binding in the human malaria parasite,https://academic.oup.com/nar/article/52/17/10161/7706481,2024,True,False,False,False,False,False
The C-terminal 4CXXC-type zinc finger domain of CDCA7 recognizes hemimethylated DNA and modulates activities of chromatin remodeling enzyme HELLS,https://academic.oup.com/nar/article/52/17/10194/7731292,2024,True,False,False,False,False,False
SUMMER: a Mendelian randomization interactive server to systematically evaluate the causal effects of risk factors and circulating biomarkers on pan-cancer survival,https://academic.oup.com/nar/article/51/D1/D1160/6659869,2023,True,False,False,False,False,False
Lineage Landscape: a comprehensive database that records lineage commitment across species,https://academic.oup.com/nar/article/51/D1/D1061/6777788,2023,True,False,False,False,False,False
The Neuroscience Multi-Omic Archive: a BRAIN Initiative resource for single-cell transcriptomic and epigenomic data from the mammalian brain,https://academic.oup.com/nar/article/51/D1/D1075/6786191,2023,True,False,False,False,False,False
EmAtlas: a comprehensive atlas for exploring spatiotemporal activation in mammalian embryogenesis,https://academic.oup.com/nar/article/51/D1/D924/6746867,2023,True,False,False,False,False,False
COMBATdb: a database for the COVID-19 Multi-Omics Blood ATlas,https://academic.oup.com/nar/article/51/D1/D896/6819934,2023,True,True,True,False,False,True
"REBASE: a database for DNA restriction and modification: enzymes, genes and genomes",https://academic.oup.com/nar/article/51/D1/D629/6786197,2023,True,False,False,False,False,False
EpiFactors 2022: expansion and enhancement of a curated database of human epigenetic factors and complexes,https://academic.oup.com/nar/article/51/D1/D564/6814453,2023,True,False,False,False,False,False
"qPTM: an updated database for PTM dynamics in human, mouse, rat and yeast",https://academic.oup.com/nar/article/51/D1/D479/6723729,2023,True,False,True,False,False,False
SEdb 2.0: a comprehensive super-enhancer database of human and mouse,https://academic.oup.com/nar/article/51/D1/D280/6786195,2023,True,False,False,False,False,False
MethBank 4.0: an updated database of DNA methylation across a variety of species,https://academic.oup.com/nar/article/51/D1/D208/6786198,2023,True,False,False,False,False,False
LncBook 2.0: integrating human long non-coding RNAs with multi-omics annotations,https://academic.oup.com/nar/article/51/D1/D186/6795885,2023,True,False,False,False,False,False
CRdb: a comprehensive resource for deciphering chromatin regulators in human,https://academic.oup.com/nar/article/51/D1/D88/6786205,2023,True,False,False,False,False,False
"CohesinDB: a comprehensive database for decoding cohesin-related epigenomes, 3D genomes and transcriptomes in human cells",https://academic.oup.com/nar/article/51/D1/D70/6709247,2023,True,False,True,False,False,False
AnimalTFDB 4.0: a comprehensive animal transcription factor database updated with variation and expression annotations,https://academic.oup.com/nar/article/51/D1/D39/6765312,2023,True,False,False,False,False,False
"3,",https://academic.oup.com/nar/article/52/20/12378/7771561,2024,True,False,False,False,False,False
SUPREM: an engineered non-site-specific m,https://academic.oup.com/nar/article/52/20/12158/7824607,2024,True,False,False,False,False,False
Chem-CRISPR/dCas9,https://academic.oup.com/nar/article/52/19/11587/7771562,2024,True,False,False,False,False,False
DNA methylation by CcrM contributes to genome maintenance in the,https://academic.oup.com/nar/article/52/19/11519/7748945,2024,True,False,False,False,False,False
DNA-binding proteins from MBD through ZF to BEN: recognition of cytosine methylation status by one arginine with two conformations,https://academic.oup.com/nar/article/52/19/11442/7779353,2024,True,False,False,False,False,False
Closing in on human methylation—the versatile family of seven-β-strand (METTL) methyltransferases,https://academic.oup.com/nar/article/52/19/11423/7798786,2024,True,False,False,False,False,False
A novel active transposon creates allelic variation through altered translation rate to influence protein abundance,https://academic.oup.com/nar/article/51/2/595/6984589,2023,True,False,False,False,False,False
A shared ‘vulnerability code’ underpins varying sources of DNA damage throughout paternal germline transmission in mouse,https://academic.oup.com/nar/article/51/5/2319/7048505,2023,True,False,False,False,False,False
Epigenetic and chromosomal features drive transposon insertion in,https://academic.oup.com/nar/article/51/5/2066/7033800,2023,True,False,True,False,False,False
DNA methylation entropy is associated with DNA sequence features and developmental epigenetic divergence,https://academic.oup.com/nar/article/51/5/2046/7033790,2023,True,True,True,False,False,False
MethyLasso: a segmentation approach to analyze DNA methylation patterns and identify differentially methylated regions from whole-genome datasets,https://academic.oup.com/nar/article/52/21/e98/7825960,2024,True,True,False,False,False,False
Key transcription factors influence the epigenetic landscape to regulate retinal cell differentiation,https://academic.oup.com/nar/article/51/5/2151/7009117,2023,True,True,False,False,False,False
Recruitment of homodimeric proneural factors by conserved CAT–CAT E-boxes drives major epigenetic reconfiguration in cortical neurogenesis,https://academic.oup.com/nar/article/52/21/12895/7874845,2024,True,False,False,False,False,False
DRAGON: Determining Regulatory Associations using Graphical models on multi-Omic Networks,https://academic.oup.com/nar/article/51/3/e15/6931867,2023,True,False,True,False,False,False
Antagonistic action of GPS2 and KDM1A at enhancers governs alternative macrophage activation by interleukin 4,https://academic.oup.com/nar/article/51/3/1067/6970248,2023,True,True,False,False,False,False
The homeodomain of Oct4 is a dimeric binder of methylated CpG elements,https://academic.oup.com/nar/article/51/3/1120/6985830,2023,True,False,False,False,False,False
Comprehensive chromatin proteomics resolves functional phases of pluripotency and identifies changes in regulatory components,https://academic.oup.com/nar/article/51/6/2671/7048503,2023,True,True,True,True,False,False
Proximal binding of dCas9 at a DNA double strand break stimulates homology-directed repair as a local inhibitor of classical non-homologous end joining,https://academic.oup.com/nar/article/51/6/2740/7067942,2023,True,False,False,False,False,False
Internal RNA 2′O-methylation in the HIV-1 genome counteracts ISG20 nuclease-mediated antiviral effect,https://academic.oup.com/nar/article/51/6/2501/6819936,2023,True,False,False,False,False,False
Proteomic analyses reveal new features of the box H/ACA RNP biogenesis,https://academic.oup.com/nar/article/51/7/3357/7068364,2023,True,False,False,False,False,False
,https://academic.oup.com/nar/article/51/7/3240/7058191,2023,True,False,False,False,False,False
Systematic identification of factors involved in the silencing of germline genes in mouse embryonic stem cells,https://academic.oup.com/nar/article/51/7/3130/7034410,2023,True,False,False,False,False,False
Characterization of the dual role of,https://academic.oup.com/nar/article/51/8/3918/7110759,2023,True,True,False,False,False,False
Single-stranded pre-methylated 5mC adapters uncover the methylation profile of plasma ultrashort Single-stranded cell-free DNA,https://academic.oup.com/nar/article/52/11/e50/7680632,2024,True,True,True,False,False,False
WashU Epigenome Browser update 2022,https://academic.oup.com/nar/article/50/W1/W774/6567479,2022,True,False,False,False,False,False
JMnorm: a novel joint multi-feature normalization method for integrative and comparative epigenomics,https://academic.oup.com/nar/article/52/2/e11/7459476,2024,True,True,False,False,False,False
MethMarkerDB: a comprehensive cancer DNA methylation biomarker database,https://academic.oup.com/nar/article/52/D1/D1380/7331013,2024,True,True,False,False,False,False
mHapBrowser: a comprehensive database for visualization and analysis of DNA methylation haplotypes,https://academic.oup.com/nar/article/52/D1/D929/7311086,2024,True,False,False,False,False,False
LncSEA 2.0: an updated platform for long non-coding RNA related sets and enrichment analysis,https://academic.oup.com/nar/article/52/D1/D919/7438910,2024,True,True,False,False,False,False
scGRN: a comprehensive single-cell gene regulatory network platform of human and mouse,https://academic.oup.com/nar/article/52/D1/D293/7331011,2024,True,False,False,False,False,False
scATAC-Ref: a reference of scATAC-seq with known cell labels in multiple species,https://academic.oup.com/nar/article/52/D1/D285/7332067,2024,True,False,False,False,False,False
MethMotif.Org 2024: a database integrating context-specific transcription factor-binding motifs with DNA methylation patterns,https://academic.oup.com/nar/article/52/D1/D222/7321073,2024,True,False,False,False,False,False
m7GHub V2.0: an updated database for decoding the N7-methylguanosine (m,https://academic.oup.com/nar/article/52/D1/D203/7301288,2024,True,False,False,False,False,False
m,https://academic.oup.com/nar/article/52/D1/D194/7243455,2024,True,False,False,False,False,False
KnockTF 2.0: a comprehensive gene expression profile database with knockdown/knockout of transcription (co-)factors in multiple species,https://academic.oup.com/nar/article/52/D1/D183/7416815,2024,True,False,False,False,False,False
HHCDB: a database of human heterochromatin regions,https://academic.oup.com/nar/article/52/D1/D145/7332058,2024,True,False,False,False,False,False
NCBI GEO: archive for gene expression and epigenomics data sets: 23-year update,https://academic.oup.com/nar/article/52/D1/D138/7337616,2024,True,True,True,False,False,False
eRNAbase: a comprehensive database for decoding the regulatory eRNAs in human and mouse,https://academic.oup.com/nar/article/52/D1/D81/7331015,2024,True,False,False,False,False,False
MethReg: estimating the regulatory potential of DNA methylation in gene transcription,https://academic.oup.com/nar/article/50/9/e51/6517953,2022,True,True,True,False,False,False
Identification and characterization of the WYL BrxR protein and its gene as separable regulatory elements of a BREX phage restriction system,https://academic.oup.com/nar/article/50/9/5171/6576551,2022,True,False,False,False,False,False
The ‘Alu-ome’ shapes the epigenetic environment of regulatory elements controlling cellular defense,https://academic.oup.com/nar/article/50/9/5095/6584433,2022,True,False,False,False,False,False
Epigenome editing reveals core DNA methylation for imprinting control in the,https://academic.oup.com/nar/article/50/9/5080/6584436,2022,True,False,False,False,False,False
A loosened gating mechanism of RIG-I leads to autoimmune disorders,https://academic.oup.com/nar/article/50/10/5850/6586872,2022,True,False,False,False,False,False
Synthesis of RNA-cofactor conjugates and structural exploration of RNA recognition by an m,https://academic.oup.com/nar/article/50/10/5793/6586874,2022,True,False,False,False,False,False
USP16-mediated histone H2A lysine-119 deubiquitination during oocyte maturation is a prerequisite for zygotic genome activation,https://academic.oup.com/nar/article/50/10/5599/6595282,2022,True,True,False,False,False,False
Ccr4–Not complex reduces transcription efficiency in heterochromatin,https://academic.oup.com/nar/article/50/10/5565/6595293,2022,True,False,False,False,False,False
Hexokinase 2 is a transcriptional target and a positive modulator of AHR signalling,https://academic.oup.com/nar/article/50/10/5545/6591533,2022,True,True,False,False,False,False
"ChIP-Atlas 2021 update: a data-mining suite for exploring epigenomic landscapes by fully integrating ChIP-seq, ATAC-seq and Bisulfite-seq data",https://academic.oup.com/nar/article/50/W1/W175/6553688,2022,True,False,False,False,False,False
Enhanced nucleosome assembly at CpG sites containing an extended 5-methylcytosine analogue,https://academic.oup.com/nar/article/50/11/6549/6596862,2022,True,False,False,False,False,False
KDM6B promotes PARthanatos via suppression of,https://academic.oup.com/nar/article/50/11/6313/6596863,2022,True,False,True,False,False,False
Schlafen 5 suppresses human immunodeficiency virus type 1 transcription by commandeering cellular epigenetic machinery,https://academic.oup.com/nar/article/50/11/6137/6605318,2022,True,False,False,False,False,False
Inhibition of histone acetyltransferase GCN5 by a transcription factor FgPacC controls fungal adaption to host-derived iron stress,https://academic.oup.com/nar/article/50/11/6190/6605312,2022,True,False,False,False,False,False
The snoGloBe interaction predictor reveals a broad spectrum of C/D snoRNA RNA targets,https://academic.oup.com/nar/article/50/11/6067/6601282,2022,True,False,False,False,False,False
MAE-seq refines regulatory elements across the genome,https://academic.oup.com/nar/article/52/2/e9/7457020,2024,True,False,True,False,False,False
Modular cytosine base editing promotes epigenomic and genomic modifications,https://academic.oup.com/nar/article/52/2/e8/7442535,2024,True,False,False,False,False,False
A prophage encoded ribosomal RNA methyltransferase regulates the virulence of Shiga-toxin-producing,https://academic.oup.com/nar/article/52/2/856/7469962,2024,True,True,True,False,False,False
Hi-BDiSCO: folding 3D mesoscale genome structures from Hi-C data using brownian dynamics,https://academic.oup.com/nar/article/52/2/583/7453262,2024,True,False,False,False,False,False
The RNA helicase Dbp10 coordinates assembly factor association with PTC maturation during ribosome biogenesis,https://academic.oup.com/nar/article/52/4/1975/7479380,2024,True,False,False,False,False,False
GPATCH4 regulates rRNA and snRNA 2′-,https://academic.oup.com/nar/article/52/4/1953/7479381,2024,True,True,False,False,False,False
Conversion of the CG specific M.MpeI DNA methyltransferase into an enzyme predominantly methylating CCA and CCC sites,https://academic.oup.com/nar/article/52/4/1896/7504874,2024,True,False,False,False,False,False
Reconstructing DNA methylation maps of ancient populations,https://academic.oup.com/nar/article/52/4/1602/7585666,2024,True,True,True,False,False,False
Internal RNA 2′-,https://academic.oup.com/nar/article/52/3/1359/7453259,2024,True,True,False,False,False,False
The roles of DNA methylation on pH dependent i-motif (iM) formation in rice,https://academic.oup.com/nar/article/52/3/1243/7511758,2024,True,False,False,False,False,False
DAXX promotes centromeric stability independently of ATRX by preventing the accumulation of R-loop-induced DNA double-stranded breaks,https://academic.oup.com/nar/article/52/3/1136/7457013,2024,True,True,True,False,False,False
Epigenetic characterization of housekeeping core promoters and their importance in tumor suppression,https://academic.oup.com/nar/article/52/3/1107/7469960,2024,True,False,False,False,False,False
Uncovering the roles of DNA hemi-methylation in transcriptional regulation using MspJI-assisted hemi-methylation sequencing,https://academic.oup.com/nar/article/52/5/e24/7585667,2024,True,True,False,False,False,False
The unique dual targeting of AGO1 by two types of PRMT enzymes promotes phasiRNA loading in,https://academic.oup.com/nar/article/52/5/2480/7600455,2024,True,True,False,False,False,False
PRC1 directs PRC2-H3K27me3 deposition to shield adult spermatogonial stem cells from differentiation,https://academic.oup.com/nar/article/52/5/2306/7492914,2024,True,False,False,False,False,False
Histone lactylation-boosted ALKBH3 potentiates tumor progression and diminished promyelocytic leukemia protein nuclear condensates by m,https://academic.oup.com/nar/article/52/5/2273/7481829,2024,True,False,True,False,False,False
"BISCUIT: an efficient, standards-compliant tool suite for simultaneous genetic and epigenetic inference in bulk and single-cell studies",https://academic.oup.com/nar/article/52/6/e32/7614859,2024,True,False,False,False,False,False
THUMPD2 catalyzes the,https://academic.oup.com/nar/article/52/6/3291/7504875,2024,True,False,True,False,False,False
DNA hypomethylation activates Cdk4/6 and Atr to induce DNA replication and cell cycle arrest to constrain liver outgrowth in zebrafish,https://academic.oup.com/nar/article/52/6/3069/7600456,2024,True,False,False,False,False,False
H2A.Z is involved in premature aging and DSB repair initiation in muscle fibers,https://academic.oup.com/nar/article/52/6/3031/7590905,2024,True,False,False,False,False,False
Comprehensive map of ribosomal 2′-O-methylation and C/D box snoRNAs in,https://academic.oup.com/nar/article/52/6/2848/7615670,2024,True,False,True,False,False,False
Programmable RNA 5-methylcytosine (m,https://academic.oup.com/nar/article/52/6/2776/7608824,2024,True,False,False,False,False,False
Low-input and single-cell methods for Infinium DNA methylation BeadChips,https://academic.oup.com/nar/article/52/7/e38/7614125,2024,True,False,False,False,False,False
Molecular basis of an atypical dsDNA 5mC/6mA bifunctional dioxygenase CcTet from,https://academic.oup.com/nar/article/52/7/3886/7602850,2024,True,False,False,False,False,False
LSD1 controls a nuclear checkpoint in Wnt/β-Catenin signaling to regulate muscle stem cell self-renewal,https://academic.oup.com/nar/article/52/7/3667/7602284,2024,True,False,False,False,False,False
Extending MeCP2 interactome: canonical nucleosomal histones interact with MeCP2,https://academic.oup.com/nar/article/52/7/3636/7600452,2024,True,False,False,False,False,False
Tet-mediated DNA methylation dynamics affect chromosome organization,https://academic.oup.com/nar/article/52/7/3654/7596006,2024,True,False,False,False,False,False
Decoding the universal human chromatin landscape through teratoma-based profiling,https://academic.oup.com/nar/article/52/7/3589/7590904,2024,True,False,False,False,False,False
Determinant of m,https://academic.oup.com/nar/article/52/7/3510/7624076,2024,True,False,False,False,False,False
Examining chromatin heterogeneity through PacBio long-read sequencing of M.EcoGII methylated genomes: an m,https://academic.oup.com/nar/article/52/9/e45/7650566,2024,True,False,False,False,False,False
Defective transfer of parental histone decreases frequency of homologous recombination by increasing free histone pools in budding yeast,https://academic.oup.com/nar/article/52/9/5138/7637894,2024,True,False,False,False,False,False
WSB1/2 target chromatin-bound lysine-methylated RelA for proteasomal degradation and NF-κB termination,https://academic.oup.com/nar/article/52/9/4969/7624079,2024,True,False,False,False,False,False
ATRX guards against aberrant differentiation in mesenchymal progenitor cells,https://academic.oup.com/nar/article/52/9/4950/7627878,2024,True,True,False,False,False,False
Genome-wide screening and functional validation of methylation barriers near promoters,https://academic.oup.com/nar/article/52/9/4857/7655784,2024,True,False,True,False,False,False
Correction to ‘Non-CpG methylation by DNMT3B facilitates REST binding and gene silencing in developing mouse hearts’,https://academic.oup.com/nar/article/52/8/4756/7642062,2024,True,False,False,False,False,False
Mutation rate heterogeneity at the sub-gene scale due to local DNA hypomethylation,https://academic.oup.com/nar/article/52/8/4393/7642061,2024,True,False,False,False,False,False
Zebrafish Mbd5 binds to RNA m,https://academic.oup.com/nar/article/52/8/4257/7608825,2024,True,False,False,False,False,False
Leveraging chromatin state transitions for the identification of regulatory networks orchestrating heart regeneration,https://academic.oup.com/nar/article/52/8/4215/7607876,2024,True,False,False,True,False,False
Lineage-determining transcription factor-driven promoters regulate cell type-specific macrophage gene expression,https://academic.oup.com/nar/article/52/8/4234/7606962,2024,True,False,False,False,False,False
ChIP-Atlas 3.0: a data-mining suite to explore chromosome architecture together with large-scale regulome data,https://academic.oup.com/nar/article/52/W1/W45/7671323,2024,True,False,False,False,False,False
Implication of nucleotides near the 3′ end of 16S rRNA in guarding the translational reading frame,https://academic.oup.com/nar/article/52/10/5950/7624078,2024,True,False,False,False,False,False
Fluoropyrimidines trigger decay of hypomodified tRNA in yeast,https://academic.oup.com/nar/article/52/10/5841/7666992,2024,True,False,False,False,False,False
Disruption of G-quadruplex dynamicity by BRCA2 abrogation instigates phase separation and break-induced replication at telomeres,https://academic.oup.com/nar/article/52/10/5756/7642069,2024,True,False,False,False,False,False
ARID1A regulates DNA repair through chromatin organization and its deficiency triggers DNA damage-mediated anti-tumor immune response,https://academic.oup.com/nar/article/52/10/5698/7642065,2024,True,True,False,False,False,False
Dux activates metabolism-lactylation-MET network during early iPSC reprogramming with Brg1 as the histone lactylation reader,https://academic.oup.com/nar/article/52/10/5529/7632933,2024,True,True,False,False,False,False
Biochemical properties of chromatin domains define genome compartmentalization,https://academic.oup.com/nar/article/52/12/e54/7684597,2024,True,False,False,False,False,False
PRMT5-mediated arginine methylation of FXR1 is essential for RNA binding in cancer cells,https://academic.oup.com/nar/article/52/12/7225/7665649,2024,True,True,False,False,False,False
Epigenetic control of adaptive or homeostatic splicing during interval-training activities,https://academic.oup.com/nar/article/52/12/7211/7658046,2024,True,False,False,False,False,False
PHF2 regulates genome topology and DNA replication in neural stem cells via cohesin,https://academic.oup.com/nar/article/52/12/7063/7684604,2024,True,False,True,False,False,False
CARM1 hypermethylates the NuRD chromatin remodeling complex to promote cell cycle gene expression and breast cancer development,https://academic.oup.com/nar/article/52/12/6811/7659309,2024,True,True,False,False,False,False
Site-specific regulation of RNA editing with ribose-modified nucleoside analogs in ADAR guide strands,https://academic.oup.com/nar/article/52/12/6733/7686739,2024,True,False,False,False,False,False
MIWI N-terminal arginines orchestrate generation of functional pachytene piRNAs and spermiogenesis,https://academic.oup.com/nar/article/52/11/6558/7634146,2024,True,True,False,False,False,False
Despite the odds: formation of the SARS-CoV-2 methylation complex,https://academic.oup.com/nar/article/52/11/6441/7631398,2024,True,False,False,False,False,False
Simultaneous profiling of chromatin accessibility and DNA methylation in complete plant genomes using long-read sequencing,https://academic.oup.com/nar/article/52/11/6285/7659306,2024,True,False,False,False,False,False
,https://academic.oup.com/nar/article/52/11/6129/7675174,2024,True,False,False,False,False,False
PRMT7 regulates RNA-binding capacity and protein stability in,https://academic.oup.com/nar/article/48/10/5511/5828918,2020,True,False,False,False,False,False
H2B ubiquitylation enhances H3K4 methylation activities of human KMT2 family complexes,https://academic.oup.com/nar/article/48/10/5442/5828914,2020,True,False,False,False,False,False
Regulation of alternative polyadenylation in the yeast,https://academic.oup.com/nar/article/48/10/5407/5827662,2020,True,False,False,False,False,False
Phage T7 DNA mimic protein Ocr is a potent inhibitor of BREX defence,https://academic.oup.com/nar/article/48/10/5397/5825620,2020,True,False,False,False,False,False
Methyltransferase DnmA is responsible for genome-wide N6-methyladenosine modifications at non-palindromic recognition sites in,https://academic.oup.com/nar/article/48/10/5332/5824153,2020,True,False,False,False,False,False
Functional organization of box C/D RNA-guided RNA methyltransferase,https://academic.oup.com/nar/article/48/9/5094/5820881,2020,True,False,False,False,False,False
Deacetylase-independent function of SIRT6 couples GATA4 transcription factor and epigenetic activation against cardiomyocyte apoptosis,https://academic.oup.com/nar/article/48/9/4992/5815013,2020,True,False,False,False,False,False
,https://academic.oup.com/nar/article/48/9/4827/5819936,2020,True,False,False,False,False,False
PHB regulates meiotic recombination via JAK2-mediated histone modifications in spermatogenesis,https://academic.oup.com/nar/article/48/9/4780/5813808,2020,True,False,False,False,False,False
Loci specific epigenetic drug sensitivity,https://academic.oup.com/nar/article/48/9/4797/5815824,2020,True,False,False,False,False,False
Quantitative comparison of within-sample heterogeneity scores for DNA methylation data,https://academic.oup.com/nar/article/48/8/e46/5760751,2020,True,True,False,False,False,False
S3norm: simultaneous normalization of sequencing depth and signal-to-noise ratio in epigenomic data,https://academic.oup.com/nar/article/48/8/e43/5747479,2020,True,False,True,False,False,False
Long noncoding RNA HCP5 participates in premature ovarian insufficiency by transcriptionally regulating MSH5 and DNA damage repair via YB1,https://academic.oup.com/nar/article/48/8/4480/5766654,2020,True,False,False,False,False,False
The embryonic linker histone dBigH1 alters the functional state of active chromatin,https://academic.oup.com/nar/article/48/8/4147/5760752,2020,True,False,False,False,False,False
Multi-omic analysis of gametogenesis reveals a novel signature at the promoters and distal enhancers of active genes,https://academic.oup.com/nar/article/48/8/4115/5809165,2020,True,False,True,False,False,False
Using GARDEN-NET and,https://academic.oup.com/nar/article/48/8/4066/5809158,2020,True,False,False,False,False,False
Epigenetic engineering of yeast reveals dynamic molecular adaptation to methylation stress and genetic modulators of specific DNMT3 family members,https://academic.oup.com/nar/article/48/8/4081/5809671,2020,True,False,False,False,False,False
Direct observation and analysis of TET-mediated oxidation processes in a DNA origami nanochip,https://academic.oup.com/nar/article/48/8/4041/5805302,2020,True,False,False,False,False,False
Structural insights into CpG-specific DNA methylation by human DNA methyltransferase 3B,https://academic.oup.com/nar/article/48/7/3949/5742902,2020,True,False,False,False,False,False
Inhibition of cytoplasmic cap methylation identifies 5′ TOP mRNAs as recapping targets and reveals recapping sites downstream of native 5′ ends,https://academic.oup.com/nar/article/48/7/3806/5717746,2020,True,True,False,False,False,False
The acute myeloid leukemia variant DNMT3A Arg882His is a DNMT3B-like enzyme,https://academic.oup.com/nar/article/48/7/3761/5775308,2020,True,False,False,False,False,False
,https://academic.oup.com/nar/article/48/7/3678/5775309,2020,True,False,False,False,False,False
Elucidating the influence of linker histone variants on chromatosome dynamics and energetics,https://academic.oup.com/nar/article/48/7/3591/5780086,2020,True,False,False,False,False,False
Recombination may occur in the absence of transcription in the immunoglobulin heavy chain recombination centre,https://academic.oup.com/nar/article/48/7/3553/5747537,2020,True,False,False,False,False,False
Absence of MeCP2 binding to non-methylated GT-rich sequences,https://academic.oup.com/nar/article/48/7/3542/5739120,2020,True,False,False,False,False,False
The Drosophila MLR COMPASS complex is essential for programming,https://academic.oup.com/nar/article/48/7/3476/5735210,2020,True,False,False,False,False,False
Nick-seq for single-nucleotide resolution genomic maps of DNA modifications and damage,https://academic.oup.com/nar/article/48/12/6715/5850317,2020,True,False,False,False,False,False
HRP2–DPF3a–BAF complex coordinates histone modification and chromatin remodeling to regulate myogenic gene transcription,https://academic.oup.com/nar/article/48/12/6563/5847775,2020,True,True,False,False,False,False
High-Throughput-Methyl-Reading (HTMR) assay: a solution based on nucleotide methyl-binding proteins enables large-scale screening for DNA/RNA methyltransferases and demethylases,https://academic.oup.com/nar/article/50/2/e9/6414045,2022,True,False,False,False,False,False
An epigenetic switch activates bacterial quorum sensing and horizontal transfer of an integrative and conjugative element,https://academic.oup.com/nar/article/50/2/975/6460782,2022,True,False,False,False,False,False
GeneTrail 3: advanced high-throughput enrichment analysis,https://academic.oup.com/nar/article/48/W1/W515/5831750,2020,True,True,False,False,False,False
EpiRegio: analysis and retrieval of regulatory elements linked to genes,https://academic.oup.com/nar/article/48/W1/W193/5847772,2020,True,True,False,False,False,False
BHi-Cect: a top-down algorithm for identifying the multi-scale hierarchical structure of chromosomes,https://academic.oup.com/nar/article/48/5/e26/5713458,2020,True,False,False,False,False,False
Artificial escape from XCI by DNA methylation editing of the,https://academic.oup.com/nar/article/48/5/2372/5700548,2020,True,True,False,False,False,False
Complex impact of DNA methylation on transcriptional dysregulation across 22 human cancer types,https://academic.oup.com/nar/article/48/5/2287/5718258,2020,True,False,False,False,False,False
"The critical function of the plastid rRNA methyltransferase, CMAL, in ribosome biogenesis and plant development",https://academic.oup.com/nar/article/48/6/3195/5755887,2020,True,False,False,False,False,False
"SENEBLOC, a long non-coding RNA suppresses senescence via p53-dependent and independent mechanisms",https://academic.oup.com/nar/article/48/6/3089/5728876,2020,True,False,False,False,False,False
Bending and looping of long DNA by Polycomb repressive complex 2 revealed by AFM imaging in liquid,https://academic.oup.com/nar/article/48/6/2969/5733127,2020,True,False,False,False,False,False
PRMT5-mediated histone arginine methylation antagonizes transcriptional repression by polycomb complex PRC2,https://academic.oup.com/nar/article/48/6/2956/5728491,2020,True,True,True,True,False,False
A crucial RNA-binding lysine residue in the Nab3 RRM domain undergoes,https://academic.oup.com/nar/article/48/6/2897/5710777,2020,True,False,False,False,False,False
Genome-wide mapping of G-quadruplex structures with CUT&Tag,https://academic.oup.com/nar/article/50/3/e13/6430852,2022,True,False,False,False,False,False
Dicer dependent tRNA derived small RNAs promote nascent RNA silencing,https://academic.oup.com/nar/article/50/3/1734/6511978,2022,True,True,False,False,False,False
Diverse DNA modification in marine prokaryotic and viral communities,https://academic.oup.com/nar/article/50/3/1531/6509096,2022,True,False,False,False,False,False
A complex network of interactions governs DNA methylation at telomeric regions,https://academic.oup.com/nar/article/50/3/1449/6513582,2022,True,False,False,False,False,False
Variational autoencoding of gene landscapes during mouse CNS development uncovers layered roles of Polycomb Repressor Complex 2,https://academic.oup.com/nar/article/50/3/1280/6511982,2022,True,True,False,False,False,False
CMTR1 is recruited to transcription start sites and promotes ribosomal protein and histone gene expression in embryonic stem cells,https://academic.oup.com/nar/article/50/5/2905/6536890,2022,True,False,False,False,False,False
H3K36 methylation and DNA-binding both promote Ioc4 recruitment and Isw1b remodeler function,https://academic.oup.com/nar/article/50/5/2549/6533614,2022,True,False,False,False,False,False
Usage of the H3 variants during the S-phase of the cell cycle in,https://academic.oup.com/nar/article/50/5/2536/6523800,2022,True,False,False,False,False,False
Molecular basis for human mitochondrial tRNA m,https://academic.oup.com/nar/article/50/7/4012/6561660,2022,True,False,False,False,False,False
H3K56 deacetylation and H2A.Z deposition are required for aberrant heterochromatin spreading,https://academic.oup.com/nar/article/50/7/3852/6554165,2022,True,False,False,False,False,False
Facultative heterochromatin formation in rDNA is essential for cell survival during nutritional starvation,https://academic.oup.com/nar/article/50/7/3727/6553113,2022,True,False,False,False,False,False
Epitranscriptomic regulation of HIV-1 full-length RNA packaging,https://academic.oup.com/nar/article/50/4/2302/6524254,2022,True,False,False,False,False,False
Klf4 methylated by Prmt1 restrains the commitment of primitive endoderm,https://academic.oup.com/nar/article/50/4/2005/6523810,2022,True,False,False,False,False,False
Loss of histone methyltransferase SETD1B in oogenesis results in the redistribution of genomic histone 3 lysine 4 trimethylation,https://academic.oup.com/nar/article/50/4/1993/6523799,2022,True,False,False,False,False,False
"DNA methylation cues in nucleosome geometry, stability and unwrapping",https://academic.oup.com/nar/article/50/4/1864/6528903,2022,True,False,False,False,False,False
Analysis of epigenetic features characteristic of L1 loci expressed in human cells,https://academic.oup.com/nar/article/50/4/1888/6517958,2022,True,False,False,False,False,False
Locus-specific chromatin profiling of evolutionarily young transposable elements,https://academic.oup.com/nar/article/50/6/e33/6462377,2022,True,False,False,False,False,False
Global chromosome rearrangement induced by CRISPR-Cas9 reshapes the genome and transcriptome of human cells,https://academic.oup.com/nar/article/50/6/3456/6542489,2022,True,False,False,False,False,False
A mobile restriction–modification system provides phage defence and resolves an epigenetic conflict with an antagonistic endonuclease,https://academic.oup.com/nar/article/50/6/3348/6548306,2022,True,False,False,False,False,False
Chromatin landscape associated with sexual differentiation in a UV sex determination system,https://academic.oup.com/nar/article/50/6/3307/6543546,2022,True,True,True,False,False,False
8-oxodG accumulation within super-enhancers marks fragile CTCF-mediated chromatin loops,https://academic.oup.com/nar/article/50/6/3292/6541026,2022,True,False,False,False,False,False
Genome-wide characterization of i-motifs and their potential roles in the stability and evolution of transposable elements in rice,https://academic.oup.com/nar/article/50/6/3226/6533605,2022,True,False,False,False,False,False
Determinants of heritable gene silencing for KRAB-dCas9 + DNMT3 and Ezh2-dCas9 + DNMT3 hit-and-run epigenome editing,https://academic.oup.com/nar/article/50/6/3239/6541034,2022,True,False,False,False,False,False
The DNA dioxygenase Tet1 regulates H3K27 modification and embryonic stem cell biology independent of its catalytic activity,https://academic.oup.com/nar/article/50/6/3169/6527664,2022,True,True,False,False,False,False
A rationalized definition of general tumor suppressor microRNAs excludes miR-34a,https://academic.oup.com/nar/article/50/8/4703/6574673,2022,True,False,False,False,False,False
Chemical biology and medicinal chemistry of RNA methyltransferases,https://academic.oup.com/nar/article/50/8/4216/6567480,2022,True,False,False,False,False,False
The multi-functionality of UHRF1: epigenome maintenance and preservation of genome integrity,https://academic.oup.com/nar/article/49/11/6053/6262560,2021,True,False,False,False,False,False
Histone sumoylation and chromatin dynamics,https://academic.oup.com/nar/article/49/11/6043/6246394,2021,True,False,False,False,False,False
