title,link,publication_year,mentions_methylation,mentions_stat_test,mentions_multiple_correction,mentions_bh,mentions_bonferroni,mentions_by
Epithelial SIRT6 governs IL-17A pathogenicity and drives allergic airway inflammation and remodeling,https://www.nature.com/articles/s41467-023-44179-x,2023,True,True,False,False,False,False
Epigenetic loss of heterogeneity from low to high grade localized prostate tumours,https://www.nature.com/articles/s41467-021-27615-8,2021,True,False,True,False,False,False
The ,https://www.nature.com/articles/s41467-023-43940-6,2023,True,False,False,False,False,False
Dynamic regulation of N,https://www.nature.com/articles/s41467-021-27421-2,2021,True,True,True,False,False,False
Meta-analyses identify DNA methylation associated with kidney function and damage,https://www.nature.com/articles/s41467-021-27234-3,2021,True,True,True,True,True,False
Epigenome-wide association study of serum urate reveals insights into urate co-regulation and the ,https://www.nature.com/articles/s41467-021-27198-4,2021,True,True,True,False,False,False
Repression of germline genes by PRC1.6 and SETDB1 in the early embryo precedes DNA methylation-mediated silencing,https://www.nature.com/articles/s41467-021-27345-x,2021,True,True,True,False,False,False
Heterochromatin is a quantitative trait associated with spontaneous epiallele formation,https://www.nature.com/articles/s41467-021-27320-6,2021,True,True,True,False,False,False
Compressive stress-mediated p38 activation required for ERα + phenotype in breast cancer,https://www.nature.com/articles/s41467-021-27220-9,2021,True,True,True,False,False,False
Fat mass and obesity-associated protein regulates RNA methylation associated with depression-like behavior in mice,https://www.nature.com/articles/s41467-021-27044-7,2021,True,True,True,False,False,False
Hematopoiesis under telomere attrition at the single-cell resolution,https://www.nature.com/articles/s41467-021-27206-7,2021,True,True,True,False,False,False
Imprinted lncRNA Dio3os preprograms intergenerational brown fat development and obesity resistance,https://www.nature.com/articles/s41467-021-27171-1,2021,True,True,False,False,True,False
Epigenetic interaction between UTX and DNMT1 regulates diet-induced myogenic remodeling in brown fat,https://www.nature.com/articles/s41467-021-27141-7,2021,True,True,True,False,False,False
Combination of epigenetic regulation with gene therapy-mediated immune checkpoint blockade induces anti-tumour effects and immune response in vivo,https://www.nature.com/articles/s41467-021-27078-x,2021,True,False,False,False,False,False
ABHD5 inhibits YAP-induced c-Met overexpression and colon cancer cell stemness via suppressing YAP methylation,https://www.nature.com/articles/s41467-021-26967-5,2021,True,True,True,False,False,False
Identifying regulators of parental imprinting by CRISPR/Cas9 screening in haploid human embryonic stem cells,https://www.nature.com/articles/s41467-021-26949-7,2021,True,False,True,False,False,False
"DHX15-independent roles for TFIP11 in U6 snRNA modification, U4/U6.U5 tri-snRNP assembly and pre-mRNA splicing fidelity",https://www.nature.com/articles/s41467-021-26932-2,2021,True,True,False,False,True,False
Structural basis of the regulation of the normal and oncogenic methylation of nucleosomal histone H3 Lys36 by NSD2,https://www.nature.com/articles/s41467-021-26913-5,2021,True,True,False,False,False,False
ZMYND8 mediated liquid condensates spatiotemporally decommission the latent super-enhancers during macrophage polarization,https://www.nature.com/articles/s41467-021-26864-x,2021,True,True,True,False,False,False
Epigenetic reprogramming of airway macrophages promotes polarization and inflammation in muco-obstructive lung disease,https://www.nature.com/articles/s41467-021-26777-9,2021,True,True,True,False,True,False
Introns control stochastic allele expression bias,https://www.nature.com/articles/s41467-021-26798-4,2021,True,True,True,False,False,False
The origin and impeded dissemination of the DNA phosphorothioation system in prokaryotes,https://www.nature.com/articles/s41467-021-26636-7,2021,True,True,True,False,False,False
HNF4A defines tissue-specific circadian rhythms by beaconing BMAL1::CLOCK chromatin binding and shaping the rhythmic chromatin landscape,https://www.nature.com/articles/s41467-021-26567-3,2021,True,True,True,False,False,False
Genome-wide profiling in colorectal cancer identifies PHF19 and TBC1D16 as oncogenic super enhancers,https://www.nature.com/articles/s41467-021-26600-5,2021,True,True,False,True,True,False
-methyladenosine methylation in tRNA drives liver tumourigenesis by regulating cholesterol metabolism,https://www.nature.com/articles/s41467-021-26718-6,2021,True,True,True,False,True,False
Arginine methylation and ubiquitylation crosstalk controls DNA end-resection and homologous recombination repair,https://www.nature.com/articles/s41467-021-26413-6,2021,True,True,True,False,False,False
Nuclear S-nitrosylation impacts tissue regeneration in zebrafish,https://www.nature.com/articles/s41467-021-26621-0,2021,True,True,True,False,True,False
Multi-omics analysis identifies therapeutic vulnerabilities in triple-negative breast cancer subtypes,https://www.nature.com/articles/s41467-021-26502-6,2021,True,True,True,True,False,False
Genome-wide association study identifies susceptibility loci for acute myeloid leukemia,https://www.nature.com/articles/s41467-021-26551-x,2021,True,True,True,True,False,False
Histone H4 lysine 16 acetylation controls central carbon metabolism and diet-induced obesity in mice,https://www.nature.com/articles/s41467-021-26277-w,2021,True,True,True,False,False,False
rRNA biogenesis regulates mouse 2C-like state by 3D structure reorganization of peri-nucleolar heterochromatin,https://www.nature.com/articles/s41467-021-26576-2,2021,True,True,False,False,False,False
Comparative epigenetic analysis of tumour initiating cells and syngeneic EPSC-derived neural stem cells in glioblastoma,https://www.nature.com/articles/s41467-021-26297-6,2021,True,True,True,True,False,False
 mutations are associated with hypermethylation at key regulatory enhancers in normal and malignant hematopoiesis,https://www.nature.com/articles/s41467-021-26093-2,2021,True,True,True,False,True,False
Morc3 silences endogenous retroviruses by enabling Daxx-mediated histone H3.3 incorporation,https://www.nature.com/articles/s41467-021-26288-7,2021,True,True,True,False,False,False
Cancer gene mutation frequencies for the U.S. population,https://www.nature.com/articles/s41467-021-26213-y,2021,True,False,False,False,False,False
Genome-wide detection of cytosine methylations in plant from Nanopore data using deep learning,https://www.nature.com/articles/s41467-021-26278-9,2021,True,False,False,False,False,False
High-spatial and colourimetric imaging of histone modifications in single senescent cells using plasmonic nanoprobes,https://www.nature.com/articles/s41467-021-26224-9,2021,True,False,False,False,False,False
Mapping epigenetic divergence in the massive radiation of Lake Malawi cichlid fishes,https://www.nature.com/articles/s41467-021-26166-2,2021,True,False,True,False,True,False
Polycomb condensates can promote epigenetic marks but are not required for sustained chromatin compaction,https://www.nature.com/articles/s41467-021-26147-5,2021,True,False,False,False,False,False
Epigenetic modifications affect the rate of spontaneous mutations in a pathogenic fungus,https://www.nature.com/articles/s41467-021-26108-y,2021,True,True,True,False,False,False
Pig genome functional annotation enhances the biological interpretation of complex traits and human disease,https://www.nature.com/articles/s41467-021-26153-7,2021,True,True,True,False,False,False
Subtype heterogeneity and epigenetic convergence in neuroendocrine prostate cancer,https://www.nature.com/articles/s41467-021-26042-z,2021,True,True,True,False,False,False
Enhancer-associated H3K4 methylation safeguards in vitro germline competence,https://www.nature.com/articles/s41467-021-26065-6,2021,True,True,False,False,False,False
Unraveling the functional role of DNA demethylation at specific promoters by targeted steric blockage of DNA methyltransferase with CRISPR/dCas9,https://www.nature.com/articles/s41467-021-25991-9,2021,True,True,True,False,False,False
CHARGE syndrome protein CHD7 regulates epigenomic activation of enhancers in granule cell precursors and gyrification of the cerebellum,https://www.nature.com/articles/s41467-021-25846-3,2021,True,True,True,False,True,False
SPOP mutation induces DNA methylation via stabilizing GLP/G9a,https://www.nature.com/articles/s41467-021-25951-3,2021,True,True,True,False,False,False
Identical twins carry a persistent epigenetic signature of early genome programming,https://www.nature.com/articles/s41467-021-25583-7,2021,True,True,True,False,True,False
A longitudinal sampling study of transcriptomic and epigenetic profiles in patients with thrombocytopenia syndrome,https://www.nature.com/articles/s41467-021-25804-z,2021,True,True,True,False,True,False
Liquid condensation of reprogramming factor KLF4 with DNA provides a mechanism for chromatin organization,https://www.nature.com/articles/s41467-021-25761-7,2021,True,True,False,False,False,False
Exosome-mediated stable epigenetic repression of HIV-1,https://www.nature.com/articles/s41467-021-25839-2,2021,True,True,True,False,False,False
HIV reprograms host m,https://www.nature.com/articles/s41467-021-25683-4,2021,True,True,False,False,False,False
Comprehensive molecular characterization of pediatric radiation-induced high-grade glioma,https://www.nature.com/articles/s41467-021-25709-x,2021,True,True,True,False,False,False
Genetic and epigenetic basis of hepatoblastoma diversity,https://www.nature.com/articles/s41467-021-25430-9,2021,True,True,True,False,False,False
Analyses of child cardiometabolic phenotype following assisted reproductive technologies using a pragmatic trial emulation approach,https://www.nature.com/articles/s41467-021-25899-4,2021,True,True,True,False,True,False
Generalized and scalable trajectory inference in single-cell omics data with VIA,https://www.nature.com/articles/s41467-021-25773-3,2021,True,False,False,False,False,False
METTL3-mediated m,https://www.nature.com/articles/s41467-021-25803-0,2021,True,True,False,False,False,False
Sequential actions of EOMES and T-BET promote stepwise maturation of natural killer cells,https://www.nature.com/articles/s41467-021-25758-2,2021,True,True,True,False,True,False
Loss of polycomb repressive complex 1 activity and chromosomal instability drive uveal melanoma progression,https://www.nature.com/articles/s41467-021-25529-z,2021,True,True,True,False,True,False
The ubiquitin ligase RNF5 determines acute myeloid leukemia growth and susceptibility to histone deacetylase inhibitors,https://www.nature.com/articles/s41467-021-25664-7,2021,True,True,True,False,False,False
"DNA methylation landscapes of 1538 breast cancers reveal a replication-linked clock, epigenomic instability and ",https://www.nature.com/articles/s41467-021-25661-w,2021,True,False,True,False,False,False
SMARCA4/2 loss inhibits chemotherapy-induced apoptosis by restricting IP3R3-mediated Ca,https://www.nature.com/articles/s41467-021-25260-9,2021,True,True,True,False,False,False
Locus specific epigenetic modalities of random allelic expression imbalance,https://www.nature.com/articles/s41467-021-25630-3,2021,True,True,False,False,True,False
Conformational rearrangements enable iterative backbone ,https://www.nature.com/articles/s41467-021-25575-7,2021,True,True,False,False,False,False
β-actin dependent chromatin remodeling mediates compartment level changes in 3D genome architecture,https://www.nature.com/articles/s41467-021-25596-2,2021,True,True,True,False,False,False
Genome-wide sequencing-based identification of methylation quantitative trait loci and their role in schizophrenia risk,https://www.nature.com/articles/s41467-021-25517-3,2021,True,True,True,False,True,False
The concurrence of DNA methylation and demethylation is associated with transcription regulation,https://www.nature.com/articles/s41467-021-25521-7,2021,True,True,True,False,False,False
EpiScanpy: integrated single-cell epigenomic analysis,https://www.nature.com/articles/s41467-021-25131-3,2021,True,True,False,False,False,False
The PEMDAC phase 2 study of pembrolizumab and entinostat in patients with metastatic uveal melanoma,https://www.nature.com/articles/s41467-021-25332-w,2021,True,True,True,False,False,False
Comprehensive mapping of SARS-CoV-2 interactions in vivo reveals functional virus-host interactions,https://www.nature.com/articles/s41467-021-25357-1,2021,True,True,True,False,False,False
Epigenetic inactivation of the autophagy–lysosomal system in appendix in Parkinson’s disease,https://www.nature.com/articles/s41467-021-25474-x,2021,True,True,True,True,False,False
CTCF and transcription influence chromatin structure re-configuration after mitosis,https://www.nature.com/articles/s41467-021-25418-5,2021,True,True,True,False,False,False
Ten-eleven translocation 1 mediated-DNA hydroxymethylation is required for myelination and remyelination in the mouse brain,https://www.nature.com/articles/s41467-021-25353-5,2021,True,True,True,False,False,False
Placental DNA methylation signatures of maternal smoking during pregnancy and potential impacts on fetal growth,https://www.nature.com/articles/s41467-021-24558-y,2021,True,True,True,False,True,False
Epigenetic control of melanoma cell invasiveness by the stem cell factor SALL4,https://www.nature.com/articles/s41467-021-25326-8,2021,True,True,True,False,False,False
A single genetic locus controls both expression of ,https://www.nature.com/articles/s41467-021-25377-x,2021,True,True,False,False,False,False
DMRT1-mediated reprogramming drives development of cancer resembling human germ cell tumors with features of totipotency,https://www.nature.com/articles/s41467-021-25249-4,2021,True,True,False,False,False,False
Histone H4 lysine 20 mono-methylation directly facilitates chromatin openness and promotes transcription of housekeeping genes,https://www.nature.com/articles/s41467-021-25051-2,2021,True,True,True,False,False,False
LineageOT is a unified framework for lineage tracing and trajectory inference,https://www.nature.com/articles/s41467-021-25133-1,2021,True,False,False,False,False,False
Neuronal Nsun2 deficiency produces tRNA epitranscriptomic alterations and proteomic shifts impacting synaptic signaling and behavior,https://www.nature.com/articles/s41467-021-24969-x,2021,True,True,True,False,True,False
Topological isolation of developmental regulators in mammalian genomes,https://www.nature.com/articles/s41467-021-24951-7,2021,True,True,True,False,False,False
Conserved and species-specific chromatin remodeling and regulatory dynamics during mouse and chicken limb bud development,https://www.nature.com/articles/s41467-021-25935-3,2021,True,True,True,True,False,False
m,https://www.nature.com/articles/s41467-021-25105-5,2021,True,True,False,False,False,False
PRMT1-dependent regulation of RNA metabolism and DNA damage response sustains pancreatic ductal adenocarcinoma,https://www.nature.com/articles/s41467-021-24798-y,2021,True,True,True,False,False,False
An enzymatic activation of formaldehyde for nucleotide methylation,https://www.nature.com/articles/s41467-021-24756-8,2021,True,False,False,False,False,False
Functional and epigenetic phenotypes of humans and mice with DNMT3A Overgrowth Syndrome,https://www.nature.com/articles/s41467-021-24800-7,2021,True,True,True,False,True,False
A machine learning approach to brain epigenetic analysis reveals kinases associated with Alzheimer’s disease,https://www.nature.com/articles/s41467-021-24710-8,2021,True,True,False,False,False,False
Neonatal thyroxine activation modifies epigenetic programming of the liver,https://www.nature.com/articles/s41467-021-24748-8,2021,True,False,True,False,False,False
Massively parallel in vivo CRISPR screening identifies RNF20/40 as epigenetic regulators of cardiomyocyte maturation,https://www.nature.com/articles/s41467-021-24743-z,2021,True,True,False,False,False,False
Oncogenic enhancers drive esophageal squamous cell carcinogenesis and metastasis,https://www.nature.com/articles/s41467-021-24813-2,2021,True,True,True,False,False,False
Early-life social experience affects offspring DNA methylation and later life stress phenotype,https://www.nature.com/articles/s41467-021-24583-x,2021,True,True,True,False,False,False
TGFβ promotes fibrosis by MYST1-dependent epigenetic regulation of autophagy,https://www.nature.com/articles/s41467-021-24601-y,2021,True,True,True,False,False,False
Complete loss of H3K9 methylation dissolves mouse heterochromatin organization,https://www.nature.com/articles/s41467-021-24532-8,2021,True,True,True,False,False,False
Interplay and cooperation between SREBF1 and master transcription factors regulate lipid metabolism and tumor-promoting pathways in squamous cancer,https://www.nature.com/articles/s41467-021-24656-x,2021,True,True,True,False,False,False
Copper catalyzed late-stage C(sp,https://www.nature.com/articles/s41467-021-24671-y,2021,True,False,False,False,False,False
Arabidopsis MORC proteins function in the efficient establishment of RNA directed DNA methylation,https://www.nature.com/articles/s41467-021-24553-3,2021,True,False,True,False,False,False
Epigenetic memories and the evolution of infectious diseases,https://www.nature.com/articles/s41467-021-24580-0,2021,True,False,False,False,False,False
Mating can initiate stable RNA silencing that overcomes epigenetic recovery,https://www.nature.com/articles/s41467-021-24053-4,2021,True,False,False,False,False,False
Tissue-specific 5-hydroxymethylcytosine landscape of the human genome,https://www.nature.com/articles/s41467-021-24425-w,2021,True,True,False,False,True,False
Morphological screening of mesenchymal mammary tumor organoids to identify drugs that reverse epithelial-mesenchymal transition,https://www.nature.com/articles/s41467-021-24545-3,2021,True,False,False,False,False,False
Arginine methylation promotes siRNA-binding specificity for a spermatogenesis-specific isoform of the Argonaute protein CSR-1,https://www.nature.com/articles/s41467-021-24526-6,2021,True,True,True,False,False,False
The ,https://www.nature.com/articles/s41467-021-24528-4,2021,True,True,True,False,False,False
Chromatin states shaped by an epigenetic code confer regenerative potential to the mouse liver,https://www.nature.com/articles/s41467-021-24466-1,2021,True,True,True,False,False,False
α-TubK40me3 is required for neuronal polarization and migration by promoting microtubule formation,https://www.nature.com/articles/s41467-021-24376-2,2021,True,True,False,False,True,False
EZH2-induced lysine K362 methylation enhances TMPRSS2-ERG oncogenic activity in prostate cancer,https://www.nature.com/articles/s41467-021-24380-6,2021,True,True,False,False,False,False
The role of the PZP domain of AF10 in acute leukemia driven by AF10 translocations,https://www.nature.com/articles/s41467-021-24418-9,2021,True,True,False,True,False,False
Patient-derived models recapitulate heterogeneity of molecular signatures and drug response in pediatric high-grade glioma,https://www.nature.com/articles/s41467-021-24168-8,2021,True,True,False,False,False,False
Redirected nuclear glutamate dehydrogenase supplies Tet3 with α-ketoglutarate in neurons,https://www.nature.com/articles/s41467-021-24353-9,2021,True,True,True,False,False,False
Binding of guide piRNA triggers methylation of the unstructured N-terminal region of Aub leading to assembly of the piRNA amplification complex,https://www.nature.com/articles/s41467-021-24351-x,2021,True,False,False,False,False,False
Microbial short-chain fatty acids modulate CD8,https://www.nature.com/articles/s41467-021-24331-1,2021,True,False,False,False,False,False
A multi-ethnic epigenome-wide association study of leukocyte DNA methylation and blood lipids,https://www.nature.com/articles/s41467-021-23899-y,2021,True,False,False,True,True,False
Neuronal and glial 3D chromatin architecture informs the cellular etiology of brain disorders,https://www.nature.com/articles/s41467-021-24243-0,2021,True,True,True,False,False,False
Indispensable epigenetic control of thymic epithelial cell development and function by polycomb repressive complex 2,https://www.nature.com/articles/s41467-021-24158-w,2021,True,True,True,True,True,False
A natural riboswitch scaffold with self-methylation activity,https://www.nature.com/articles/s41467-021-24193-7,2021,True,False,False,False,False,False
Promoter G-quadruplexes and transcription factors cooperate to shape the cell type-specific transcriptome,https://www.nature.com/articles/s41467-021-24198-2,2021,True,True,False,False,False,False
Environmental enrichment preserves a young DNA methylation landscape in the aged mouse hippocampus,https://www.nature.com/articles/s41467-021-23993-1,2021,True,True,True,False,False,False
Genomic imprinting in mouse blastocysts is predominantly associated with H3K27me3,https://www.nature.com/articles/s41467-021-23510-4,2021,True,True,True,False,False,False
Coordination of two enhancers drives expression of olfactory trace amine-associated receptors,https://www.nature.com/articles/s41467-021-23823-4,2021,True,True,True,False,False,False
Subtype-specific collaborative transcription factor networks are promoted by OCT4 in the progression of prostate cancer,https://www.nature.com/articles/s41467-021-23974-4,2021,True,True,False,False,False,False
Arginine methylation of METTL14 promotes RNA ,https://www.nature.com/articles/s41467-021-24035-6,2021,True,True,False,False,False,False
Hakai is required for stabilization of core components of the m,https://www.nature.com/articles/s41467-021-23892-5,2021,True,True,True,False,False,False
Identifying the key steps determining the selectivity of toluene methylation with methanol over HZSM-5,https://www.nature.com/articles/s41467-021-24098-5,2021,True,False,False,False,False,False
Structural basis for late maturation steps of the human mitoribosomal large subunit,https://www.nature.com/articles/s41467-021-23617-8,2021,True,False,False,False,False,False
Defective folate metabolism causes germline epigenetic instability and distinguishes ,https://www.nature.com/articles/s41467-021-24036-5,2021,True,True,True,False,False,False
Lasp1 regulates adherens junction dynamics and fibroblast transformation in destructive arthritis,https://www.nature.com/articles/s41467-021-23706-8,2021,True,True,False,False,False,False
Mapping chromatin accessibility and active regulatory elements reveals pathological mechanisms in human gliomas,https://www.nature.com/articles/s41467-021-23922-2,2021,True,True,True,False,True,False
E2F6 initiates stable epigenetic silencing of germline genes during embryonic development,https://www.nature.com/articles/s41467-021-23596-w,2021,True,True,True,False,False,False
The epigenetic regulator LSH maintains fork protection and genomic stability via MacroH2A deposition and RAD51 filament formation,https://www.nature.com/articles/s41467-021-23809-2,2021,True,False,False,False,False,False
A meta-analysis of epigenome-wide association studies in Alzheimer’s disease highlights novel differentially methylated loci across cortex,https://www.nature.com/articles/s41467-021-23243-4,2021,True,True,True,False,True,False
A new molecular classification to drive precision treatment strategies in primary Sjögren’s syndrome,https://www.nature.com/articles/s41467-021-23472-7,2021,True,True,True,True,False,False
H3K27me3 demethylases alter ,https://www.nature.com/articles/s41467-021-23766-w,2021,True,True,True,False,False,False
Site-specific ubiquitylation acts as a regulator of linker histone H1,https://www.nature.com/articles/s41467-021-23636-5,2021,True,True,True,False,False,False
Heteromeric HSFA2/HSFA3 complexes drive transcriptional memory after heat stress in ,https://www.nature.com/articles/s41467-021-23786-6,2021,True,True,False,False,False,False
Systematic benchmarking of tools for CpG methylation detection from nanopore sequencing,https://www.nature.com/articles/s41467-021-23778-6,2021,True,True,False,False,False,False
 specific DNA adenine methyltransferase CamA squeezes and flips adenine out of DNA helix,https://www.nature.com/articles/s41467-021-23693-w,2021,True,False,False,False,False,False
HIRA stabilizes skeletal muscle lineage identity,https://www.nature.com/articles/s41467-021-23775-9,2021,True,True,True,False,False,False
Low chorionic villous succinate accumulation associates with recurrent spontaneous abortion risk,https://www.nature.com/articles/s41467-021-23827-0,2021,True,True,False,False,False,False
MOGONET integrates multi-omics data using graph convolutional networks allowing patient classification and biomarker identification,https://www.nature.com/articles/s41467-021-23774-w,2021,True,True,True,False,False,False
PRMT5-mediated arginine methylation activates AKT kinase to govern tumorigenesis,https://www.nature.com/articles/s41467-021-23833-2,2021,True,True,True,False,False,False
A histone H3K4me1-specific binding protein is required for siRNA accumulation and DNA methylation at a subset of loci targeted by RNA-directed DNA methylation,https://www.nature.com/articles/s41467-021-23637-4,2021,True,False,False,False,False,False
Temporal evolution of cellular heterogeneity during the progression to advanced AR-negative prostate cancer,https://www.nature.com/articles/s41467-021-23780-y,2021,True,True,True,True,False,False
LSD1 inhibition sustains T cell invigoration with a durable response to PD-1 blockade,https://www.nature.com/articles/s41467-021-27179-7,2021,True,True,True,False,False,False
High throughput screening identifies SOX2 as a super pioneer factor that inhibits DNA methylation maintenance at its binding sites,https://www.nature.com/articles/s41467-021-23630-x,2021,True,True,True,False,False,False
A metal ion orients SARS-CoV-2 mRNA to ensure accurate 2′-,https://www.nature.com/articles/s41467-021-23594-y,2021,True,False,False,False,False,False
Multimodal analysis of cell-free DNA whole-genome sequencing for pediatric cancers with low mutational burden,https://www.nature.com/articles/s41467-021-23445-w,2021,True,True,True,False,True,False
Impact of DNA methylation on 3D genome structure,https://www.nature.com/articles/s41467-021-23142-8,2021,True,True,True,False,False,False
Dynamic methylation of histone H3K18 in differentiating ,https://www.nature.com/articles/s41467-021-23477-2,2021,True,True,True,False,False,False
Angiogenin mediates paternal inflammation-induced metabolic disorders in offspring through sperm tsRNAs,https://www.nature.com/articles/s41467-021-26909-1,2021,True,True,True,False,False,False
Epigenomic profiling of primate lymphoblastoid cell lines reveals the evolutionary patterns of epigenetic activities in gene regulatory architectures,https://www.nature.com/articles/s41467-021-23397-1,2021,True,True,True,False,True,False
Ectopic targeting of CG DNA methylation in Arabidopsis with the bacterial SssI methyltransferase,https://www.nature.com/articles/s41467-021-23346-y,2021,True,True,True,False,False,False
MPP8 is essential for sustaining self-renewal of ground-state pluripotent stem cells,https://www.nature.com/articles/s41467-021-23308-4,2021,True,True,True,False,False,False
Mining mutation contexts across the cancer genome to map tumor site of origin,https://www.nature.com/articles/s41467-021-23094-z,2021,True,True,False,False,False,False
High-throughput single-cell chromatin accessibility CRISPR screens enable unbiased identification of regulatory networks in cancer,https://www.nature.com/articles/s41467-021-23213-w,2021,True,True,True,False,False,False
Mitochondrial ATP fuels ABC transporter-mediated drug efflux in cancer chemoresistance,https://www.nature.com/articles/s41467-021-23071-6,2021,True,True,True,False,True,False
Epigenome-wide association meta-analysis of DNA methylation with coffee and tea consumption,https://www.nature.com/articles/s41467-021-22752-6,2021,True,True,False,False,True,False
Contrasting epigenetic control of transgenes and endogenous genes promotes post-transcriptional transgene silencing in ,https://www.nature.com/articles/s41467-021-22995-3,2021,True,False,False,False,True,False
Antigen-driven EGR2 expression is required for exhausted CD8,https://www.nature.com/articles/s41467-021-23044-9,2021,True,True,True,False,False,False
Immune evolution from preneoplasia to invasive lung adenocarcinomas and underlying molecular features,https://www.nature.com/articles/s41467-021-22890-x,2021,True,True,True,False,False,False
Conserved human effector Treg cell transcriptomic and epigenetic signature in arthritic joint inflammation,https://www.nature.com/articles/s41467-021-22975-7,2021,True,True,True,True,False,False
The genomic loci of specific human tRNA genes exhibit ageing-related DNA hypermethylation,https://www.nature.com/articles/s41467-021-22639-6,2021,True,True,False,False,True,False
Comprehensive cell type decomposition of circulating cell-free DNA with CelFiE,https://www.nature.com/articles/s41467-021-22901-x,2021,True,True,False,False,False,False
Single nucleus multi-omics regulatory landscape of the murine pituitary,https://www.nature.com/articles/s41467-021-22859-w,2021,True,True,True,False,True,False
The histone variant H2A.W and linker histone H1 co-regulate heterochromatin accessibility and DNA methylation,https://www.nature.com/articles/s41467-021-22993-5,2021,True,True,False,False,False,False
Leukemia stemness and co-occurring mutations drive resistance to IDH inhibitors in acute myeloid leukemia,https://www.nature.com/articles/s41467-021-22874-x,2021,True,True,True,False,False,False
Differential chromatin binding of the lung lineage transcription factor NKX2-1 resolves opposing murine alveolar cell fates in vivo,https://www.nature.com/articles/s41467-021-22817-6,2021,True,False,False,False,True,False
Learning a genome-wide score of human–mouse conservation at the functional genomics level,https://www.nature.com/articles/s41467-021-22653-8,2021,True,True,False,False,True,False
DNMT1 reads heterochromatic H4K20me3 to reinforce LINE-1 DNA methylation,https://www.nature.com/articles/s41467-021-22665-4,2021,True,True,False,False,False,False
Molecular and clinical determinants of response and resistance to rucaparib for recurrent ovarian cancer treatment in ARIEL2 (Parts 1 and 2),https://www.nature.com/articles/s41467-021-22582-6,2021,True,True,False,False,False,False
Imaging the response to DNA damage in heterochromatin domains reveals core principles of heterochromatin maintenance,https://www.nature.com/articles/s41467-021-22575-5,2021,True,True,True,False,True,False
Arginine is an epigenetic regulator targeting TEAD4 to modulate OXPHOS in prostate cancer cells,https://www.nature.com/articles/s41467-021-22652-9,2021,True,False,False,False,False,False
"A phenome-wide association study of tandem repeat variation in 168,554 individuals from the UK Biobank",https://www.nature.com/articles/s41467-024-54678-0,2024,True,True,True,False,True,False
Epi-microRNA mediated metabolic reprogramming counteracts hypoxia to preserve affinity maturation,https://www.nature.com/articles/s41467-024-54937-0,2024,True,True,True,False,False,False
Cryo-EM structure of Nipah virus L-P polymerase complex,https://www.nature.com/articles/s41467-024-54994-5,2024,True,False,False,False,False,False
SARS-CoV-2 human challenge reveals biomarkers that discriminate early and late phases of respiratory viral infections,https://www.nature.com/articles/s41467-024-54764-3,2024,True,True,False,False,False,False
Single cell regulatory landscape of the mouse kidney highlights cellular differentiation programs and disease targets,https://www.nature.com/articles/s41467-021-22266-1,2021,True,True,True,True,False,False
Defining super-enhancer landscape in triple-negative breast cancer by multiomic profiling,https://www.nature.com/articles/s41467-021-22445-0,2021,True,True,True,True,False,False
Use of epigenetically modified bacteriophage and dual beta-lactams to treat a ,https://www.nature.com/articles/s41467-024-54666-4,2024,True,False,False,False,False,False
B1a and B2 cells are characterized by distinct CpG modification states at DNMT3A-maintained enhancers,https://www.nature.com/articles/s41467-021-22458-9,2021,True,True,True,False,False,False
Inositol treatment inhibits medulloblastoma through suppression of epigenetic-driven metabolic adaptation,https://www.nature.com/articles/s41467-021-22379-7,2021,True,True,True,True,False,False
Autophagy of the m,https://www.nature.com/articles/s41467-021-22469-6,2021,True,True,True,False,False,False
Epigenetic modulation of immune synaptic-cytoskeletal networks potentiates γδ T cell-mediated cytotoxicity in lung cancer,https://www.nature.com/articles/s41467-021-22433-4,2021,True,True,True,False,False,False
CLSY docking to Pol IV requires a conserved domain critical for small RNA biogenesis and transposon silencing,https://www.nature.com/articles/s41467-024-54268-0,2024,True,True,True,True,False,False
Developmental hematopoietic stem cell variation explains clonal hematopoiesis later in life,https://www.nature.com/articles/s41467-024-54711-2,2024,True,False,False,False,False,False
Mina53 demethylates histone H4 arginine 3 asymmetric dimethylation to regulate neural stem/progenitor cell identity,https://www.nature.com/articles/s41467-024-54680-6,2024,True,True,False,False,False,False
Evolution of DNA methylation in the human brain,https://www.nature.com/articles/s41467-021-21917-7,2021,True,True,True,False,False,False
Inactivating histone deacetylase HDA promotes longevity by mobilizing trehalose metabolism,https://www.nature.com/articles/s41467-021-22257-2,2021,True,True,True,False,False,False
Genome sequencing of ‘Fuji’ apple clonal varieties reveals genetic mechanism of the spur-type morphology,https://www.nature.com/articles/s41467-024-54428-2,2024,True,True,False,False,False,False
Profiling PRMT methylome reveals roles of hnRNPA1 arginine methylation in RNA splicing and cell growth,https://www.nature.com/articles/s41467-021-21963-1,2021,True,True,True,False,False,False
Disorganized chromatin hierarchy and stem cell aging in a male patient of atypical laminopathy-based progeria mandibuloacral dysplasia type A,https://www.nature.com/articles/s41467-024-54338-3,2024,True,True,True,False,False,False
A developmental biliary lineage program cooperates with Wnt activation to promote cell proliferation in hepatoblastoma,https://www.nature.com/articles/s41467-024-53802-4,2024,True,True,True,True,False,False
Epigenetically regulated digital signaling defines epithelial innate immunity at the tissue level,https://www.nature.com/articles/s41467-021-22070-x,2021,True,True,True,False,False,False
Predicting cell type-specific epigenomic profiles accounting for distal genetic effects,https://www.nature.com/articles/s41467-024-54441-5,2024,True,True,True,False,False,False
CRISPRi screens reveal a DNA methylation-mediated 3D genome dependent causal mechanism in prostate cancer,https://www.nature.com/articles/s41467-021-21867-0,2021,True,True,True,False,True,False
Base-excision repair pathway shapes 5-methylcytosine deamination signatures in pan-cancer genomes,https://www.nature.com/articles/s41467-024-54223-z,2024,True,True,True,False,True,False
DNA methylation predicts age and provides insight into exceptional longevity of bats,https://www.nature.com/articles/s41467-021-21900-2,2021,True,True,True,False,False,True
Integration of Alzheimer’s disease genetics and myeloid genomics identifies disease risk regulatory elements and genes,https://www.nature.com/articles/s41467-021-21823-y,2021,True,True,True,False,True,False
Single-cell transcriptional changes associated with drug tolerance and response to combination therapies in cancer,https://www.nature.com/articles/s41467-021-21884-z,2021,True,True,True,True,True,False
Epigenetic modulation reveals differentiation state specificity of oncogene addiction,https://www.nature.com/articles/s41467-021-21784-2,2021,True,True,True,False,False,False
PU.1 eviction at lymphocyte-specific chromatin domains mediates glucocorticoid response in acute lymphoblastic leukemia,https://www.nature.com/articles/s41467-024-54096-2,2024,True,True,True,False,False,False
Deep learning-based enhancement of epigenomics data with AtacWorks,https://www.nature.com/articles/s41467-021-21765-5,2021,True,True,True,True,False,False
RNA m6A methylation orchestrates cancer growth and metastasis via macrophage reprogramming,https://www.nature.com/articles/s41467-021-21514-8,2021,True,True,False,False,False,False
Strand-specific single-cell methylomics reveals distinct modes of DNA demethylation dynamics during early mammalian development,https://www.nature.com/articles/s41467-021-21532-6,2021,True,False,False,False,False,False
Spatially mapped single-cell chromatin accessibility,https://www.nature.com/articles/s41467-021-21515-7,2021,True,True,True,False,True,False
Uniform genomic data analysis in the NCI Genomic Data Commons,https://www.nature.com/articles/s41467-021-21254-9,2021,True,False,False,False,False,False
Single-cell multiomics sequencing reveals the functional regulatory landscape of early embryos,https://www.nature.com/articles/s41467-021-21409-8,2021,True,False,True,True,False,False
Network models of primary melanoma microenvironments identify key melanoma regulators underlying prognosis,https://www.nature.com/articles/s41467-021-21457-0,2021,True,True,True,True,True,False
Non-CG methylation and multiple histone profiles associate child abuse with immune and small GTPase dysregulation,https://www.nature.com/articles/s41467-021-21365-3,2021,True,True,True,False,False,False
Positioning of nucleosomes containing γ-H2AX precedes active DNA demethylation and transcription initiation,https://www.nature.com/articles/s41467-021-21227-y,2021,True,True,False,False,False,False
Biological and therapeutic implications of a unique subtype of ,https://www.nature.com/articles/s41467-021-21233-0,2021,True,True,True,False,False,False
Telomeres reforged with non-telomeric sequences in mouse embryonic stem cells,https://www.nature.com/articles/s41467-021-21341-x,2021,True,True,True,False,False,False
Persistence of self-reactive CD8+ T cells in the CNS requires TOX-dependent chromatin remodeling,https://www.nature.com/articles/s41467-021-21109-3,2021,True,True,True,False,False,False
Targeting NSD2-mediated SRC-3 liquid–liquid phase separation sensitizes bortezomib treatment in multiple myeloma,https://www.nature.com/articles/s41467-021-21386-y,2021,True,True,False,False,False,False
Chromosomal coordination and differential structure of asynchronous replicating regions,https://www.nature.com/articles/s41467-021-21348-4,2021,True,True,True,False,False,False
Chromatin accessibility of circulating CD8,https://www.nature.com/articles/s41467-021-21299-w,2021,True,True,False,False,False,False
Structural mechanism of bivalent histone H3K4me3K9me3 recognition by the Spindlin1/C11orf84 complex in rRNA transcription activation,https://www.nature.com/articles/s41467-021-21236-x,2021,True,True,True,False,False,False
LETR1 is a lymphatic endothelial-specific lncRNA governing cell proliferation and migration through KLF4 and SEMA3C,https://www.nature.com/articles/s41467-021-21217-0,2021,True,True,True,False,False,False
The methyltransferase METTL9 mediates pervasive 1-methylhistidine modification in mammalian proteomes,https://www.nature.com/articles/s41467-020-20670-7,2021,True,False,True,False,False,False
Programmable human histone phosphorylation and gene activation using a CRISPR/Cas9-based chromatin kinase,https://www.nature.com/articles/s41467-021-21188-2,2021,True,True,True,False,False,False
The genome-wide impact of trisomy 21 on DNA methylation and its implications for hematopoiesis,https://www.nature.com/articles/s41467-021-21064-z,2021,True,True,True,False,True,False
An all-to-all approach to the identification of sequence-specific readers for epigenetic DNA modifications on cytosine,https://www.nature.com/articles/s41467-021-20950-w,2021,True,True,True,False,False,False
Splicing-associated chromatin signatures: a combinatorial and position-dependent role for histone marks in splicing definition,https://www.nature.com/articles/s41467-021-20979-x,2021,True,True,True,True,True,False
De novo DNA methyltransferase activity in colorectal cancer is directed towards H3K36me3 marked CpG islands,https://www.nature.com/articles/s41467-020-20716-w,2021,True,True,True,True,False,False
Evolution of DNA methylome from precancerous lesions to invasive lung adenocarcinomas,https://www.nature.com/articles/s41467-021-20907-z,2021,True,True,True,False,False,False
Subtraction-free and bisulfite-free specific sequencing of 5-methylcytosine and its oxidized derivatives at base resolution,https://www.nature.com/articles/s41467-021-20920-2,2021,True,True,False,True,False,False
Nanobody-mediated control of gene expression and epigenetic memory,https://www.nature.com/articles/s41467-020-20757-1,2021,True,True,False,False,False,False
CTLA-4 expression by B-1a B cells is essential for immune tolerance,https://www.nature.com/articles/s41467-020-20874-x,2021,True,True,True,False,False,False
Sarcoma classification by DNA methylation profiling,https://www.nature.com/articles/s41467-020-20603-4,2021,True,True,False,False,False,False
Male fertility in ,https://www.nature.com/articles/s41467-020-20606-1,2021,True,False,False,False,False,False
Targeting aberrant DNA methylation in mesenchymal stromal cells as a treatment for myeloma bone disease,https://www.nature.com/articles/s41467-020-20715-x,2021,True,True,True,False,False,False
Core transcription regulatory circuitry orchestrates corneal epithelial homeostasis,https://www.nature.com/articles/s41467-020-20713-z,2021,True,True,True,False,False,False
Low-dose decitabine priming endows CAR T cells with enhanced and persistent antitumour potential via epigenetic reprogramming,https://www.nature.com/articles/s41467-020-20696-x,2021,True,True,False,False,False,False
Cell culture NAIL-MS allows insight into human tRNA and rRNA modification dynamics in vivo,https://www.nature.com/articles/s41467-020-20576-4,2021,True,True,False,False,False,False
Cellular Heterogeneity–Adjusted cLonal Methylation (CHALM) improves prediction of gene expression,https://www.nature.com/articles/s41467-020-20492-7,2021,True,True,True,False,False,False
Dual RNA 3’-end processing of H2A.X messenger RNA maintains DNA damage repair throughout the cell cycle,https://www.nature.com/articles/s41467-020-20520-6,2021,True,True,True,False,False,False
Age-related and disease locus-specific mechanisms contribute to early remodelling of chromatin structure in Huntington’s disease mice,https://www.nature.com/articles/s41467-020-20605-2,2021,True,True,True,True,True,False
The histone H3-lysine 4-methyltransferase Mll4 regulates the development of growth hormone-releasing hormone-producing neurons in the mouse hypothalamus,https://www.nature.com/articles/s41467-020-20511-7,2021,True,False,True,False,False,False
EGFR/SRC/ERK-stabilized YTHDF2 promotes cholesterol dysregulation and invasive growth of glioblastoma,https://www.nature.com/articles/s41467-020-20379-7,2021,True,True,True,False,False,False
SLE non-coding genetic risk variant determines the epigenetic dysfunction of an immune cell specific enhancer that controls disease-critical microRNA expression,https://www.nature.com/articles/s41467-020-20460-1,2021,True,True,True,False,False,False
Order and stochasticity in the folding of individual ,https://www.nature.com/articles/s41467-020-20292-z,2021,True,False,False,False,False,False
Hydroxamic acid-modified peptide microarrays for profiling isozyme-selective interactions and inhibition of histone deacetylases,https://www.nature.com/articles/s41467-020-20250-9,2021,True,False,False,False,False,False
Deletion of Trim28 in committed adipocytes promotes obesity but preserves glucose tolerance,https://www.nature.com/articles/s41467-020-20434-3,2021,True,True,True,True,False,False
Long first exons and epigenetic marks distinguish conserved pachytene piRNA clusters from other mammalian genes,https://www.nature.com/articles/s41467-020-20345-3,2021,True,True,False,False,False,False
Integrative pan cancer analysis reveals epigenomic variation in cancer type and cell specific chromatin domains,https://www.nature.com/articles/s41467-021-21707-1,2021,True,True,True,False,False,False
TET2 germline variants promote kidney disease by impairing DNA repair and activating cytosolic nucleotide sensors,https://www.nature.com/articles/s41467-024-53798-x,2024,True,True,True,False,True,False
Marine and terrestrial contributions to atmospheric deposition fluxes of methylated arsenic species,https://www.nature.com/articles/s41467-024-53974-z,2024,True,False,False,False,False,False
Altered genomic methylation promotes ,https://www.nature.com/articles/s41467-024-54033-3,2024,True,True,True,True,False,False
YTHDF2 upregulation and subcellular localization dictate CD8 T cell polyfunctionality in anti-tumor immunity,https://www.nature.com/articles/s41467-024-53997-6,2024,True,True,True,False,True,False
Repeat-based holocentromeres of the woodrush ,https://www.nature.com/articles/s41467-024-53944-5,2024,True,False,False,False,False,False
Decoding the epigenetics and chromatin loop dynamics of androgen receptor-mediated transcription,https://www.nature.com/articles/s41467-024-53758-5,2024,True,True,True,False,False,False
Molecular mechanism of parental H3/H4 recycling at a replication fork,https://www.nature.com/articles/s41467-024-53187-4,2024,True,True,False,False,False,False
Development and evolution of Drosophila chromatin landscape in a 3D genome context,https://www.nature.com/articles/s41467-024-53892-0,2024,True,True,True,False,False,False
Human iPSC-derived neural stem cells displaying radial glia signature exhibit long-term safety in mice,https://www.nature.com/articles/s41467-024-53613-7,2024,True,True,True,False,True,False
Targeting the hypothalamus for modeling age-related DNA methylation and developing OXT-GnRH combinational therapy against Alzheimer’s disease-like pathologies in male mouse model,https://www.nature.com/articles/s41467-024-53507-8,2024,True,True,True,False,False,False
The replicative helicase CMG is required for the divergence of cell fates during asymmetric cell division in vivo,https://www.nature.com/articles/s41467-024-53715-2,2024,True,True,False,False,False,False
Heterogeneous enhancer states orchestrate β cell responses to metabolic stress,https://www.nature.com/articles/s41467-024-53717-0,2024,True,True,True,True,True,False
Clr4,https://www.nature.com/articles/s41467-024-53417-9,2024,True,True,True,False,False,False
Inhibiting EZH2 targets atypical teratoid rhabdoid tumor by triggering viral mimicry via both RNA and DNA sensing pathways,https://www.nature.com/articles/s41467-024-53515-8,2024,True,True,True,True,False,False
Alternations in inflammatory macrophage niche drive phenotypic and functional plasticity of Kupffer cells,https://www.nature.com/articles/s41467-024-53659-7,2024,True,True,False,False,False,False
Epigenetic memory of radiotherapy in dermal fibroblasts impairs wound repair capacity in cancer survivors,https://www.nature.com/articles/s41467-024-53295-1,2024,True,True,True,False,False,False
Integrative 3D genomics with multi-omics analysis and functional validation of genetic regulatory mechanisms of abdominal fat deposition in chickens,https://www.nature.com/articles/s41467-024-53692-6,2024,True,True,True,True,False,False
Intermolecular energy migration via homoFRET captures the modulation in the material property of phase-separated biomolecular condensates,https://www.nature.com/articles/s41467-024-53494-w,2024,True,True,False,False,False,False
Sugar transporter modulates nitrogen-determined tillering and yield formation in rice,https://www.nature.com/articles/s41467-024-53651-1,2024,True,True,False,False,False,False
Epigenetic modulation via the C-terminal tail of H2A.Z,https://www.nature.com/articles/s41467-024-53514-9,2024,True,True,True,False,False,False
Predicting protein synergistic effect in Arabidopsis using epigenome profiling,https://www.nature.com/articles/s41467-024-53565-y,2024,True,False,True,False,False,False
Iron-loaded cancer-associated fibroblasts induce immunosuppression in prostate cancer,https://www.nature.com/articles/s41467-024-53233-1,2024,True,True,True,False,False,False
Population variability in X-chromosome inactivation across 10 mammalian species,https://www.nature.com/articles/s41467-024-53449-1,2024,True,True,True,True,False,False
Post-transcriptional methylation of mitochondrial-tRNA differentially contributes to mitochondrial pathology,https://www.nature.com/articles/s41467-024-53318-x,2024,True,True,True,False,False,False
Mechanisms of epigenomic and functional convergence between glucocorticoid- and IL4-driven macrophage programming,https://www.nature.com/articles/s41467-024-52942-x,2024,True,True,True,False,False,False
Methionine-SAM metabolism-dependent ubiquinone synthesis is crucial for ROS accumulation in ferroptosis induction,https://www.nature.com/articles/s41467-024-53380-5,2024,True,True,False,False,False,True
A compendium of genetic variations associated with promoter usage across 49 human tissues,https://www.nature.com/articles/s41467-024-53131-6,2024,True,True,True,False,False,False
Human papillomavirus-encoded circular RNA circE7 promotes immune evasion in head and neck squamous cell carcinoma,https://www.nature.com/articles/s41467-024-52981-4,2024,True,True,False,False,False,False
Lack of SMARCB1 expression characterizes a subset of human and murine peripheral T-cell lymphomas,https://www.nature.com/articles/s41467-024-52826-0,2024,True,True,True,False,False,False
Aberrant cytoplasmic expression of UHRF1 restrains the MHC-I-mediated anti-tumor immune response,https://www.nature.com/articles/s41467-024-52902-5,2024,True,True,True,True,False,False
ZIC2 and ZIC3 promote SWI/SNF recruitment to safeguard progression towards human primed pluripotency,https://www.nature.com/articles/s41467-024-52431-1,2024,True,True,True,False,False,False
The frequency of CD38,https://www.nature.com/articles/s41467-024-52846-w,2024,True,True,True,True,True,False
"Histone marks identify novel transcription factors that parse CAR-T subset-of-origin, clinical potential and expansion",https://www.nature.com/articles/s41467-024-52503-2,2024,True,True,True,True,False,False
A cell type-aware framework for nominating non-coding variants in Mendelian regulatory disorders,https://www.nature.com/articles/s41467-024-52463-7,2024,True,True,True,False,False,False
Catalytic undirected methylation of unactivated C(sp,https://www.nature.com/articles/s41467-024-52245-1,2024,True,False,False,False,False,False
-,https://www.nature.com/articles/s41467-024-52298-2,2024,True,True,True,False,False,False
Potent pollen gene regulation by DNA glycosylases in maize,https://www.nature.com/articles/s41467-024-52620-y,2024,True,True,True,False,False,False
PRMT1 inhibition perturbs RNA metabolism and induces DNA damage in clear cell renal cell carcinoma,https://www.nature.com/articles/s41467-024-52507-y,2024,True,True,True,False,False,False
Nutritional vitamin B12 regulates RAS/MAPK-mediated cell fate decisions through one-carbon metabolism,https://www.nature.com/articles/s41467-024-52556-3,2024,True,True,True,False,False,False
Prohibitin 2 orchestrates long noncoding RNA and gene transcription to accelerate tumorigenesis,https://www.nature.com/articles/s41467-024-52425-z,2024,True,False,True,False,False,False
Targeted transcriptional downregulation of MYC using epigenomic controllers demonstrates antitumor activity in hepatocellular carcinoma models,https://www.nature.com/articles/s41467-024-52202-y,2024,True,True,True,True,False,False
Fundamental equations linking methylation dynamics to maximum lifespan in mammals,https://www.nature.com/articles/s41467-024-51855-z,2024,True,True,False,False,False,False
DNA Methylation signatures underpinning blood neutrophil to lymphocyte ratio during first week of human life,https://www.nature.com/articles/s41467-024-52283-9,2024,True,True,True,False,False,False
PRDM3/16 regulate chromatin accessibility required for NKX2-1 mediated alveolar epithelial differentiation and function,https://www.nature.com/articles/s41467-024-52154-3,2024,True,True,True,False,False,False
PHYTOCHROME-INTERACTING FACTOR 7 and RELATIVE OF EARLY FLOWERING 6 act in shade avoidance memory in ,https://www.nature.com/articles/s41467-024-51834-4,2024,True,True,True,False,False,False
Simultaneous profiling of RNA isoforms and chromatin accessibility of single cells of human retinal organoids,https://www.nature.com/articles/s41467-024-52335-0,2024,True,True,False,False,False,False
"Genetic, transcriptomic, histological, and biochemical analysis of progressive supranuclear palsy implicates glial activation and novel risk genes",https://www.nature.com/articles/s41467-024-52025-x,2024,True,True,True,False,True,False
USP26 as a hepatitis B virus-induced deubiquitinase primes hepatocellular carcinogenesis by epigenetic remodeling,https://www.nature.com/articles/s41467-024-52201-z,2024,True,True,True,False,False,False
Targeting PRMT3 impairs methylation and oligomerization of HSP60 to boost anti-tumor immunity by activating cGAS/STING signaling,https://www.nature.com/articles/s41467-024-52170-3,2024,True,True,False,False,False,False
An epigenetically mediated double negative cascade from EFD to HB21 regulates anther development,https://www.nature.com/articles/s41467-024-52114-x,2024,True,False,False,False,False,False
 epigenetic regulator M.BceJIV simultaneously engages two DNA recognition sequences for methylation,https://www.nature.com/articles/s41467-024-52130-x,2024,True,False,False,False,False,False
Upstream regulator of genomic imprinting in rice endosperm is a small RNA-associated chromatin remodeler,https://www.nature.com/articles/s41467-024-52239-z,2024,True,True,True,False,False,False
The scaffolding function of LSD1 controls DNA methylation in mouse ESCs,https://www.nature.com/articles/s41467-024-51966-7,2024,True,True,True,False,False,False
"Multi-omic lineage tracing predicts the transcriptional, epigenetic and genetic determinants of cancer evolution",https://www.nature.com/articles/s41467-024-51424-4,2024,True,True,True,False,True,False
scEpiAge: an age predictor highlighting single-cell ageing heterogeneity in mouse blood,https://www.nature.com/articles/s41467-024-51833-5,2024,True,True,True,False,False,False
An atlas of the human liver diurnal transcriptome and its perturbation by hepatitis C virus infection,https://www.nature.com/articles/s41467-024-51698-8,2024,True,True,True,False,False,False
Leveraging long-lived arenium ions in superacid for ,https://www.nature.com/articles/s41467-024-49421-8,2024,True,False,False,False,False,False
IGF2BP3 promotes mRNA degradation through internal m,https://www.nature.com/articles/s41467-024-51634-w,2024,True,True,True,False,False,False
Genome-wide DNA methylation profiling in blood reveals epigenetic signature of incident acute coronary syndrome,https://www.nature.com/articles/s41467-024-51751-6,2024,True,True,True,False,True,False
Metabolic labeling based methylome profiling enables functional dissection of histidine methylation in C3H1 zinc fingers,https://www.nature.com/articles/s41467-024-51979-2,2024,True,True,True,False,False,False
LSD1 inhibition improves efficacy of adoptive T cell therapy by enhancing CD8,https://www.nature.com/articles/s41467-024-51500-9,2024,True,True,True,False,False,False
Pramel15 facilitates zygotic nuclear DNMT1 degradation and DNA demethylation,https://www.nature.com/articles/s41467-024-51614-0,2024,True,True,True,False,False,False
Multi-omics profiling of retinal pigment epithelium reveals enhancer-driven activation of RANK-NFATc1 signaling in traumatic proliferative vitreoretinopathy,https://www.nature.com/articles/s41467-024-51624-y,2024,True,True,True,False,False,False
The therapeutic implications of ,https://www.nature.com/articles/s41467-024-50515-6,2024,True,True,True,False,False,False
Structure and rational engineering of the PglX methyltransferase and specificity factor for BREX phage defence,https://www.nature.com/articles/s41467-024-51629-7,2024,True,False,False,False,False,False
A roadmap to the molecular human linking multiomics with population traits and diabetes subtypes,https://www.nature.com/articles/s41467-024-51134-x,2024,True,True,False,False,True,False
The temporal dynamics of lncRNA ,https://www.nature.com/articles/s41467-024-50402-0,2024,True,True,False,True,False,False
Multi-layered heterochromatin interaction as a switch for DIM2-mediated DNA methylation,https://www.nature.com/articles/s41467-024-51246-4,2024,True,False,False,False,False,False
Super enhancer acquisition drives expression of oncogenic PPP1R15B that regulates protein homeostasis in multiple myeloma,https://www.nature.com/articles/s41467-024-50910-z,2024,True,True,True,True,False,False
The DNA methylome of pediatric brain tumors appears shaped by structural variation and predicts survival,https://www.nature.com/articles/s41467-024-51276-y,2024,True,True,True,False,False,False
Histone-methyltransferase KMT2D deficiency impairs the Fanconi anemia/BRCA pathway upon glycolytic inhibition in squamous cell carcinoma,https://www.nature.com/articles/s41467-024-50861-5,2024,True,True,True,False,True,False
Male autism spectrum disorder is linked to brain aromatase disruption by prenatal BPA in multimodal investigations and 10HDA ameliorates the related mouse phenotype,https://www.nature.com/articles/s41467-024-48897-8,2024,True,True,True,False,False,False
DNA methylation and gene expression as determinants of genome-wide cell-free DNA fragmentation,https://www.nature.com/articles/s41467-024-50850-8,2024,True,True,True,False,False,False
Diagnostic utility of DNA methylation analysis in genetically unsolved pediatric epilepsies and CHD2 episignature refinement,https://www.nature.com/articles/s41467-024-50159-6,2024,True,True,True,True,False,True
Epigenome-wide impact of MAT2A sustains the androgen-indifferent state and confers synthetic vulnerability in ERG fusion-positive prostate cancer,https://www.nature.com/articles/s41467-024-50908-7,2024,True,True,True,True,False,False
Gene body methylation evolves during the sustained loss of parental care in the burying beetle,https://www.nature.com/articles/s41467-024-50359-0,2024,True,True,True,True,False,False
Ecological genomics in the Northern krill uncovers loci for local adaptation across ocean basins,https://www.nature.com/articles/s41467-024-50239-7,2024,True,True,True,False,False,False
A genetic-epigenetic interplay at 1q21.1 locus underlies ,https://www.nature.com/articles/s41467-024-50794-z,2024,True,True,True,False,True,False
P300 regulates histone crotonylation and preimplantation embryo development,https://www.nature.com/articles/s41467-024-50731-0,2024,True,True,True,False,False,False
Gene body DNA hydroxymethylation restricts the magnitude of transcriptional changes during aging,https://www.nature.com/articles/s41467-024-50725-y,2024,True,True,True,True,False,False
Epigenetic memory is governed by an effector recruitment specificity toggle in Heterochromatin Protein 1,https://www.nature.com/articles/s41467-024-50538-z,2024,True,True,True,False,False,False
Structural basis for the H2AK119ub1-specific DNMT3A-nucleosome interaction,https://www.nature.com/articles/s41467-024-50526-3,2024,True,False,False,False,False,False
Tumor detection by analysis of both symmetric- and hemi-methylation of plasma cell-free DNA,https://www.nature.com/articles/s41467-024-50471-1,2024,True,True,True,False,True,False
Symmetric and asymmetric DNA N6-adenine methylation regulates different biological responses in Mucorales,https://www.nature.com/articles/s41467-024-50365-2,2024,True,True,True,False,False,False
SANTO: a coarse-to-fine alignment and stitching method for spatial omics,https://www.nature.com/articles/s41467-024-50308-x,2024,True,False,False,False,False,False
MethNet: a robust approach to identify regulatory hubs and their distal targets from cancer data,https://www.nature.com/articles/s41467-024-50380-3,2024,True,True,True,False,False,False
A multiomic atlas of the aging hippocampus reveals molecular changes in response to environmental enrichment,https://www.nature.com/articles/s41467-024-49608-z,2024,True,True,True,False,True,False
Integrating muti-omics data to identify tissue-specific DNA methylation biomarkers for cancer risk,https://www.nature.com/articles/s41467-024-50404-y,2024,True,True,True,False,True,False
PRC2-AgeIndex as a universal biomarker of aging and rejuvenation,https://www.nature.com/articles/s41467-024-50098-2,2024,True,False,False,False,False,False
Single-cell multiomics reveals ENL mutation perturbs kidney developmental trajectory by rewiring gene regulatory landscape,https://www.nature.com/articles/s41467-024-50171-w,2024,True,True,True,False,False,False
Investigating grey matter volumetric trajectories through the lifespan at the individual level,https://www.nature.com/articles/s41467-024-50305-0,2024,True,True,True,True,False,False
Whole genome sequencing refines stratification and therapy of patients with clear cell renal cell carcinoma,https://www.nature.com/articles/s41467-024-49692-1,2024,True,False,True,True,False,False
Kdm4a is an activity downregulated barrier to generate engrams for memory separation,https://www.nature.com/articles/s41467-024-50218-y,2024,True,True,False,True,True,False
Molecular and structural basis of the chromatin remodeling activity by ,https://www.nature.com/articles/s41467-024-49465-w,2024,True,False,True,False,False,False
tRNA m,https://www.nature.com/articles/s41467-024-50110-9,2024,True,True,True,True,False,False
Perturbation of METTL1-mediated tRNA N,https://www.nature.com/articles/s41467-024-49796-8,2024,True,True,True,False,True,False
Epigenetic alterations affecting hematopoietic regulatory networks as drivers of mixed myeloid/lymphoid leukemia,https://www.nature.com/articles/s41467-024-49811-y,2024,True,True,True,False,False,False
Directional integration and pathway enrichment analysis for multi-omics data,https://www.nature.com/articles/s41467-024-49986-4,2024,True,True,True,True,False,False
Epigenetic maintenance of adult neural stem cell quiescence in the mouse hippocampus via Setd1a,https://www.nature.com/articles/s41467-024-50010-y,2024,True,True,False,False,False,False
TWEAK/Fn14 signalling driven super-enhancer reprogramming promotes pro-metastatic metabolic rewiring in triple-negative breast cancer,https://www.nature.com/articles/s41467-024-50071-z,2024,True,True,True,False,False,False
SHP2 as a primordial epigenetic enzyme expunges histone H3 pTyr-54 to amend androgen receptor homeostasis,https://www.nature.com/articles/s41467-024-49978-4,2024,True,True,True,False,False,False
Transposable elements-mediated recruitment of KDM1A epigenetically silences HNF4A expression to promote hepatocellular carcinoma,https://www.nature.com/articles/s41467-024-49926-2,2024,True,True,True,True,False,True
Rockfish: A transformer-based model for accurate 5-methylcytosine prediction from nanopore sequencing,https://www.nature.com/articles/s41467-024-49847-0,2024,True,True,False,False,False,False
Multi-omic characterization of allele-specific regulatory variation in hybrid pigs,https://www.nature.com/articles/s41467-024-49923-5,2024,True,True,True,False,False,False
Epithelial cells maintain memory of prior infection with ,https://www.nature.com/articles/s41467-024-49347-1,2024,True,True,True,True,False,False
Epigenetic-based differentiation therapy for Acute Myeloid Leukemia,https://www.nature.com/articles/s41467-024-49784-y,2024,True,True,True,True,False,False
Temperature-dependent jumonji demethylase modulates flowering time by targeting H3K36me2/3 in ,https://www.nature.com/articles/s41467-024-49721-z,2024,True,True,True,False,True,False
Borg extrachromosomal elements of methane-oxidizing archaea have conserved and expressed genetic repertoires,https://www.nature.com/articles/s41467-024-49548-8,2024,True,False,False,False,False,False
MethPhaser: methylation-based long-read haplotype phasing of human genomes,https://www.nature.com/articles/s41467-024-49588-0,2024,True,True,False,False,False,False
Plasma cell differentiation is regulated by the expression of histone variant H3.3,https://www.nature.com/articles/s41467-024-49375-x,2024,True,True,True,False,False,False
Cancer-associated Histone H3 N-terminal arginine mutations disrupt PRC2 activity and impair differentiation,https://www.nature.com/articles/s41467-024-49486-5,2024,True,True,False,False,False,False
m,https://www.nature.com/articles/s41467-024-49368-w,2024,True,True,True,False,False,False
"Cosmic kidney disease: an integrated pan-omic, physiological and morphological study into spaceflight-induced renal dysfunction",https://www.nature.com/articles/s41467-024-49212-1,2024,True,True,True,False,True,True
Direct RNA sequencing of astronaut blood reveals spaceflight-associated m6A increases and hematopoietic transcriptional responses,https://www.nature.com/articles/s41467-024-48929-3,2024,True,True,True,False,False,False
iPS cell generation-associated point mutations include many C > T substitutions via different cytosine modification mechanisms,https://www.nature.com/articles/s41467-024-49335-5,2024,True,True,False,False,False,False
PR-SET7 epigenetically restrains uterine interferon response and cell death governing proper postnatal stromal development,https://www.nature.com/articles/s41467-024-49342-6,2024,True,True,False,False,False,False
m6a methylation orchestrates IMP1 regulation of microtubules during human neuronal differentiation,https://www.nature.com/articles/s41467-024-49139-7,2024,True,True,True,False,False,False
A candidate sex determination locus in amphibians which evolved by structural variation between X- and Y-chromosomes,https://www.nature.com/articles/s41467-024-49025-2,2024,True,False,False,False,True,False
FBXO7 ubiquitinates PRMT1 to suppress serine synthesis and tumor growth in hepatocellular carcinoma,https://www.nature.com/articles/s41467-024-49087-2,2024,True,True,False,False,True,False
Microbiome and epigenetic variation in wild fish with low genetic diversity,https://www.nature.com/articles/s41467-024-49162-8,2024,True,True,True,False,True,False
IκBα controls dormancy in hematopoietic stem cells via retinoic acid during embryonic development,https://www.nature.com/articles/s41467-024-48854-5,2024,True,True,True,False,False,False
The chromatin landscape of pathogenic transcriptional cell states in rheumatoid arthritis,https://www.nature.com/articles/s41467-024-48620-7,2024,True,True,True,False,False,False
Targeted suppression of siRNA biogenesis in Arabidopsis pollen promotes triploid seed viability,https://www.nature.com/articles/s41467-024-48950-6,2024,True,True,True,False,False,False
ARID1B maintains mesenchymal stem cell quiescence via inhibition of BCL11B-mediated non-canonical Activin signaling,https://www.nature.com/articles/s41467-024-48285-2,2024,True,True,True,False,False,False
Structures of co-transcriptional RNA capping enzymes on paused transcription complex,https://www.nature.com/articles/s41467-024-48963-1,2024,True,False,False,False,False,False
TAD border deletion at the ,https://www.nature.com/articles/s41467-024-48523-7,2024,True,True,False,False,False,False
Multi-omics in nasal epithelium reveals three axes of dysregulation for asthma risk in the African Diaspora populations,https://www.nature.com/articles/s41467-024-48507-7,2024,True,True,True,True,True,False
L-RNA aptamer-based CXCL12 inhibition combined with radiotherapy in newly-diagnosed glioblastoma: dose escalation of the phase I/II GLORIA trial,https://www.nature.com/articles/s41467-024-48416-9,2024,True,True,False,False,False,False
Structural basis for human mitochondrial tRNA maturation,https://www.nature.com/articles/s41467-024-49132-0,2024,True,True,True,False,False,False
An isoform quantitative trait locus in SBNO2 links genetic susceptibility to Crohn’s disease with defective antimicrobial activity,https://www.nature.com/articles/s41467-024-47218-3,2024,True,True,True,True,True,False
A conserved Pol II elongator SPT6L mediates Pol V transcription to regulate RNA-directed DNA methylation in ,https://www.nature.com/articles/s41467-024-48940-8,2024,True,True,False,False,False,False
Deleting the mitochondrial respiration negative regulator MCJ enhances the efficacy of CD8,https://www.nature.com/articles/s41467-024-48653-y,2024,True,True,True,False,False,False
Active transcription and epigenetic reactions synergistically regulate meso-scale genomic organization,https://www.nature.com/articles/s41467-024-48698-z,2024,True,True,False,False,False,False
Cell of origin epigenetic priming determines susceptibility to ,https://www.nature.com/articles/s41467-024-48508-6,2024,True,True,True,False,True,False
DNA methylation-based high-resolution mapping of long-distance chromosomal interactions in nucleosome-depleted regions,https://www.nature.com/articles/s41467-024-48718-y,2024,True,True,True,False,False,False
The SUN-family protein Sad1 mediates heterochromatin spatial organization through interaction with histone H2A-H2B,https://www.nature.com/articles/s41467-024-48418-7,2024,True,False,False,False,False,False
Astrocytic ALKBH5 in stress response contributes to depressive-like behaviors in mice,https://www.nature.com/articles/s41467-024-48730-2,2024,True,True,True,False,True,False
Homozygous ,https://www.nature.com/articles/s41467-024-48549-x,2024,True,False,True,False,True,False
Integrating single cell expression quantitative trait loci summary statistics to understand complex trait risk genes,https://www.nature.com/articles/s41467-024-48143-1,2024,True,True,False,False,True,False
An improved epigenetic counter to track mitotic age in normal and precancerous tissues,https://www.nature.com/articles/s41467-024-48649-8,2024,True,True,True,False,False,False
CEBPA restricts alveolar type 2 cell plasticity during development and injury-repair,https://www.nature.com/articles/s41467-024-48632-3,2024,True,True,True,False,False,False
Bone marrow stromal cells induce chromatin remodeling in multiple myeloma cells leading to transcriptional changes,https://www.nature.com/articles/s41467-024-47793-5,2024,True,True,True,False,False,False
Severe drought exposure in utero associates to children’s epigenetic age acceleration in a global climate change hot spot,https://www.nature.com/articles/s41467-024-48426-7,2024,True,True,True,False,False,False
Benchmarking of methods for DNA methylome deconvolution,https://www.nature.com/articles/s41467-024-48466-z,2024,True,True,True,False,False,False
Conserved regulatory switches for the transition from natal down to juvenile feather in birds,https://www.nature.com/articles/s41467-024-48303-3,2024,True,True,True,True,False,False
Disentangling oncogenic amplicons in esophageal adenocarcinoma,https://www.nature.com/articles/s41467-024-47619-4,2024,True,False,False,False,False,False
Multiscale modelling of chromatin 4D organization in SARS-CoV-2 infected cells,https://www.nature.com/articles/s41467-024-48370-6,2024,True,True,False,False,False,False
Methylation of ESCRT-III components regulates the timing of cytokinetic abscission,https://www.nature.com/articles/s41467-024-47717-3,2024,True,True,True,False,False,False
Prediction of m6A and m5C at single-molecule resolution reveals a transcriptome-wide co-occurrence of RNA modifications,https://www.nature.com/articles/s41467-024-47953-7,2024,True,True,True,True,False,False
MeCP2 binds to methylated DNA independently of phase separation and heterochromatin organisation,https://www.nature.com/articles/s41467-024-47395-1,2024,True,True,True,False,False,False
Specific exercise patterns generate an epigenetic molecular memory window that drives long-term memory formation and identifies ACVR1C as a bidirectional regulator of memory in mice,https://www.nature.com/articles/s41467-024-47996-w,2024,True,True,True,False,False,False
Primordial germ cell DNA demethylation and development require DNA translesion synthesis,https://www.nature.com/articles/s41467-024-47219-2,2024,True,False,False,False,False,False
Multimodal analysis of cfDNA methylomes for early detecting esophageal squamous cell carcinoma and precancerous lesions,https://www.nature.com/articles/s41467-024-47886-1,2024,True,True,True,True,False,False
Disease related changes in ATAC-seq of iPSC-derived motor neuron lines from ALS patients and controls,https://www.nature.com/articles/s41467-024-47758-8,2024,True,True,True,True,True,False
Associations in cell type-specific hydroxymethylation and transcriptional alterations of pediatric central nervous system tumors,https://www.nature.com/articles/s41467-024-47943-9,2024,True,True,True,False,False,False
A case of T-cell acute lymphoblastic leukemia in retroviral gene therapy for ADA-SCID,https://www.nature.com/articles/s41467-024-47866-5,2024,True,True,True,False,True,False
"A cluster-randomized trial of water, sanitation, handwashing and nutritional interventions on stress and epigenetic programming",https://www.nature.com/articles/s41467-024-47896-z,2024,True,False,False,False,False,False
The pRb/RBL2-E2F1/4-GCN5 axis regulates cancer stem cell formation and G0 phase entry/exit by paracrine mechanisms,https://www.nature.com/articles/s41467-024-47680-z,2024,True,True,True,False,True,False
 mutations in follicular lymphoma distort H3K27me3 profiles and alter transcriptional responses to PRC2 inhibition,https://www.nature.com/articles/s41467-024-47701-x,2024,True,True,True,False,False,False
Microbiota regulates the TET1-mediated DNA hydroxymethylation program in innate lymphoid cell differentiation,https://www.nature.com/articles/s41467-024-48794-0,2024,True,True,True,False,True,False
Strong linkage between benthic oxygen uptake and bacterial tetraether lipids in deep-sea trench regions,https://www.nature.com/articles/s41467-024-47660-3,2024,True,True,False,False,False,False
Tyrosine phosphorylation of CARM1 promotes its enzymatic activity and alters its target specificity,https://www.nature.com/articles/s41467-024-47689-4,2024,True,True,True,False,True,False
A cfDNA methylation-based tissue-of-origin classifier for cancers of unknown primary,https://www.nature.com/articles/s41467-024-47195-7,2024,True,True,True,False,False,False
Combined and differential roles of ADD domains of DNMT3A and DNMT3L on DNA methylation landscapes in mouse germ cells,https://www.nature.com/articles/s41467-024-47699-2,2024,True,True,True,False,False,False
Differentiation shifts from a reversible to an irreversible heterochromatin state at the DM1 locus,https://www.nature.com/articles/s41467-024-47217-4,2024,True,False,True,False,False,False
"Dynamic inter-domain transformations mediate the allosteric regulation of human 5, 10-methylenetetrahydrofolate reductase",https://www.nature.com/articles/s41467-024-47174-y,2024,True,False,False,False,False,False
Annelid adult cell type diversity and their pluripotent cellular origins,https://www.nature.com/articles/s41467-024-47401-6,2024,True,True,True,True,False,False
Early-life exercise induces immunometabolic epigenetic modification enhancing anti-inflammatory immunity in middle-aged male mice,https://www.nature.com/articles/s41467-024-47458-3,2024,True,True,True,False,True,False
Structure-guided functional suppression of AML-associated DNMT3A hotspot mutations,https://www.nature.com/articles/s41467-024-47398-y,2024,True,True,False,False,False,False
Nonlinear DNA methylation trajectories in aging male mice,https://www.nature.com/articles/s41467-024-47316-2,2024,True,True,True,False,True,False
Single-cell multiomics reveals the interplay of clonal evolution and cellular plasticity in hepatoblastoma,https://www.nature.com/articles/s41467-024-47280-x,2024,True,True,True,False,False,False
Non-canonical functions of UHRF1 maintain DNA methylation homeostasis in cancer cells,https://www.nature.com/articles/s41467-024-47314-4,2024,True,True,True,False,False,False
Loss of CREBBP and KMT2D cooperate to accelerate lymphomagenesis and shape the lymphoma immune microenvironment,https://www.nature.com/articles/s41467-024-47012-1,2024,True,True,True,True,False,False
Intron detention tightly regulates the stemness/differentiation switch in the adult neurogenic niche,https://www.nature.com/articles/s41467-024-47092-z,2024,True,True,True,True,False,False
Systematic analysis of RNA-binding proteins identifies targetable therapeutic vulnerabilities in osteosarcoma,https://www.nature.com/articles/s41467-024-47031-y,2024,True,True,True,True,False,False
Loss-of-function mutation in PRMT9 causes abnormal synapse development by dysregulation of RNA alternative splicing,https://www.nature.com/articles/s41467-024-47107-9,2024,True,True,True,True,False,False
A negative feedback loop between TET2 and leptin in adipocyte regulates body weight,https://www.nature.com/articles/s41467-024-46783-x,2024,True,True,False,False,False,False
FinaleMe: Predicting DNA methylation by the fragmentation patterns of plasma cell-free DNA,https://www.nature.com/articles/s41467-024-47196-6,2024,True,True,False,False,False,False
Methyl transfer in psilocybin biosynthesis,https://www.nature.com/articles/s41467-024-46997-z,2024,True,False,False,False,False,False
Genetic control of DNA methylation is largely shared across European and East Asian populations,https://www.nature.com/articles/s41467-024-47005-0,2024,True,True,True,False,True,False
Engineering the pore environment of antiparallel stacked covalent organic frameworks for capture of iodine pollutants,https://www.nature.com/articles/s41467-024-46942-0,2024,True,False,False,False,False,False
BET inhibitors drive Natural Killer activation in non-small cell lung cancer via BRD4 and SMAD3,https://www.nature.com/articles/s41467-024-46778-8,2024,True,True,True,True,False,False
Aberrant non-canonical NF-κB signalling reprograms the epigenome landscape to drive oncogenic transcriptomes in multiple myeloma,https://www.nature.com/articles/s41467-024-46728-4,2024,True,True,True,True,False,False
Allele-specific transcriptional effects of subclonal copy number alterations enable genotype-phenotype mapping in cancer cells,https://www.nature.com/articles/s41467-024-46710-0,2024,True,True,True,False,False,False
Oncogenic enhancers prime quiescent metastatic cells to escape NK immune surveillance by eliciting transcriptional memory,https://www.nature.com/articles/s41467-024-46524-0,2024,True,True,True,True,False,False
Two DOT1 enzymes cooperatively mediate efficient ubiquitin-independent histone H3 lysine 76 tri-methylation in kinetoplastids,https://www.nature.com/articles/s41467-024-46637-6,2024,True,True,False,False,False,False
Epigenetic modulators link mitochondrial redox homeostasis to cardiac function in a sex-dependent manner,https://www.nature.com/articles/s41467-024-46384-8,2024,True,True,False,False,False,False
"Genetic imputation of kidney transcriptome, proteome and multi-omics illuminates new blood pressure and hypertension targets",https://www.nature.com/articles/s41467-024-46132-y,2024,True,True,True,False,True,False
Fibroblast-specific PRMT5 deficiency suppresses cardiac fibrosis and left ventricular dysfunction in male mice,https://www.nature.com/articles/s41467-024-46711-z,2024,True,True,True,False,False,False
Integrative cross-omics and cross-context analysis elucidates molecular links underlying genetic effects on complex traits,https://www.nature.com/articles/s41467-024-46675-0,2024,True,True,True,False,True,False
Identifying regulators of aberrant stem cell and differentiation activity in colorectal cancer using a dual endogenous reporter system,https://www.nature.com/articles/s41467-024-46285-w,2024,True,True,True,True,False,False
piRNA loading triggers MIWI translocation from the intermitochondrial cement to chromatoid body during mouse spermatogenesis,https://www.nature.com/articles/s41467-024-46664-3,2024,True,True,False,False,False,False
Mi-2β promotes immune evasion in melanoma by activating EZH2 methylation,https://www.nature.com/articles/s41467-024-46422-5,2024,True,True,True,True,False,False
N-Acetyltransferase 10 represses Uqcr11 and Uqcrb independently of ac4C modification to promote heart regeneration,https://www.nature.com/articles/s41467-024-46458-7,2024,True,True,True,False,True,False
CRISPR/Cas9 model of prostate cancer identifies Kmt2c deficiency as a metastatic driver by Odam/Cabs1 gene cluster expression,https://www.nature.com/articles/s41467-024-46370-0,2024,True,True,True,True,False,False
Epigenetic profiling reveals key genes and cis-regulatory networks specific to human parathyroids,https://www.nature.com/articles/s41467-024-46181-3,2024,True,False,True,False,False,False
Neuronal miR-9 promotes HSV-1 epigenetic silencing and latency by repressing Oct-1 and Onecut family genes,https://www.nature.com/articles/s41467-024-46057-6,2024,True,True,True,False,False,False
Extensive DNA methylome rearrangement during early lamprey embryogenesis,https://www.nature.com/articles/s41467-024-46085-2,2024,True,False,True,False,False,False
QTL mapping of human retina DNA methylation identifies 87 gene-epigenome interactions in age-related macular degeneration,https://www.nature.com/articles/s41467-024-46063-8,2024,True,True,True,True,True,False
Polycomb-mediated silencing of ,https://www.nature.com/articles/s41467-024-46119-9,2024,True,True,False,True,False,False
Complex regulatory networks influence pluripotent cell state transitions in human iPSCs,https://www.nature.com/articles/s41467-024-45506-6,2024,True,True,False,True,True,False
scCASE: accurate and interpretable enhancement for single-cell chromatin accessibility sequencing data,https://www.nature.com/articles/s41467-024-46045-w,2024,True,True,False,False,True,False
Plasticity-induced repression of Irf6 underlies acquired resistance to cancer immunotherapy in pancreatic ductal adenocarcinoma,https://www.nature.com/articles/s41467-024-46048-7,2024,True,True,True,False,False,False
A signal processing and deep learning framework for methylation detection using Oxford Nanopore sequencing,https://www.nature.com/articles/s41467-024-45778-y,2024,True,False,False,False,False,False
Tissue-location-specific transcription programs drive tumor dependencies in colon cancer,https://www.nature.com/articles/s41467-024-45605-4,2024,True,True,True,True,False,False
Epiallelic variation of non-coding RNA genes and their phenotypic consequences,https://www.nature.com/articles/s41467-024-45771-5,2024,True,True,False,False,True,False
Epigenetic regulation of CD38/CD48 by KDM6A mediates NK cell response in multiple myeloma,https://www.nature.com/articles/s41467-024-45561-z,2024,True,True,True,False,False,False
Intrauterine growth and the tangential expansion of the human cerebral cortex in times of food scarcity and abundance,https://www.nature.com/articles/s41467-024-45409-6,2024,True,True,True,True,False,False
Predicting proximal tubule failed repair drivers through regularized regression analysis of single cell multiomic sequencing,https://www.nature.com/articles/s41467-024-45706-0,2024,True,True,True,False,False,False
Chromatin attachment to the nuclear matrix represses hypocotyl elongation in ,https://www.nature.com/articles/s41467-024-45577-5,2024,True,True,True,False,False,False
T-bet,https://www.nature.com/articles/s41467-024-45201-6,2024,True,True,True,False,False,False
"Integrating leiomyoma genetics, epigenomics, and single-cell transcriptomics reveals causal genetic variants, genes, and cell types",https://www.nature.com/articles/s41467-024-45382-0,2024,True,True,True,False,True,False
Durvalumab and guadecitabine in advanced clear cell renal cell carcinoma: results from the phase Ib/II study BTCRC-GU16-043,https://www.nature.com/articles/s41467-024-45216-z,2024,True,True,False,False,False,False
Single-cell multiomics decodes regulatory programs for mouse secondary palate development,https://www.nature.com/articles/s41467-024-45199-x,2024,True,True,True,False,False,False
Reconstitution of human PDAC using primary cells reveals oncogenic transcriptomic features at tumor onset,https://www.nature.com/articles/s41467-024-45097-2,2024,True,True,True,True,False,False
Unraveling the epigenetic code: human kidney DNA methylation and chromatin dynamics in renal disease development,https://www.nature.com/articles/s41467-024-45295-y,2024,True,True,True,False,True,False
UBR5 promotes antiviral immunity by disengaging the transcriptional brake on RIG-I like receptors,https://www.nature.com/articles/s41467-024-45141-1,2024,True,True,False,False,False,False
Transposable elements mediate genetic effects altering the expression of nearby genes in colorectal cancer,https://www.nature.com/articles/s41467-023-42405-0,2024,True,True,True,False,False,False
The UBP5 histone H2A deubiquitinase counteracts PRCs-mediated repression to regulate Arabidopsis development,https://www.nature.com/articles/s41467-023-44546-8,2024,True,True,True,True,False,False
DNMT3A clonal hematopoiesis-driver mutations induce cardiac fibrosis by paracrine activation of fibroblasts,https://www.nature.com/articles/s41467-023-43003-w,2024,True,True,True,False,True,False
Reprogramming mechanism dissection and trophoblast replacement application in monkey somatic cell nuclear transfer,https://www.nature.com/articles/s41467-023-43985-7,2024,True,True,False,False,False,False
"Altered DNA methylation within DNMT3A, AHRR, LTA/TNF loci mediates the effect of smoking on inflammatory bowel disease",https://www.nature.com/articles/s41467-024-44841-y,2024,True,True,True,False,True,False
DiffDomain enables identification of structurally reorganized topologically associating domains,https://www.nature.com/articles/s41467-024-44782-6,2024,True,True,True,True,False,False
Epigenetic reprogramming shapes the cellular landscape of schwannoma,https://www.nature.com/articles/s41467-023-40408-5,2024,True,True,True,True,False,False
The chromatin landscape of healthy and injured cell types in the human kidney,https://www.nature.com/articles/s41467-023-44467-6,2024,True,True,True,True,True,False
Functional interactions between neurofibromatosis tumor suppressors underlie Schwann cell tumor de-differentiation and treatment resistance,https://www.nature.com/articles/s41467-024-44755-9,2024,True,True,True,False,False,False
Blood DNA methylation profiling identifies cathepsin Z dysregulation in pulmonary arterial hypertension,https://www.nature.com/articles/s41467-023-44683-0,2024,True,True,True,False,False,False
Temporally-coordinated bivalent histone modifications of ,https://www.nature.com/articles/s41467-023-44491-6,2024,True,True,False,False,False,False
The single-cell transcriptomic atlas and RORA-mediated 3D epigenomic remodeling in driving corneal epithelial differentiation,https://www.nature.com/articles/s41467-023-44471-w,2024,True,True,True,False,False,False
Mapping nucleosome-resolution chromatin organization and enhancer-promoter loops in plants using Micro-C-XL,https://www.nature.com/articles/s41467-023-44347-z,2024,True,True,True,False,False,False
Modular assembly of an artificially concise biocatalytic cascade for the manufacture of phenethylisoquinoline alkaloids,https://www.nature.com/articles/s41467-023-44420-7,2024,True,False,False,False,False,False
Histone lactylation couples cellular metabolism with developmental gene regulatory networks,https://www.nature.com/articles/s41467-023-44121-1,2024,True,True,True,False,False,False
Derivation of human primordial germ cell-like cells in an embryonic-like culture,https://www.nature.com/articles/s41467-023-43871-2,2024,True,False,False,False,False,False
Chronic oxytocin administration stimulates the oxytocinergic system in children with autism,https://www.nature.com/articles/s41467-023-44334-4,2024,True,False,False,False,True,False
Multi-omic and functional analysis for classification and treatment of sarcomas with FUS-TFCP2 or EWSR1-TFCP2 fusions,https://www.nature.com/articles/s41467-023-44360-2,2024,True,True,True,True,False,False
Covalent PARylation of DNA base excision repair proteins regulates DNA demethylation,https://www.nature.com/articles/s41467-023-44209-8,2024,True,True,True,False,False,False
"Cell-type differential targeting of SETDB1 prevents aberrant CTCF binding, chromatin looping, and ",https://www.nature.com/articles/s41467-023-44578-0,2024,True,True,False,True,False,False
Structure-guided design of a selective inhibitor of the methyltransferase KMT9 with cellular activity,https://www.nature.com/articles/s41467-023-44243-6,2024,True,False,False,False,False,False
MCT1-governed pyruvate metabolism is essential for antibody class-switch recombination through H3K27 acetylation,https://www.nature.com/articles/s41467-023-44540-0,2024,True,True,False,False,False,False
DNA methylation governs the sensitivity of repeats to restriction by the HUSH-MORC2 corepressor,https://www.nature.com/articles/s41467-024-50765-4,2024,True,True,False,False,False,False
The epigenetic pioneer EGR2 initiates DNA demethylation in differentiating monocytes at both stable and transient binding sites,https://www.nature.com/articles/s41467-021-21661-y,2021,True,True,True,True,False,False
Integrative ensemble modelling of cetuximab sensitivity in colorectal cancer patient-derived xenografts,https://www.nature.com/articles/s41467-024-53163-y,2024,True,True,True,False,True,False
Nuclear localization of MTHFD2 is required for correct mitosis progression,https://www.nature.com/articles/s41467-024-51847-z,2024,True,True,True,False,True,False
A computer-guided design tool to increase the efficiency of cellular conversions,https://www.nature.com/articles/s41467-021-21801-4,2021,True,True,True,False,False,False
Functional annotations of three domestic animal genomes provide vital resources for comparative and agricultural research,https://www.nature.com/articles/s41467-021-22100-8,2021,True,False,True,False,False,False
Increased translation driven by non-canonical EZH2 creates a synthetic vulnerability in enzalutamide-resistant prostate cancer,https://www.nature.com/articles/s41467-024-53874-2,2024,True,True,True,False,True,False
Reprogramming of the FOXA1 cistrome in treatment-emergent neuroendocrine prostate cancer,https://www.nature.com/articles/s41467-021-22139-7,2021,True,True,True,False,False,False
A multi-regional human brain atlas of chromatin accessibility and gene expression facilitates promoter-isoform resolution genetic fine-mapping,https://www.nature.com/articles/s41467-024-54448-y,2024,True,True,True,False,False,False
A stepwise mode of TGFβ-SMAD signaling and DNA methylation regulates naïve-to-primed pluripotency and differentiation,https://www.nature.com/articles/s41467-024-54433-5,2024,True,True,True,True,False,False
Widespread reorganisation of pluripotent factor binding and gene regulatory interactions between human pluripotent states,https://www.nature.com/articles/s41467-021-22201-4,2021,True,True,True,False,False,False
RA3 is a reference-guided approach for epigenetic characterization of single cells,https://www.nature.com/articles/s41467-021-22495-4,2021,True,False,True,False,False,False
A compendium and comparative epigenomics analysis of ,https://www.nature.com/articles/s41467-021-22448-x,2021,True,True,True,False,False,False
"SAM-DNMT3A, a strategy for induction of genome-wide DNA methylation, identifies DNA methylation as a vulnerability in ER-positive breast cancers",https://www.nature.com/articles/s41467-024-54824-8,2024,True,True,False,False,False,False
Ultrasound Control of Genomic Regulatory Toolboxes for Cancer Immunotherapy,https://www.nature.com/articles/s41467-024-54477-7,2024,True,True,True,False,False,False
A central circadian oscillator confers defense heterosis in hybrids without growth vigor costs,https://www.nature.com/articles/s41467-021-22268-z,2021,True,False,False,False,False,False
An integrative analysis of the age-associated multi-omic landscape across cancers,https://www.nature.com/articles/s41467-021-22560-y,2021,True,True,False,False,False,False
Epigenomic landscape of human colorectal cancer unveils an aberrant core of pan-cancer enhancers orchestrated by YAP/TAZ,https://www.nature.com/articles/s41467-021-22544-y,2021,True,True,True,False,False,False
A landscape of X-inactivation during human T cell development,https://www.nature.com/articles/s41467-024-54110-7,2024,True,True,True,True,False,False
-deficiency observed in type 2 diabetes impairs muscle stem cell differentiation via altered autophagy and epigenetics,https://www.nature.com/articles/s41467-021-22068-5,2021,True,True,True,False,False,False
X-linked deletion of ,https://www.nature.com/articles/s41467-024-54673-5,2024,True,True,True,False,False,False
Ezh2 is essential for the generation of functional yolk sac derived erythro-myeloid progenitors,https://www.nature.com/articles/s41467-021-27140-8,2021,True,True,False,False,False,False
Inhibition of cytoplasmic EZH2 induces antitumor activity through stabilization of the DLC1 tumor suppressor protein,https://www.nature.com/articles/s41467-021-26993-3,2021,True,True,True,False,False,False
Proximal and distal effects of genetic susceptibility to multiple sclerosis on the T cell epigenome,https://www.nature.com/articles/s41467-021-27427-w,2021,True,True,True,False,False,False
Growth differentiation factor 1-induced tumour plasticity provides a therapeutic window for immunotherapy in hepatocellular carcinoma,https://www.nature.com/articles/s41467-021-27525-9,2021,True,True,False,False,False,False
Epigenomic and 3D genomic mapping reveals developmental dynamics and subgenomic asymmetry of transcriptional regulatory architecture in allotetraploid cotton,https://www.nature.com/articles/s41467-024-55309-4,2024,True,True,True,False,False,False
The FvABF3-FvALKBH10B-FvSEP3 cascade regulates fruit ripening in strawberry,https://www.nature.com/articles/s41467-024-55294-8,2024,True,True,False,False,False,False
"Protein phosphatase 2A inactivation induces microsatellite instability, neoantigen production and immune response",https://www.nature.com/articles/s41467-021-27620-x,2021,True,True,True,False,True,False
USP7/Maged1-mediated H2A monoubiquitination in the paraventricular thalamus: an epigenetic mechanism involved in cocaine use disorder,https://www.nature.com/articles/s41467-023-44120-2,2023,True,True,True,True,False,False
Alveolar epithelial progenitor cells require Nkx2-1 to maintain progenitor-specific epigenomic state during lung homeostasis and regeneration,https://www.nature.com/articles/s41467-023-44184-0,2023,True,True,True,False,False,False
Genomic and epigenomic integrative subtypes of renal cell carcinoma in a Japanese cohort,https://www.nature.com/articles/s41467-023-44159-1,2023,True,True,True,False,False,False
Whole-genome sequencing reveals the molecular implications of the stepwise progression of lung adenocarcinoma,https://www.nature.com/articles/s41467-023-43732-y,2023,True,True,True,False,True,False
Maternal dominance contributes to subgenome differentiation in allopolyploid fishes,https://www.nature.com/articles/s41467-023-43740-y,2023,True,True,True,False,False,False
"C5 methylation confers accessibility, stability and selectivity to picrotoxinin",https://www.nature.com/articles/s41467-023-44030-3,2023,True,False,False,False,False,False
Maternal antibiotic exposure enhances ILC2 activation in neonates via downregulation of IFN1 signaling,https://www.nature.com/articles/s41467-023-43903-x,2023,True,True,True,True,False,False
Structural variants involved in high-altitude adaptation detected using single-molecule long-read sequencing,https://www.nature.com/articles/s41467-023-44034-z,2023,True,False,False,False,True,False
Genetic and epigenetic features of bilateral Wilms tumor predisposition in patients from the Children’s Oncology Group AREN18B5-Q,https://www.nature.com/articles/s41467-023-43730-0,2023,True,True,True,False,False,False
5mC modification orchestrates choriogenesis and fertilization by preventing prolonged ,https://www.nature.com/articles/s41467-023-43987-5,2023,True,True,True,True,False,False
Epigenetic modifications regulate cultivar-specific root development and metabolic adaptation to nitrogen availability in wheat,https://www.nature.com/articles/s41467-023-44003-6,2023,True,True,True,True,False,False
"Genes with epigenetic alterations in human pancreatic islets impact mitochondrial function, insulin secretion, and type 2 diabetes",https://www.nature.com/articles/s41467-023-43719-9,2023,True,True,True,False,False,False
Phase-separated CCER1 coordinates the histone-to-protamine transition and male fertility,https://www.nature.com/articles/s41467-023-43480-z,2023,True,True,False,False,False,False
Loss of cohesin regulator PDS5A reveals repressive role of Polycomb loops,https://www.nature.com/articles/s41467-023-43869-w,2023,True,True,False,False,False,False
The long non-coding RNA HOTAIR contributes to joint-specific gene expression in rheumatoid arthritis,https://www.nature.com/articles/s41467-023-44053-w,2023,True,True,True,False,True,False
Itaconate promotes hepatocellular carcinoma progression by epigenetic induction of CD8,https://www.nature.com/articles/s41467-023-43988-4,2023,True,True,True,False,False,False
Clonal hematopoiesis related TET2 loss-of-function impedes IL1β-mediated epigenetic reprogramming in hematopoietic stem and progenitor cells,https://www.nature.com/articles/s41467-023-43697-y,2023,True,True,True,True,False,False
TAD evolutionary and functional characterization reveals diversity in mammalian TAD boundary properties and function,https://www.nature.com/articles/s41467-023-43841-8,2023,True,True,True,False,False,False
Inhibiting stromal Class I HDACs curbs pancreatic cancer progression,https://www.nature.com/articles/s41467-023-42178-6,2023,True,False,True,False,False,False
Zika virus remodelled ER membranes contain proviral factors involved in redox and methylation pathways,https://www.nature.com/articles/s41467-023-43665-6,2023,True,True,True,False,False,False
Nitric oxide controls shoot meristem activity via regulation of DNA methylation,https://www.nature.com/articles/s41467-023-43705-1,2023,True,True,False,False,False,False
SMARCB1 loss activates patient-specific distal oncogenic enhancers in malignant rhabdoid tumors,https://www.nature.com/articles/s41467-023-43498-3,2023,True,True,True,False,False,False
Brain methylome remodeling selectively regulates neuronal activity genes linking to emotional behaviors in mice exposed to maternal immune activation,https://www.nature.com/articles/s41467-023-43497-4,2023,True,True,True,False,False,False
Dominance in self-compatibility between subgenomes of allopolyploid ,https://www.nature.com/articles/s41467-023-43275-2,2023,True,True,False,False,True,False
HDAC8-mediated inhibition of EP300 drives a transcriptional state that increases melanoma brain metastasis,https://www.nature.com/articles/s41467-023-43519-1,2023,True,True,True,False,False,False
OVOL2 sustains postnatal thymic epithelial cell identity,https://www.nature.com/articles/s41467-023-43456-z,2023,True,True,True,False,True,False
The rate of epigenetic drift scales with maximum lifespan across mammals,https://www.nature.com/articles/s41467-023-43417-6,2023,True,True,True,False,False,False
Stepwise differentiation of follicular helper T cells reveals distinct developmental and functional states,https://www.nature.com/articles/s41467-023-43427-4,2023,True,True,True,False,False,False
Mouse models of pediatric high-grade gliomas with MYCN amplification reveal intratumoral heterogeneity and lineage signatures,https://www.nature.com/articles/s41467-023-43564-w,2023,True,True,True,False,True,False
Multifaceted immune dysregulation characterizes individuals at-risk for rheumatoid arthritis,https://www.nature.com/articles/s41467-023-43091-8,2023,True,True,True,False,False,False
Single-cell epigenomics and spatiotemporal transcriptomics reveal human cerebellar development,https://www.nature.com/articles/s41467-023-43568-6,2023,True,True,True,True,False,False
LHP1-mediated epigenetic buffering of subgenome diversity and defense responses confers genome plasticity and adaptability in allopolyploid wheat,https://www.nature.com/articles/s41467-023-43178-2,2023,True,False,True,False,False,False
Megakaryocyte- and erythroblast-specific cell-free DNA patterns in plasma and platelets reflect thrombopoiesis and erythropoiesis levels,https://www.nature.com/articles/s41467-023-43310-2,2023,True,True,False,False,False,False
LncRNA INHEG promotes glioma stem cell maintenance and tumorigenicity through regulating rRNA 2’-O-methylation,https://www.nature.com/articles/s41467-023-43113-5,2023,True,True,True,False,False,False
Mercury deposition and redox transformation processes in peatland constrained by mercury stable isotopes,https://www.nature.com/articles/s41467-023-43164-8,2023,True,True,False,False,False,False
Fungal secondary metabolism is governed by an RNA-binding protein CsdA/RsdA complex,https://www.nature.com/articles/s41467-023-43205-2,2023,True,True,False,False,False,False
PRMT2 promotes HIV-1 latency by preventing nucleolar exit and phase separation of Tat into the Super Elongation Complex,https://www.nature.com/articles/s41467-023-43060-1,2023,True,True,False,False,False,False
Temporal chromatin accessibility changes define transcriptional states essential for osteosarcoma metastasis,https://www.nature.com/articles/s41467-023-42656-x,2023,True,True,True,False,False,False
MePMe-seq: antibody-free simultaneous m,https://www.nature.com/articles/s41467-023-42832-z,2023,True,True,False,False,False,False
Metabolic dependencies of metastasis-initiating cells in female breast cancer,https://www.nature.com/articles/s41467-023-42748-8,2023,True,True,True,False,False,False
IDH1 mutation impairs antiviral response and potentiates oncolytic virotherapy in glioma,https://www.nature.com/articles/s41467-023-42545-3,2023,True,True,True,False,False,False
DNMT and HDAC inhibition induces immunogenic neoantigens from human endogenous retroviral element-derived transcripts,https://www.nature.com/articles/s41467-023-42417-w,2023,True,True,True,False,False,False
Paternal DNA methylation is remodeled to maternal levels in rice zygote,https://www.nature.com/articles/s41467-023-42394-0,2023,True,True,True,True,False,False
The admixed brushtail possum genome reveals invasion history in New Zealand and novel imprinted genes,https://www.nature.com/articles/s41467-023-41784-8,2023,True,True,False,False,True,False
Rewiring of the promoter-enhancer interactome and regulatory landscape in glioblastoma orchestrates gene expression underlying neurogliomal synaptic communication,https://www.nature.com/articles/s41467-023-41919-x,2023,True,True,True,True,False,False
Structure of full-length cobalamin-dependent methionine synthase and cofactor loading captured ,https://www.nature.com/articles/s41467-023-42037-4,2023,True,False,False,False,False,False
Unaltered hepatic wound healing response in male rats with ancestral liver injury,https://www.nature.com/articles/s41467-023-41998-w,2023,True,True,True,False,False,False
Single-cell allele-specific expression analysis reveals dynamic and cell-type-specific regulatory effects,https://www.nature.com/articles/s41467-023-42016-9,2023,True,True,True,False,False,False
 lesions enhance the aggressiveness of ,https://www.nature.com/articles/s41467-023-41927-x,2023,True,True,True,False,False,False
Multimodal analysis of cell-free DNA whole-methylome sequencing for cancer detection and localization,https://www.nature.com/articles/s41467-023-41774-w,2023,True,True,False,False,False,False
SMCHD1 has separable roles in chromatin architecture and gene silencing that could be targeted in disease,https://www.nature.com/articles/s41467-023-40992-6,2023,True,True,True,True,False,False
Epigenomic analysis of formalin-fixed paraffin-embedded samples by CUT&Tag,https://www.nature.com/articles/s41467-023-41666-z,2023,True,True,True,False,False,False
Guadecitabine plus ipilimumab in unresectable melanoma: five-year follow-up and integrated multi-omic analysis in the phase 1b NIBIT-M4 trial,https://www.nature.com/articles/s41467-023-40994-4,2023,True,True,True,False,False,False
BAP1 promotes osteoclast function by metabolic reprogramming,https://www.nature.com/articles/s41467-023-41629-4,2023,True,True,True,True,False,False
Synergism between CMG helicase and leading strand DNA polymerase at replication fork,https://www.nature.com/articles/s41467-023-41506-0,2023,True,False,False,False,False,False
Epigenetic regulation of beta-endorphin synthesis in hypothalamic arcuate nucleus neurons modulates neuropathic pain in a rodent pain model,https://www.nature.com/articles/s41467-023-43022-7,2023,True,True,True,False,True,False
Context-dependent perturbations in chromatin folding and the transcriptome by cohesin and related factors,https://www.nature.com/articles/s41467-023-41316-4,2023,True,True,True,False,False,False
DNA methylation profiling to determine the primary sites of metastatic cancers using formalin-fixed paraffin-embedded tissues,https://www.nature.com/articles/s41467-023-41015-0,2023,True,True,True,False,False,False
Divergent single cell transcriptome and epigenome alterations in ALS and FTD patients with C9orf72 mutation,https://www.nature.com/articles/s41467-023-41033-y,2023,True,True,True,False,False,False
KMT2A associates with PHF5A-PHF14-HMG20A-RAI1 subcomplex in pancreatic cancer stem cells and epigenetically regulates their characteristics,https://www.nature.com/articles/s41467-023-41297-4,2023,True,True,True,False,False,False
A biocatalytic platform for asymmetric alkylation of α-keto acids by mining and engineering of methyltransferases,https://www.nature.com/articles/s41467-023-40980-w,2023,True,False,False,False,False,False
Germinal center output is sustained by HELLS-dependent DNA-methylation-maintenance in B cells,https://www.nature.com/articles/s41467-023-41317-3,2023,True,True,True,True,False,False
Detection of diagnostic and prognostic methylation-based signatures in liquid biopsy specimens from patients with meningiomas,https://www.nature.com/articles/s41467-023-41434-z,2023,True,True,True,False,False,False
HMGB2 regulates the differentiation and stemness of exhausted CD8,https://www.nature.com/articles/s41467-023-41352-0,2023,True,True,True,False,False,False
Epigenome-wide association analysis of infant bronchiolitis severity: a multicenter prospective cohort study,https://www.nature.com/articles/s41467-023-41300-y,2023,True,True,True,True,False,False
A super-enhancer-regulated RNA-binding protein cascade drives pancreatic cancer,https://www.nature.com/articles/s41467-023-40798-6,2023,True,True,True,False,False,False
Single cell multiomic analysis reveals diabetes-associated β-cell heterogeneity driven by ,https://www.nature.com/articles/s41467-023-41228-3,2023,True,True,True,False,False,False
Epigenetic inheritance is unfaithful at intermediately methylated CpG sites,https://www.nature.com/articles/s41467-023-40845-2,2023,True,True,False,False,False,False
Transposable elements as tissue-specific enhancers in cancers of endodermal lineage,https://www.nature.com/articles/s41467-023-41081-4,2023,True,True,True,True,False,False
Downregulation of transposable elements extends lifespan in ,https://www.nature.com/articles/s41467-023-40957-9,2023,True,True,False,False,True,False
Extrachromosomal circular DNA and structural variants highlight genome instability in ,https://www.nature.com/articles/s41467-023-41023-0,2023,True,False,False,False,False,False
Loss of LCMT1 and biased protein phosphatase 2A heterotrimerization drive prostate cancer progression and therapy resistance,https://www.nature.com/articles/s41467-023-40760-6,2023,True,True,True,False,False,False
DNA methylation at the suppressor of cytokine signaling 3 (,https://www.nature.com/articles/s41467-023-40607-0,2023,True,True,True,False,True,False
A qPCR technology for direct quantification of methylation in untreated DNA,https://www.nature.com/articles/s41467-023-40873-y,2023,True,True,False,False,False,False
Circadian clock regulator Bmal1 gates axon regeneration via Tet3 epigenetics in mouse sensory neurons,https://www.nature.com/articles/s41467-023-40816-7,2023,True,True,True,False,True,False
"Novel insights into the role of long non-coding RNA in the human malaria parasite, ",https://www.nature.com/articles/s41467-023-40883-w,2023,True,True,True,False,False,False
Characterization of two ,https://www.nature.com/articles/s41467-023-40868-9,2023,True,True,False,False,False,False
Epigenetic and molecular coordination between HDAC2 and SMAD3-SKI regulates essential brain tumour stem cell characteristics,https://www.nature.com/articles/s41467-023-40776-y,2023,True,True,True,False,False,False
A genome-wide association study of blood cell morphology identifies cellular proteins implicated in disease aetiology,https://www.nature.com/articles/s41467-023-40679-y,2023,True,True,False,False,False,False
Single-cell genomics improves the discovery of risk variants and genes of atrial fibrillation,https://www.nature.com/articles/s41467-023-40505-5,2023,True,True,True,False,True,False
Whole genome deconvolution unveils Alzheimer’s resilient epigenetic signature,https://www.nature.com/articles/s41467-023-40611-4,2023,True,True,True,True,True,False
Spinal cord repair is modulated by the neurogenic factor Hb-egf under direction of a regeneration-associated enhancer,https://www.nature.com/articles/s41467-023-40486-5,2023,True,True,False,False,False,False
Dimeric G-quadruplex motifs-induced NFRs determine strong replication origins in vertebrates,https://www.nature.com/articles/s41467-023-40441-4,2023,True,True,False,False,False,False
Unreprogrammed H3K9me3 prevents minor zygotic genome activation and lineage commitment in SCNT embryos,https://www.nature.com/articles/s41467-023-40496-3,2023,True,True,True,False,False,False
A multiplex blood-based assay targeting DNA methylation in PBMCs enables early detection of breast cancer,https://www.nature.com/articles/s41467-023-40389-5,2023,True,True,True,False,False,False
Getting personal with epigenetics: towards individual-specific epigenomic imputation with machine learning,https://www.nature.com/articles/s41467-023-40211-2,2023,True,True,True,True,False,False
Molecular insights into Spindlin1-HBx interplay and its impact on HBV transcription from cccDNA minichromosome,https://www.nature.com/articles/s41467-023-40225-w,2023,True,False,False,False,False,False
Droplet-based bisulfite sequencing for high-throughput profiling of single-cell DNA methylomes,https://www.nature.com/articles/s41467-023-40411-w,2023,True,False,False,False,False,False
Integrative analysis of transcriptome dynamics during human craniofacial development identifies candidate disease genes,https://www.nature.com/articles/s41467-023-40363-1,2023,True,True,False,False,True,False
Profiling neuronal methylome and hydroxymethylome of opioid use disorder in the human orbitofrontal cortex,https://www.nature.com/articles/s41467-023-40285-y,2023,True,True,True,False,True,False
Ezh2 emerges as an epigenetic checkpoint regulator during monocyte differentiation limiting cardiac dysfunction post-MI,https://www.nature.com/articles/s41467-023-40186-0,2023,True,True,True,True,False,False
The allotetraploid horseradish genome provides insights into subgenome diversification and formation of critical traits,https://www.nature.com/articles/s41467-023-39800-y,2023,True,False,True,False,False,False
MOF-mediated histone H4 Lysine 16 acetylation governs mitochondrial and ciliary functions by controlling gene promoters,https://www.nature.com/articles/s41467-023-40108-0,2023,True,True,True,False,False,False
Epigenetic mechanisms to propagate histone acetylation by p300/CBP,https://www.nature.com/articles/s41467-023-39735-4,2023,True,False,False,False,False,False
Context-defined cancer co-dependency mapping identifies a functional interplay between PRC2 and MLL-MEN1 complex in lymphoma,https://www.nature.com/articles/s41467-023-39990-5,2023,True,True,True,False,False,False
Loss of PHF8 induces a viral mimicry response by activating endogenous retrotransposons,https://www.nature.com/articles/s41467-023-39943-y,2023,True,True,True,True,False,False
Increased body mass index is linked to systemic inflammation through altered chromatin co-accessibility in human preadipocytes,https://www.nature.com/articles/s41467-023-39919-y,2023,True,True,True,False,True,False
A seven-transmembrane methyltransferase catalysing N-terminal histidine methylation of lytic polysaccharide monooxygenases,https://www.nature.com/articles/s41467-023-39875-7,2023,True,True,True,False,False,False
Lactate-dependent transcriptional regulation controls mammalian eye morphogenesis,https://www.nature.com/articles/s41467-023-39672-2,2023,True,True,True,False,False,False
The MOM1 complex recruits the RdDM machinery via MORC6 to establish de novo DNA methylation,https://www.nature.com/articles/s41467-023-39751-4,2023,True,True,True,False,False,False
Histone H1 facilitates restoration of H3K27me3 during DNA replication by chromatin compaction,https://www.nature.com/articles/s41467-023-39846-y,2023,True,True,True,False,False,False
Inheritance of associative memories and acquired cellular changes in ,https://www.nature.com/articles/s41467-023-39804-8,2023,True,False,False,False,True,False
Roving methyltransferases generate a mosaic epigenetic landscape and influence evolution in ,https://www.nature.com/articles/s41467-023-39892-6,2023,True,True,True,True,False,False
DNA 5-methylcytosine detection and methylation phasing using PacBio circular consensus sequencing,https://www.nature.com/articles/s41467-023-39784-9,2023,True,True,False,False,False,False
Lysine methylation promotes NFAT5 activation and determines temozolomide efficacy in glioblastoma,https://www.nature.com/articles/s41467-023-39845-z,2023,True,True,True,False,False,False
TET2 and TET3 loss disrupts small intestine differentiation and homeostasis,https://www.nature.com/articles/s41467-023-39512-3,2023,True,True,True,False,False,False
The cholesterol transporter NPC1 is essential for epigenetic regulation and maturation of oligodendrocyte lineage cells,https://www.nature.com/articles/s41467-023-39733-6,2023,True,True,True,False,True,False
UHRF1 is a mediator of KRAS driven oncogenesis in lung adenocarcinoma,https://www.nature.com/articles/s41467-023-39591-2,2023,True,True,True,False,False,False
Cancer lineage-specific regulation of YAP responsive elements revealed through large-scale functional epigenomic screens,https://www.nature.com/articles/s41467-023-39527-w,2023,True,True,True,True,False,False
Single cell Hi-C identifies plastic chromosome conformations underlying the gastrulation enhancer landscape,https://www.nature.com/articles/s41467-023-39549-4,2023,True,True,False,False,False,False
Single-cell transcriptomics and epigenomics unravel the role of monocytes in neuroblastoma bone marrow metastasis,https://www.nature.com/articles/s41467-023-39210-0,2023,True,True,True,False,False,False
Histone exchange sensors reveal variant specific dynamics in mouse embryonic stem cells,https://www.nature.com/articles/s41467-023-39477-3,2023,True,True,False,False,False,False
Embryonic vitamin D deficiency programs hematopoietic stem cells to induce type 2 diabetes,https://www.nature.com/articles/s41467-023-38849-z,2023,True,True,True,False,False,False
Regioselective stilbene ,https://www.nature.com/articles/s41467-023-38908-5,2023,True,True,False,False,False,False
Histone H2A Lys130 acetylation epigenetically regulates androgen production in prostate cancer,https://www.nature.com/articles/s41467-023-38887-7,2023,True,True,True,True,False,False
Impaired histone inheritance promotes tumor progression,https://www.nature.com/articles/s41467-023-39185-y,2023,True,True,True,False,False,False
A village in a dish model system for population-scale hiPSC studies,https://www.nature.com/articles/s41467-023-38704-1,2023,True,True,True,False,True,False
A high-throughput test enables specific detection of hepatocellular carcinoma,https://www.nature.com/articles/s41467-023-39055-7,2023,True,True,True,False,True,False
Resistance to thyroid hormone induced tachycardia in RTHα syndrome,https://www.nature.com/articles/s41467-023-38960-1,2023,True,True,True,False,False,False
Epigenetic suppression of PGC1α (,https://www.nature.com/articles/s41467-023-38968-7,2023,True,True,True,False,False,False
CFP1 governs uterine epigenetic landscapes to intervene in progesterone responses for uterine physiology and suppression of endometriosis,https://www.nature.com/articles/s41467-023-39008-0,2023,True,False,True,False,False,False
Long-read direct RNA sequencing reveals epigenetic regulation of chimeric gene-transposon transcripts in ,https://www.nature.com/articles/s41467-023-38954-z,2023,True,True,True,False,False,False
Multi-omic features of oesophageal adenocarcinoma in patients treated with preoperative neoadjuvant therapy,https://www.nature.com/articles/s41467-023-38891-x,2023,True,True,True,False,False,False
A cryo-EM structure of KTF1-bound polymerase V transcription elongation complex,https://www.nature.com/articles/s41467-023-38619-x,2023,True,False,False,False,False,False
Direct haplotype-resolved 5-base HiFi sequencing for genome-wide profiling of hypermethylation outliers in a rare disease cohort,https://www.nature.com/articles/s41467-023-38782-1,2023,True,False,True,False,False,False
macroH2A2 antagonizes epigenetic programs of stemness in glioblastoma,https://www.nature.com/articles/s41467-023-38919-2,2023,True,True,False,False,False,False
Decoding protein methylation function with thermal stability analysis,https://www.nature.com/articles/s41467-023-38863-1,2023,True,True,True,True,False,False
Neural crest E-cadherin loss drives cleft lip/palate by epigenetic modulation via pro-inflammatory gene–environment interaction,https://www.nature.com/articles/s41467-023-38526-1,2023,True,True,True,False,False,False
Base editing-mediated one-step inactivation of the ,https://www.nature.com/articles/s41467-023-38528-z,2023,True,True,False,False,False,False
PRMT1 mediated methylation of cGAS suppresses anti-tumor immunity,https://www.nature.com/articles/s41467-023-38443-3,2023,True,True,False,False,False,False
In vivo inhibition of nuclear ACE2 translocation protects against SARS-CoV-2 replication and lung damage through epigenetic imprinting,https://www.nature.com/articles/s41467-023-39341-4,2023,True,True,True,False,True,False
Integrative genomic analyses in adipocytes implicate DNA methylation in human obesity and diabetes,https://www.nature.com/articles/s41467-023-38439-z,2023,True,True,True,False,True,False
DNA methylation markers for kidney function and progression of diabetic kidney disease,https://www.nature.com/articles/s41467-023-37837-7,2023,True,True,True,False,True,False
Alternative promoters in CpG depleted regions are prevalently associated with epigenetic misregulation of liver cancer transcriptomes,https://www.nature.com/articles/s41467-023-38272-4,2023,True,True,True,False,False,False
Neonatal immune challenge poses a sex-specific risk for epigenetic microglial reprogramming and behavioral impairment,https://www.nature.com/articles/s41467-023-38373-0,2023,True,True,True,False,False,False
meQTL mapping in the GENOA study reveals genetic determinants of DNA methylation in African Americans,https://www.nature.com/articles/s41467-023-37961-4,2023,True,True,True,False,True,False
Integrated genomic analysis reveals aberrations in WNT signaling in germ cell tumors of childhood and adolescence,https://www.nature.com/articles/s41467-023-38378-9,2023,True,True,False,False,False,False
MetaTiME integrates single-cell gene expression to characterize the meta-components of the tumor immune microenvironment,https://www.nature.com/articles/s41467-023-38333-8,2023,True,True,False,False,False,False
Roles of adenine methylation in the physiology of ,https://www.nature.com/articles/s41467-023-38291-1,2023,True,True,True,False,False,False
Methionine consumption by cancer cells drives a progressive upregulation of PD-1 expression in CD4 T cells,https://www.nature.com/articles/s41467-023-38316-9,2023,True,True,True,False,False,False
Selective conversion of CO,https://www.nature.com/articles/s41467-023-38336-5,2023,True,False,False,False,False,False
Reversible transitions between noradrenergic and mesenchymal tumor identities define cell plasticity in neuroblastoma,https://www.nature.com/articles/s41467-023-38239-5,2023,True,True,False,False,False,False
Unveiling an indole alkaloid diketopiperazine biosynthetic pathway that features a unique stereoisomerase and multifunctional methyltransferase,https://www.nature.com/articles/s41467-023-38168-3,2023,True,False,False,False,False,False
Dependency of NELF-E-SLUG-KAT2B epigenetic axis in breast cancer carcinogenesis,https://www.nature.com/articles/s41467-023-38132-1,2023,True,True,True,False,False,False
The AAV capsid can influence the epigenetic marking of rAAV delivered episomal genomes in a species dependent manner,https://www.nature.com/articles/s41467-023-38106-3,2023,True,True,False,False,False,False
Epigenetic landscape reveals MECOM as an endothelial lineage regulator,https://www.nature.com/articles/s41467-023-38002-w,2023,True,True,True,False,False,False
3D genome mapping identifies subgroup-specific chromosome conformations and tumor-dependency genes in ependymoma,https://www.nature.com/articles/s41467-023-38044-0,2023,True,True,False,False,False,False
A VEL3 histone deacetylase complex establishes a maternal epigenetic state controlling progeny seed dormancy,https://www.nature.com/articles/s41467-023-37805-1,2023,True,True,True,False,False,False
Multi-omic underpinnings of epigenetic aging and human longevity,https://www.nature.com/articles/s41467-023-37729-w,2023,True,True,True,False,True,False
DNMT1 mutant ants develop normally but have disrupted oogenesis,https://www.nature.com/articles/s41467-023-37945-4,2023,True,True,True,False,False,False
Phosphorylation and stabilization of EZH2 by DCAF1/VprBP trigger aberrant gene silencing in colon cancer,https://www.nature.com/articles/s41467-023-37883-1,2023,True,True,True,True,False,False
Histone 4 lysine 5/12 acetylation enables developmental plasticity of ,https://www.nature.com/articles/s41467-023-37734-z,2023,True,True,True,False,True,False
Glucose depletion enables ,https://www.nature.com/articles/s41467-023-37755-8,2023,True,False,True,False,False,False
Characterization of genome-wide STR variation in 6487 human genomes,https://www.nature.com/articles/s41467-023-37690-8,2023,True,True,True,True,True,False
Engineered CRISPR-OsCas12f1 and RhCas12f1 with robust activities and expanded target range for genome editing,https://www.nature.com/articles/s41467-023-37829-7,2023,True,False,False,False,False,False
Integrative modeling of tumor genomes and epigenomes for enhanced cancer diagnosis by cell-free DNA,https://www.nature.com/articles/s41467-023-37768-3,2023,True,True,True,False,False,False
ASPSCR1::TFE3 orchestrates the angiogenic program of alveolar soft part sarcoma,https://www.nature.com/articles/s41467-023-37049-z,2023,True,True,True,True,False,False
Homologous recombination deficiency derived from whole-genome sequencing predicts platinum response in triple-negative breast cancers,https://www.nature.com/articles/s41467-023-37537-2,2023,True,True,True,False,True,False
The methylation landscape of giga-genome and the epigenetic timer of age in Chinese pine,https://www.nature.com/articles/s41467-023-37684-6,2023,True,True,True,False,False,False
Nasopharyngeal carcinoma cells promote regulatory T cell development and suppressive activity via CD70-CD27 interaction,https://www.nature.com/articles/s41467-023-37614-6,2023,True,True,True,False,False,False
PRMT3-mediated arginine methylation of IGF2BP1 promotes oxaliplatin resistance in liver cancer,https://www.nature.com/articles/s41467-023-37542-5,2023,True,True,True,False,False,False
Sterol methyltransferases in uncultured bacteria complicate eukaryotic biomarker interpretations,https://www.nature.com/articles/s41467-023-37552-3,2023,True,False,False,False,False,False
Cellcano: supervised cell type identification for single cell ATAC-seq data,https://www.nature.com/articles/s41467-023-37439-3,2023,True,True,False,False,False,False
An epigenetic switch controls an alternative NR2F2 isoform that unleashes a metastatic program in melanoma,https://www.nature.com/articles/s41467-023-36967-2,2023,True,True,True,False,False,False
"Workflow enabling deepscale immunopeptidome, proteome, ubiquitylome, phosphoproteome, and acetylome analyses of sample-limited tissues",https://www.nature.com/articles/s41467-023-37547-0,2023,True,False,True,False,False,False
Farrerol directly activates the deubiqutinase UCHL3 to promote DNA repair and reprogramming when mediated by somatic cell nuclear transfer,https://www.nature.com/articles/s41467-023-37576-9,2023,True,True,True,False,False,False
Arabidopsis TRB proteins function in H3K4me3 demethylation by recruiting JMJ14,https://www.nature.com/articles/s41467-023-37263-9,2023,True,False,True,False,False,False
Epigenetic and transcriptomic characterization reveals progression markers and essential pathways in clear cell renal cell carcinoma,https://www.nature.com/articles/s41467-023-37211-7,2023,True,True,True,False,True,False
Primitive haematopoiesis in the human placenta gives rise to macrophages with epigenetically silenced HLA-DR,https://www.nature.com/articles/s41467-023-37383-2,2023,True,True,True,True,True,False
Rewired m,https://www.nature.com/articles/s41467-023-37398-9,2023,True,True,True,False,True,False
Paternal methotrexate exposure affects sperm small RNA content and causes craniofacial defects in the offspring,https://www.nature.com/articles/s41467-023-37427-7,2023,True,True,True,False,False,False
Epigenetic state determines the in vivo efficacy of STING agonist therapy,https://www.nature.com/articles/s41467-023-37217-1,2023,True,True,False,False,False,False
Acute liver steatosis translationally controls the epigenetic regulator MIER1 to promote liver regeneration in a study with male mice,https://www.nature.com/articles/s41467-023-37247-9,2023,True,True,True,False,False,False
Excessive serine from the bone marrow microenvironment impairs megakaryopoiesis and thrombopoiesis in Multiple Myeloma,https://www.nature.com/articles/s41467-023-37699-z,2023,True,True,True,False,False,False
 para-effectors target chromatin and promote bacterial replication,https://www.nature.com/articles/s41467-023-37885-z,2023,True,True,True,False,False,False
Amide-to-ester substitution as a stable alternative to ,https://www.nature.com/articles/s41467-023-36978-z,2023,True,True,False,False,False,False
Spontaneously evolved progenitor niches escape Yap oncogene addiction in advanced pancreatic ductal adenocarcinomas,https://www.nature.com/articles/s41467-023-37147-y,2023,True,True,True,False,False,False
PIP4K2B is mechanoresponsive and controls heterochromatin-driven nuclear softening through UHRF1,https://www.nature.com/articles/s41467-023-37064-0,2023,True,True,True,False,False,False
Decrypting the programming of β-methylation in virginiamycin M biosynthesis,https://www.nature.com/articles/s41467-023-36974-3,2023,True,False,False,False,False,False
The ,https://www.nature.com/articles/s41467-023-37038-2,2023,True,True,True,False,False,False
SOX11 regulates SWI/SNF complex components as member of the adrenergic neuroblastoma core regulatory circuitry,https://www.nature.com/articles/s41467-023-36735-2,2023,True,True,True,False,False,False
-methyladenosine of Spi,https://www.nature.com/articles/s41467-023-36865-7,2023,True,True,True,False,False,False
rRNA methylation by Spb1 regulates the GTPase activity of Nog2 during 60S ribosomal subunit assembly,https://www.nature.com/articles/s41467-023-36867-5,2023,True,False,True,False,False,False
Sequence terminus dependent PCR for site-specific mutation and modification detection,https://www.nature.com/articles/s41467-023-36884-4,2023,True,True,False,False,False,False
Long non-coding RNA-derived peptides are immunogenic and drive a potent anti-tumour response,https://www.nature.com/articles/s41467-023-36826-0,2023,True,True,True,True,False,False
Itaconate ameliorates autoimmunity by modulating T cell imbalance via metabolic and epigenetic reprogramming,https://www.nature.com/articles/s41467-023-36594-x,2023,True,True,True,True,True,False
PHGDH arginine methylation by PRMT1 promotes serine synthesis and represents a therapeutic vulnerability in hepatocellular carcinoma,https://www.nature.com/articles/s41467-023-36708-5,2023,True,True,False,False,True,False
Spatial transcriptomics reveals niche-specific enrichment and vulnerabilities of radial glial stem-like cells in malignant gliomas,https://www.nature.com/articles/s41467-023-36707-6,2023,True,True,True,False,True,False
LSM1-mediated Major Satellite RNA decay is required for nonequilibrium histone H3.3 incorporation into parental pronuclei,https://www.nature.com/articles/s41467-023-36584-z,2023,True,True,True,False,False,False
Tracking the evolution of esophageal squamous cell carcinoma under dynamic immune selection by multi-omics sequencing,https://www.nature.com/articles/s41467-023-36558-1,2023,True,True,True,False,True,False
Nsun2 coupling with RoRγt shapes the fate of Th17 cells and promotes colitis,https://www.nature.com/articles/s41467-023-36595-w,2023,True,True,True,True,False,False
A molecular atlas reveals the tri-sectional spinning mechanism of spider dragline silk,https://www.nature.com/articles/s41467-023-36545-6,2023,True,False,True,False,False,False
The ULK3 kinase is a determinant of keratinocyte self-renewal and tumorigenesis targeting the arginine methylome,https://www.nature.com/articles/s41467-023-36410-6,2023,True,True,False,False,False,False
Pivotal role for ,https://www.nature.com/articles/s41467-023-36232-6,2023,True,True,True,False,True,False
Myelodysplastic Syndrome associated ,https://www.nature.com/articles/s41467-023-36193-w,2023,True,True,False,False,False,False
HIV vaccine candidate efficacy in female macaques mediated by cAMP-dependent efferocytosis and V2-specific ADCC,https://www.nature.com/articles/s41467-023-36109-8,2023,True,True,True,True,False,False
Increased levels of endogenous retroviruses trigger fibroinflammation and play a role in kidney disease development,https://www.nature.com/articles/s41467-023-36212-w,2023,True,True,True,False,False,False
G9a/GLP inhibition during ex vivo lymphocyte expansion increases in vivo cytotoxicity of engineered T cells against hepatocellular carcinoma,https://www.nature.com/articles/s41467-023-36160-5,2023,True,True,True,False,False,False
FMO rewires metabolism to promote longevity through tryptophan and one carbon metabolism in ,https://www.nature.com/articles/s41467-023-36181-0,2023,True,True,True,False,False,False
Transcriptional reprogramming of skeletal muscle stem cells by the niche environment,https://www.nature.com/articles/s41467-023-36265-x,2023,True,False,True,False,False,False
Epigenetic control of cellular crosstalk defines gastrointestinal organ fate and function,https://www.nature.com/articles/s41467-023-36228-2,2023,True,True,True,False,True,False
FTO-dependent m,https://www.nature.com/articles/s41467-023-36008-y,2023,True,True,True,False,True,False
Epigenetic regulation of Neuregulin 1 promotes breast cancer progression associated to hyperglycemia,https://www.nature.com/articles/s41467-023-36179-8,2023,True,True,True,False,True,False
Epigenetic and transcriptional regulations prime cell fate before division during human pluripotent stem cell differentiation,https://www.nature.com/articles/s41467-023-36116-9,2023,True,True,True,True,True,False
The NFIB/CARM1 partnership is a driver in preclinical models of small cell lung cancer,https://www.nature.com/articles/s41467-023-35864-y,2023,True,True,True,False,False,False
Mapping nucleolus-associated chromatin interactions using nucleolus Hi-C reveals pattern of heterochromatin interactions,https://www.nature.com/articles/s41467-023-36021-1,2023,True,True,False,False,False,False
Epigenomic charting and functional annotation of risk loci in renal cell carcinoma,https://www.nature.com/articles/s41467-023-35833-5,2023,True,True,True,False,True,False
Molecular characterization of Richter syndrome identifies de novo diffuse large B-cell lymphomas with poor prognosis,https://www.nature.com/articles/s41467-022-34642-6,2023,True,True,True,False,True,False
Mechanisms and function of de novo DNA methylation in placental development reveals an essential role for DNMT3B,https://www.nature.com/articles/s41467-023-36019-9,2023,True,True,True,True,True,False
Polycomb deficiency drives a FOXP2-high aggressive state targetable by epigenetic inhibitors,https://www.nature.com/articles/s41467-023-35784-x,2023,True,True,True,False,False,False
DNA methylation analysis explores the molecular basis of plasma cell-free DNA fragmentation,https://www.nature.com/articles/s41467-023-35959-6,2023,True,True,False,False,False,False
Smarcd3 is an epigenetic modulator of the metabolic landscape in pancreatic ductal adenocarcinoma,https://www.nature.com/articles/s41467-023-35796-7,2023,True,True,True,False,False,False
Tumor-intrinsic YTHDF1 drives immune evasion and resistance to immune checkpoint inhibitors via promoting MHC-I degradation,https://www.nature.com/articles/s41467-022-35710-7,2023,True,True,True,False,False,False
"Comparative analysis of genome-scale, base-resolution DNA methylation profiles across 580 animal species",https://www.nature.com/articles/s41467-022-34828-y,2023,True,True,True,False,True,False
ChIATAC is an efficient strategy for multi-omics mapping of 3D epigenomes from low-cell inputs,https://www.nature.com/articles/s41467-023-35879-5,2023,True,True,True,False,False,False
A specific G9a inhibitor unveils BGLT3 lncRNA as a universal mediator of chemically induced fetal globin gene expression,https://www.nature.com/articles/s41467-022-35404-0,2023,True,True,True,True,False,False
Arabidopsis DXO1 activates RNMT1 to methylate the mRNA guanosine cap,https://www.nature.com/articles/s41467-023-35903-8,2023,True,True,True,False,False,False
Age-related matrix stiffening epigenetically regulates α-Klotho expression and compromises chondrocyte integrity,https://www.nature.com/articles/s41467-022-35359-2,2023,True,True,True,False,False,False
Targeted systematic evolution of an RNA platform neutralizing DNMT1 function and controlling DNA methylation,https://www.nature.com/articles/s41467-022-35222-4,2023,True,True,True,False,False,False
Germline ,https://www.nature.com/articles/s41467-022-35727-y,2023,True,True,False,False,False,False
Improving cassava bacterial blight resistance by editing the epigenome,https://www.nature.com/articles/s41467-022-35675-7,2023,True,False,False,False,False,False
DNMT3B supports meso-endoderm differentiation from mouse embryonic stem cells,https://www.nature.com/articles/s41467-023-35938-x,2023,True,True,True,False,False,False
Priming a vascular-selective cytokine response permits CD8,https://www.nature.com/articles/s41467-023-37807-z,2023,True,True,True,False,False,False
Global impact of somatic structural variation on the cancer proteome,https://www.nature.com/articles/s41467-023-41374-8,2023,True,True,True,False,False,False
Single cell multi-omics reveal intra-cell-line heterogeneity across human cancer cell lines,https://www.nature.com/articles/s41467-023-43991-9,2023,True,True,True,False,False,False
The DNA methylation landscape of primary triple-negative breast cancer,https://www.nature.com/articles/s41467-025-58158-x,2025,True,True,True,False,True,False
Chromatin landscape at ,https://www.nature.com/articles/s41467-025-57719-4,2025,True,True,False,True,False,False
SIMVI disentangles intrinsic and spatial-induced cellular states in spatial omics data,https://www.nature.com/articles/s41467-025-58089-7,2025,True,True,True,True,False,False
"Impact of BRCA mutations, age, surgical indication, and hormone status on the molecular phenotype of the human Fallopian tube",https://www.nature.com/articles/s41467-025-58145-2,2025,True,True,True,True,False,False
Inhibition of human-HPV hybrid ecDNA enhancers reduces oncogene expression and tumor growth in oropharyngeal cancer,https://www.nature.com/articles/s41467-025-57447-9,2025,True,False,True,False,False,False
FOXM1 expression reverts aging chromatin profiles through repression of the senescence-associated pioneer factor AP-1,https://www.nature.com/articles/s41467-025-57503-4,2025,True,True,True,False,True,False
Recapitulating hypoxic metabolism in cartilaginous organoids via adaptive cell-matrix interactions enhances histone lactylation and cartilage regeneration,https://www.nature.com/articles/s41467-025-57779-6,2025,True,False,False,False,False,False
Semi-automated IT-scATAC-seq profiles cell-specific chromatin accessibility in differentiation and peripheral blood populations,https://www.nature.com/articles/s41467-025-57931-2,2025,True,True,True,False,True,False
Single-cell and chromatin accessibility profiling reveals regulatory programs of pathogenic Th2 cells in allergic asthma,https://www.nature.com/articles/s41467-025-57590-3,2025,True,True,True,True,True,False
Potentially causal associations between placental DNA methylation and schizophrenia and other neuropsychiatric disorders,https://www.nature.com/articles/s41467-025-57760-3,2025,True,True,True,True,True,False
"HC-Pro inhibits HEN1 methyltransferase activity, leading to autophagic degradation of AGO1",https://www.nature.com/articles/s41467-025-56320-z,2025,True,False,True,False,False,False
Long read sequencing enhances pathogenic and novel variation discovery in patients with rare diseases,https://www.nature.com/articles/s41467-025-57695-9,2025,True,True,False,False,True,False
Programmable mRNA therapeutics for controlled epigenomic modulation of single and multiplexed gene expression in diverse diseases,https://www.nature.com/articles/s41467-025-57920-5,2025,True,True,True,True,False,False
Atlas of imprinted and allele-specific DNA methylation in the human body,https://www.nature.com/articles/s41467-025-57433-1,2025,True,True,True,True,False,False
TET2 deficiency increases the competitive advantage of hematopoietic stem and progenitor cells through upregulation of thrombopoietin receptor signaling,https://www.nature.com/articles/s41467-025-57614-y,2025,True,True,True,False,False,False
Histidine 73 methylation coordinates ,https://www.nature.com/articles/s41467-025-57458-6,2025,True,False,False,False,False,False
Structure-function relationship of ASH1L and histone H3K36 and H3K4 methylation,https://www.nature.com/articles/s41467-025-57556-5,2025,True,True,True,False,False,False
Genomic characterization of the HER2-enriched intrinsic molecular subtype in primary ER-positive HER2-negative breast cancer,https://www.nature.com/articles/s41467-025-57419-z,2025,True,True,True,False,True,False
Comprehensive molecular portrait reveals genetic diversity and distinct molecular subtypes of small intestinal neuroendocrine tumors,https://www.nature.com/articles/s41467-025-57305-8,2025,True,True,True,True,False,False
Interpreting mammalian synonymous site conservation in light of the unwanted transcript hypothesis,https://www.nature.com/articles/s41467-025-57179-w,2025,True,True,True,False,True,False
PBRM1 directs PBAF to pericentromeres and protects centromere integrity,https://www.nature.com/articles/s41467-025-57277-9,2025,True,True,True,False,False,False
Potent and selective SETDB1 covalent negative allosteric modulator reduces methyltransferase activity in cells,https://www.nature.com/articles/s41467-025-57005-3,2025,True,False,True,False,False,False
Insights from a methylome-wide association study of antidepressant exposure,https://www.nature.com/articles/s41467-024-55356-x,2025,True,True,True,False,True,False
Molecular basis of foreign DNA recognition by BREX anti-phage immunity system,https://www.nature.com/articles/s41467-025-57006-2,2025,True,False,False,False,False,False
iPSCs and iPSC-derived cells as a model of human genetic and epigenetic variation,https://www.nature.com/articles/s41467-025-56569-4,2025,True,True,False,False,True,False
Genome-wide interaction association analysis identifies interactive effects of childhood maltreatment and kynurenine pathway on depression,https://www.nature.com/articles/s41467-025-57066-4,2025,True,True,False,False,False,False
Explainable artificial intelligence of DNA methylation-based brain tumor diagnostics,https://www.nature.com/articles/s41467-025-57078-0,2025,True,False,False,False,False,False
Nitric oxide inhibits ten-eleven translocation DNA demethylases to regulate 5mC and 5hmC across the genome,https://www.nature.com/articles/s41467-025-56928-1,2025,True,True,True,True,False,False
Topological identification and interpretation for single-cell epigenetic regulation elucidation in multi-tasks using scAGDE,https://www.nature.com/articles/s41467-025-57027-x,2025,True,True,True,False,True,False
Barcoded HIV-1 reveals viral persistence driven by clonal proliferation and distinct epigenetic patterns,https://www.nature.com/articles/s41467-025-56771-4,2025,True,True,True,False,True,False
Accelerated epigenetic aging in Huntington’s disease involves polycomb repressive complex 1,https://www.nature.com/articles/s41467-025-56722-z,2025,True,True,True,False,True,False
Non-catalytic mechanisms of KMT5C regulating hepatic gluconeogenesis,https://www.nature.com/articles/s41467-025-56696-y,2025,True,True,True,False,False,False
Multi-omics analyses reveal biological and clinical insights in recurrent stage I non-small cell lung cancer,https://www.nature.com/articles/s41467-024-55068-2,2025,True,True,True,False,False,False
D-2-hydroxyglutarate impairs DNA repair through epigenetic reprogramming,https://www.nature.com/articles/s41467-025-56781-2,2025,True,True,False,False,False,False
Replication-IDentifier links epigenetic and metabolic pathways to the replication stress response,https://www.nature.com/articles/s41467-025-56561-y,2025,True,True,True,False,False,True
Brd7 loss reawakens dormant metastasis initiating cells in lung by forging an immunosuppressive niche,https://www.nature.com/articles/s41467-025-56347-2,2025,True,True,True,False,False,False
A biallelically active embryonic enhancer dictates ,https://www.nature.com/articles/s41467-025-56608-0,2025,True,True,True,False,False,False
Mapping naturally presented T cell antigens in medulloblastoma based on integrative multi-omics,https://www.nature.com/articles/s41467-025-56268-0,2025,True,True,True,True,False,False
"Bidirectional relationship between epigenetic age and stroke, dementia, and late-life depression",https://www.nature.com/articles/s41467-024-54721-0,2025,True,True,False,False,False,False
Spatial integration of multi-omics single-cell data with SIMO,https://www.nature.com/articles/s41467-025-56523-4,2025,True,True,True,True,False,False
INSTINCT: Multi-sample integration of spatial chromatin accessibility sequencing data via stochastic domain translation,https://www.nature.com/articles/s41467-025-56535-0,2025,True,True,True,False,True,False
Genetic variation in IL-4 activated tissue resident macrophages determines strain-specific synergistic responses to LPS epigenetically,https://www.nature.com/articles/s41467-025-56379-8,2025,True,True,True,False,False,False
"Multichrome encoding-based multiplexed, spatially resolved imaging reveals single-cell RNA epigenetic modifications heterogeneity",https://www.nature.com/articles/s41467-025-56331-w,2025,True,True,False,False,False,False
Motif distribution and DNA methylation underlie distinct Cdx2 binding during development and homeostasis,https://www.nature.com/articles/s41467-025-56187-0,2025,True,True,True,False,False,False
PRMT1-methylated MSX1 phase separates to control palate development,https://www.nature.com/articles/s41467-025-56327-6,2025,True,True,True,False,False,False
"Multiomic analysis reveals cellular, transcriptomic and epigenetic changes in intestinal pouches of ulcerative colitis patients",https://www.nature.com/articles/s41467-025-56212-2,2025,True,True,True,False,True,False
MethylBERT enables read-level DNA methylation pattern identification and tumour deconvolution using a Transformer-based model,https://www.nature.com/articles/s41467-025-55920-z,2025,True,True,False,False,True,False
Herpesviruses mimic zygotic genome activation to promote viral replication,https://www.nature.com/articles/s41467-025-55928-5,2025,True,True,True,True,False,False
Transcriptional diversification in a human-adapting zoonotic pathogen drives niche-specific evolution,https://www.nature.com/articles/s41467-025-57331-6,2025,True,True,False,True,False,False
GWAS meta-analysis of psoriasis identifies new susceptibility alleles impacting disease mechanisms and therapeutic targets,https://www.nature.com/articles/s41467-025-56719-8,2025,True,True,True,True,True,False
Causality-driven candidate identification for reliable DNA methylation biomarker discovery,https://www.nature.com/articles/s41467-025-56054-y,2025,True,True,False,True,False,False
Maternal asthma imprints fetal lung ILC2s via glucocorticoid signaling leading to worsened allergic airway inflammation in murine adult offspring,https://www.nature.com/articles/s41467-025-55941-8,2025,True,True,True,True,False,False
Impact of age-related changes in buccal epithelial cells on pediatric epigenetic biomarker research,https://www.nature.com/articles/s41467-025-55909-8,2025,True,True,False,False,False,False
Absence of MCJ/DnaJC15 promotes brown adipose tissue thermogenesis,https://www.nature.com/articles/s41467-024-54353-4,2025,True,True,True,False,False,False
Heterochromatic gene silencing controls CD4,https://www.nature.com/articles/s41467-025-55848-4,2025,True,True,True,False,False,False
Increased local DNA methylation disorder in AMLs with DNMT3A-destabilizing variants and its clinical implication,https://www.nature.com/articles/s41467-024-55691-z,2025,True,True,False,True,False,False
Alleviation of liver fibrosis by inhibiting a non-canonical ATF4-regulated enhancer program in hepatic stellate cells,https://www.nature.com/articles/s41467-024-55738-1,2025,True,True,False,True,False,False
Defining ortholog-specific UHRF1 inhibition by STELLA for cancer therapy,https://www.nature.com/articles/s41467-024-55481-7,2025,True,True,True,True,False,False
DNA methylation modulates nucleosome retention in sperm and H3K4 methylation deposition in early mouse embryos,https://www.nature.com/articles/s41467-024-55441-1,2025,True,True,True,True,False,False
Mitotic block and epigenetic repression underlie neurodevelopmental defects and neurobehavioral deficits in congenital heart disease,https://www.nature.com/articles/s41467-024-55741-6,2025,True,True,True,False,False,False
Methionine-driven methylation modification overcomes plasmid-mediated high-level tigecycline resistance,https://www.nature.com/articles/s41467-024-55791-w,2025,True,True,True,False,False,False
Cooperative condensation of RNA-DIRECTED DNA METHYLATION 16 splicing isoforms enhances heat tolerance in Arabidopsis,https://www.nature.com/articles/s41467-025-55850-w,2025,True,True,True,True,False,False
Development of nucleus-targeted histone-tail-based photoaffinity probes to profile the epigenetic interactome in native cells,https://www.nature.com/articles/s41467-024-55046-8,2025,True,False,True,False,False,False
Spatial tumor immune heterogeneity facilitates subtype co-existence and therapy response in pancreatic cancer,https://www.nature.com/articles/s41467-024-55330-7,2025,True,True,True,False,False,False
 improve discovery of DNA methylation associations with complex traits,https://www.nature.com/articles/s41467-024-55698-6,2025,True,True,True,True,True,False
Positive feedback between arginine methylation of YAP and methionine transporter SLC43A2 drives anticancer drug resistance,https://www.nature.com/articles/s41467-024-55769-8,2025,True,True,True,False,False,False
Intratumor heterogeneity of EGFR expression mediates targeted therapy resistance and formation of drug tolerant microenvironment,https://www.nature.com/articles/s41467-024-55378-5,2025,True,True,True,False,False,False
Deciphering the effect of UM171 on human hematopoietic progenitor cell fate through clonal analysis,https://www.nature.com/articles/s41467-024-55225-7,2025,True,True,True,True,True,False
Gestational diabetes mellitus causes genome hyper-methylation of oocyte via increased EZH2,https://www.nature.com/articles/s41467-024-55499-x,2025,True,True,True,False,False,False
L3MBTL3 and STAT3 collaboratively upregulate ,https://www.nature.com/articles/s41467-024-55617-9,2025,True,True,False,False,False,False
A noncanonical role of ,https://www.nature.com/articles/s41467-024-55711-y,2025,True,True,True,False,False,False
Interplay between CTCF-binding and CTCF-lacking regulatory elements in generating an architectural stripe at the ,https://www.nature.com/articles/s41467-025-57373-w,2025,True,True,False,False,False,False
The epigenetic regulator Mll1 is required for Wnt-driven intestinal tumorigenesis and cancer stemness,https://www.nature.com/articles/s41467-020-20222-z,2020,True,True,True,False,False,False
Glioblastoma epigenome profiling identifies SOX10 as a master regulator of molecular tumour subtype,https://www.nature.com/articles/s41467-020-20225-w,2020,True,True,True,True,False,False
PRC2 and EHMT1 regulate H3K27me2 and H3K27me3 establishment across the zygote genome,https://www.nature.com/articles/s41467-020-20242-9,2020,True,True,True,False,False,False
The molecular basis for recognition of 5′-NNNCC-3′ PAM and its methylation state by ,https://www.nature.com/articles/s41467-020-20204-1,2020,True,False,False,True,False,False
Engineering inducible biomolecular assemblies for genome imaging and manipulation in living cells,https://www.nature.com/articles/s41467-022-35504-x,2022,True,True,True,False,False,False
Epigenome-wide meta-analysis identifies DNA methylation biomarkers associated with diabetic kidney disease,https://www.nature.com/articles/s41467-022-34963-6,2022,True,True,True,False,True,False
Dynamic partitioning of branched-chain amino acids-derived nitrogen supports renal cancer progression,https://www.nature.com/articles/s41467-022-35036-4,2022,True,True,True,False,False,False
A comparison of the genes and genesets identified by GWAS and EWAS of fifteen complex traits,https://www.nature.com/articles/s41467-022-35037-3,2022,True,True,True,False,False,False
Tumor fractions deciphered from circulating cell-free DNA methylation for cancer early diagnosis,https://www.nature.com/articles/s41467-022-35320-3,2022,True,False,False,False,False,False
Cell-type specific profiling of histone post-translational modifications in the adult mouse striatum,https://www.nature.com/articles/s41467-022-35384-1,2022,True,True,True,True,False,False
High-throughput robust single-cell DNA methylation profiling with sciMETv2,https://www.nature.com/articles/s41467-022-35374-3,2022,True,False,False,False,False,False
SESAME-catalyzed H3T11 phosphorylation inhibits Dot1-catalyzed H3K79me3 to regulate autophagy and telomere silencing,https://www.nature.com/articles/s41467-022-35182-9,2022,True,True,False,False,False,False
Quantifying the role of transcript levels in mediating DNA methylation effects on complex traits and diseases,https://www.nature.com/articles/s41467-022-35196-3,2022,True,True,True,False,True,False
Setd2 supports GATA3,https://www.nature.com/articles/s41467-022-35250-0,2022,True,True,False,False,False,False
Nuclear localization of mitochondrial TCA cycle enzymes modulates pluripotency via histone acetylation,https://www.nature.com/articles/s41467-022-35199-0,2022,True,True,False,False,False,False
Nasal DNA methylation at three CpG sites predicts childhood allergic disease,https://www.nature.com/articles/s41467-022-35088-6,2022,True,True,True,False,False,False
Extensive androgen receptor enhancer heterogeneity in primary prostate cancers underlies transcriptional diversity and metastatic potential,https://www.nature.com/articles/s41467-022-35135-2,2022,True,True,True,False,False,False
Breast cancer plasticity is restricted by a LATS1-NCOR1 repressive axis,https://www.nature.com/articles/s41467-022-34863-9,2022,True,True,False,False,False,False
DNA methylation-based classification of sinonasal tumors,https://www.nature.com/articles/s41467-022-34815-3,2022,True,True,True,True,True,False
Epigenetic regulation of white adipose tissue plasticity and energy metabolism by nucleosome binding HMGN proteins,https://www.nature.com/articles/s41467-022-34964-5,2022,True,False,True,False,False,False
AMPK induces degradation of the transcriptional repressor PROX1 impairing branched amino acid metabolism and tumourigenesis,https://www.nature.com/articles/s41467-022-34747-y,2022,True,False,False,False,False,False
