title,link,publication_year,mentions_bh,mentions_bonferroni,mentions_by
Transcriptome reveal gene regulation mechanisms of the barnacle ,https://bmcgenomics.biomedcentral.com/articles/10.1186/s12864-025-11357-8,2025,False,False,False
Integrating QTL mapping with transcriptome analysis mined candidate genes of growth stages in castor (,https://bmcgenomics.biomedcentral.com/articles/10.1186/s12864-025-11348-9,2025,False,False,False
Physiological and transcriptomic analyses revealed the alleviating effects of exogenous Ca,https://bmcgenomics.biomedcentral.com/articles/10.1186/s12864-025-11355-w,2025,False,False,False
The intensity of the transcriptional response varies across infection with distinct viral strains in an insect host,https://bmcgenomics.biomedcentral.com/articles/10.1186/s12864-025-11365-8,2025,True,False,False
M6A methyltransferase METTL3 promotes glucose metabolism hub gene expression and induces metabolic dysfunction-associated steatotic liver disease (MASLD),https://bmcgenomics.biomedcentral.com/articles/10.1186/s12864-025-11377-4,2025,True,False,False
Autophagy is involved in the toxicity of the biocontrol agent GC16 against ,https://bmcgenomics.biomedcentral.com/articles/10.1186/s12864-025-11312-7,2025,False,False,False
Epidermal growth factor dampens pro-inflammatory gene expression induced by interferon-gamma in global transcriptome analysis of keratinocytes,https://bmcgenomics.biomedcentral.com/articles/10.1186/s12864-025-11237-1,2025,True,True,False
Genome-wide analysis of the ,https://bmcgenomics.biomedcentral.com/articles/10.1186/s12864-025-11293-7,2025,False,False,False
Gene-based Hardy–Weinberg equilibrium test using genotype count data: application to six types of cancers,https://bmcgenomics.biomedcentral.com/articles/10.1186/s12864-025-11321-6,2025,False,True,False
Full-length transcriptome assembly and RNA-Seq integration of diploid and tetraploid ryegrass to investigate differences in cd uptake and accumulation among ryegrass with different ploidy levels,https://bmcgenomics.biomedcentral.com/articles/10.1186/s12864-025-11325-2,2025,False,False,False
Gonadal transcriptome analysis reveals ,https://bmcgenomics.biomedcentral.com/articles/10.1186/s12864-025-11249-x,2025,False,False,False
Integrated analysis of chromatin and transcriptomic profiling of the striatum after cerebral hypoperfusion in mice,https://bmcgenomics.biomedcentral.com/articles/10.1186/s12864-025-11256-y,2025,False,False,False
The multi-omics signatures of telomere length in childhood,https://bmcgenomics.biomedcentral.com/articles/10.1186/s12864-025-11209-5,2025,True,True,False
Transcriptome analysis of muscle atrophy in Leizhou black goats: identification of key genes and insights into limb-girdle muscular dystrophy,https://bmcgenomics.biomedcentral.com/articles/10.1186/s12864-025-11282-w,2025,False,False,False
"Regulatory networks of mRNAs and miRNAs involved in the immune response of diamondback moth, ",https://bmcgenomics.biomedcentral.com/articles/10.1186/s12864-024-11192-3,2025,False,False,False
"Functions of thyroid hormone signaling in regulating melanophore, iridophore, erythrophore, and pigment pattern formation in spotted scat (",https://bmcgenomics.biomedcentral.com/articles/10.1186/s12864-025-11286-6,2025,False,False,False
Prediction of transcript isoforms and identification of tissue-specific genes in cucumber,https://bmcgenomics.biomedcentral.com/articles/10.1186/s12864-025-11212-w,2025,False,False,False
Mitochondrial genome structural variants and candidate cytoplasmic male sterility-related gene in sugarcane,https://bmcgenomics.biomedcentral.com/articles/10.1186/s12864-025-11210-y,2025,False,False,False
Genome-wide analysis and identification of nuclear factor Y gene family in switchgrass (,https://bmcgenomics.biomedcentral.com/articles/10.1186/s12864-024-11092-6,2024,False,False,False
A population genomics approach to unlock the genetic potential of lablab (,https://bmcgenomics.biomedcentral.com/articles/10.1186/s12864-024-11104-5,2024,False,False,False
HDI-STARR-seq: Condition-specific enhancer discovery in mouse liver in vivo,https://bmcgenomics.biomedcentral.com/articles/10.1186/s12864-024-11162-9,2024,False,False,False
Low-pass nanopore sequencing for measurement of global methylation levels in plants,https://bmcgenomics.biomedcentral.com/articles/10.1186/s12864-024-11145-w,2024,False,False,False
Transcriptomic profiling reveals distinct responses to beet curly top virus (BCTV) infection in resistant and susceptible sugar beet genotypes,https://bmcgenomics.biomedcentral.com/articles/10.1186/s12864-024-11143-y,2024,False,False,False
Yield increment and transcriptome response caused by blue light treatment in ,https://bmcgenomics.biomedcentral.com/articles/10.1186/s12864-024-11108-1,2024,False,False,False
Polygenic response to selection by transgenic Bt-expressing crops in wild ,https://bmcgenomics.biomedcentral.com/articles/10.1186/s12864-024-11160-x,2024,False,True,False
"Immunomodulatory dynamics in the porcine myometrium: global transcriptome analysis, including the effects of PPARγ ligands",https://bmcgenomics.biomedcentral.com/articles/10.1186/s12864-024-11083-7,2024,True,False,False
Genome-wide association and transcriptomic analysis and the identification of growth-related genes in ,https://bmcgenomics.biomedcentral.com/articles/10.1186/s12864-024-11105-4,2024,True,False,False
Identification of crucial LncRNAs associated with testicular development and LOC108635509 as a potential regulator in black goat spermatogenesis,https://bmcgenomics.biomedcentral.com/articles/10.1186/s12864-024-11094-4,2024,False,False,False
Profiling of blood miRNAomes revealed the potential regulatory role of miRNAs in various lameness phenotypes in feedlot cattle,https://bmcgenomics.biomedcentral.com/articles/10.1186/s12864-024-10807-z,2024,False,False,False
Genome-wide association studies and functional annotation of pre-weaning calf mortality and reproductive traits in Nellore cattle from experimental selection lines,https://bmcgenomics.biomedcentral.com/articles/10.1186/s12864-024-11113-4,2024,True,False,False
Computational deconvolution of cell type-specific gene expression in COPD and IPF lungs reveals disease severity associations,https://bmcgenomics.biomedcentral.com/articles/10.1186/s12864-024-11031-5,2024,True,False,False
Combined metabolomic and transcriptomic analysis reveals the key genes for triterpenoid biosynthesis in ,https://bmcgenomics.biomedcentral.com/articles/10.1186/s12864-024-11125-0,2024,False,False,False
Unraveling the DNA methylation landscape in dog blood across breeds,https://bmcgenomics.biomedcentral.com/articles/10.1186/s12864-024-10963-2,2024,True,False,False
Comparative transcriptomic and hormonal analyses reveal potential regulation networks of adventitious root formation in ,https://bmcgenomics.biomedcentral.com/articles/10.1186/s12864-024-10989-6,2024,False,True,False
Pituitary whole transcriptome analysis reveals key genes regulating reproduction in Hy-Line Brown hens and the construction of their ceRNA molecular regulatory network,https://bmcgenomics.biomedcentral.com/articles/10.1186/s12864-024-11035-1,2024,False,False,False
Effects of cold stress on the blood-brain barrier in ,https://bmcgenomics.biomedcentral.com/articles/10.1186/s12864-024-10943-6,2024,False,False,False
Transcriptome analysis of mammary epithelial cell between Sewa sheep and East FriEsian sheep from different localities,https://bmcgenomics.biomedcentral.com/articles/10.1186/s12864-024-10946-3,2024,False,False,False
A comprehensive analysis of the defense responses of ,https://bmcgenomics.biomedcentral.com/articles/10.1186/s12864-024-10955-2,2024,False,False,False
Peripheral blood to next-generation sequencing ready DNA library: a novel engineering design for automation,https://bmcgenomics.biomedcentral.com/articles/10.1186/s12864-024-10892-0,2024,False,False,False
Multi-omics profiling reveals the molecular mechanisms of H,https://bmcgenomics.biomedcentral.com/articles/10.1186/s12864-024-10903-0,2024,False,False,False
Dual transcriptional characterization of spinach and ,https://bmcgenomics.biomedcentral.com/articles/10.1186/s12864-024-10809-x,2024,False,False,False
Characteristics of gene expression in epicardial adipose tissue and subcutaneous adipose tissue in patients at risk for heart failure undergoing coronary artery bypass grafting,https://bmcgenomics.biomedcentral.com/articles/10.1186/s12864-024-10851-9,2024,False,False,False
Characterizing virulence differences in a parasitoid wasp through comparative transcriptomic and proteomic,https://bmcgenomics.biomedcentral.com/articles/10.1186/s12864-024-10694-4,2024,False,False,False
Integrated transcriptome and endogenous hormone analyses reveal the factors affecting the yield of ,https://bmcgenomics.biomedcentral.com/articles/10.1186/s12864-024-10795-0,2024,False,False,False
From CFTR to a CF signalling network: a systems biology approach to study Cystic Fibrosis,https://bmcgenomics.biomedcentral.com/articles/10.1186/s12864-024-10752-x,2024,True,False,False
Characterization of lncRNA and mRNA profiles in the process of repairing peripheral nerve defects with cell-matrixed nerve grafts,https://bmcgenomics.biomedcentral.com/articles/10.1186/s12864-024-10828-8,2024,False,False,False
Transcriptomic profiling reveals histone acetylation-regulated genes involved in somatic embryogenesis in ,https://bmcgenomics.biomedcentral.com/articles/10.1186/s12864-024-10623-5,2024,True,False,False
Chromosomal-level genome assembly of ,https://bmcgenomics.biomedcentral.com/articles/10.1186/s12864-024-10711-6,2024,True,False,False
Exploring the Sublethal Impacts of Cu and Zn on ,https://bmcgenomics.biomedcentral.com/articles/10.1186/s12864-024-10701-8,2024,False,False,False
Ethanol-related transcriptomic changes in mouse testes,https://bmcgenomics.biomedcentral.com/articles/10.1186/s12864-024-10696-2,2024,False,False,False
Comparative transcriptome analysis reveals the impact of daily temperature difference on male sterility in photo-thermo-sensitive male sterile wheat,https://bmcgenomics.biomedcentral.com/articles/10.1186/s12864-024-10627-1,2024,False,False,False
Transcriptome and weighted gene co-expression network analyses reveal key genes and pathways involved in early fruit ripening in ,https://bmcgenomics.biomedcentral.com/articles/10.1186/s12864-024-10651-1,2024,False,False,False
"Assessing different metrics of pedigree and genomic inbreeding and inbreeding effect on growth, fertility, and feed efficiency traits in a closed-herd Nellore cattle population",https://bmcgenomics.biomedcentral.com/articles/10.1186/s12864-024-10641-3,2024,False,False,False
Expression genome-wide association study identifies key regulatory variants enriched with metabolic and immune functions in four porcine tissues,https://bmcgenomics.biomedcentral.com/articles/10.1186/s12864-024-10583-w,2024,True,False,False
Unveiling the translational dynamics of lychee (,https://bmcgenomics.biomedcentral.com/articles/10.1186/s12864-024-10591-w,2024,False,False,False
Transcriptomic profiling and discovery of key transcription factors involved in adventitious roots formation from root cuttings of mulberry,https://bmcgenomics.biomedcentral.com/articles/10.1186/s12864-024-10593-8,2024,False,False,False
Analysis of the aging-related biomarker in a nonhuman primate model using multilayer omics,https://bmcgenomics.biomedcentral.com/articles/10.1186/s12864-024-10556-z,2024,False,False,False
Genome-wide association analysis identify candidate genes for feed efficiency and growth traits in Wenchang chickens,https://bmcgenomics.biomedcentral.com/articles/10.1186/s12864-024-10559-w,2024,False,True,False
The genomic landscape of Ménière's disease: a path to endolymphatic hydrops,https://bmcgenomics.biomedcentral.com/articles/10.1186/s12864-024-10552-3,2024,True,False,False
"Genomic determinants, architecture, and constraints in drought-related traits in ",https://bmcgenomics.biomedcentral.com/articles/10.1186/s12864-024-10531-8,2024,True,False,False
Salinity-responsive histone PTMs identified in the gills and gonads of Mozambique tilapia (,https://bmcgenomics.biomedcentral.com/articles/10.1186/s12864-024-10471-3,2024,True,False,False
Unexpected regulatory functions of cyprinid Viperin on inflammation and metabolism,https://bmcgenomics.biomedcentral.com/articles/10.1186/s12864-024-10566-x,2024,False,False,False
Association between APOA5 polymorphisms and susceptibility to metabolic syndrome: a systematic review and meta-analysis,https://bmcgenomics.biomedcentral.com/articles/10.1186/s12864-024-10493-x,2024,False,False,False
Spatio-temporal expression patterns of glycine-rich beta proteins and cysteine-rich beta proteins in setae development of ,https://bmcgenomics.biomedcentral.com/articles/10.1186/s12864-024-10426-8,2024,False,False,False
Reproduction-associated pathways in females of gibel carp (,https://bmcgenomics.biomedcentral.com/articles/10.1186/s12864-024-10462-4,2024,False,False,False
Integrated transcriptomics and histopathology approach identifies a subset of rejected donor livers with potential suitability for transplantation,https://bmcgenomics.biomedcentral.com/articles/10.1186/s12864-024-10362-7,2024,False,False,False
Integrated mRNA and miRNA analysis reveals the regulatory network of oxidative stress and inflammation in ,https://bmcgenomics.biomedcentral.com/articles/10.1186/s12864-024-10327-w,2024,False,True,False
Transcriptomic and metabolomic dissection of skeletal muscle of crossbred Chongming white goats with different meat production performance,https://bmcgenomics.biomedcentral.com/articles/10.1186/s12864-024-10304-3,2024,False,False,False
Identification of the principal neuropeptide MIP and its action pathway in larval settlement of the echiuran worm ,https://bmcgenomics.biomedcentral.com/articles/10.1186/s12864-024-10228-y,2024,False,False,False
A high heterozygosity genome assembly of ,https://bmcgenomics.biomedcentral.com/articles/10.1186/s12864-024-10133-4,2024,False,False,False
Integrating miRNA and full-length transcriptome profiling to elucidate the mechanism of muscle growth in Muscovy ducks reveals key roles for miR-301a-3p/ANKRD1,https://bmcgenomics.biomedcentral.com/articles/10.1186/s12864-024-10138-z,2024,False,False,False
DPPA3 facilitates genome-wide DNA demethylation in mouse primordial germ cells,https://bmcgenomics.biomedcentral.com/articles/10.1186/s12864-024-10192-7,2024,False,False,False
Transcriptomic analysis of ,https://bmcgenomics.biomedcentral.com/articles/10.1186/s12864-024-10261-x,2024,True,False,False
Single-cell profiling reveals transcriptome dynamics during bovine oocyte growth,https://bmcgenomics.biomedcentral.com/articles/10.1186/s12864-024-10234-0,2024,False,False,False
Generalizability of machine learning in predicting antimicrobial resistance in ,https://bmcgenomics.biomedcentral.com/articles/10.1186/s12864-024-10214-4,2024,False,False,False
Chromosome-level genome assembly provides insights into the genome evolution and functional importance of the phenylpropanoid–flavonoid pathway in ,https://bmcgenomics.biomedcentral.com/articles/10.1186/s12864-024-10202-8,2024,False,False,False
RNA-binding proteins potentially regulate the alternative splicing of apoptotic genes during knee osteoarthritis progression,https://bmcgenomics.biomedcentral.com/articles/10.1186/s12864-024-10181-w,2024,False,False,False
RNA-seq analysis reveals narrow differential gene expression in MEP and MVA pathways responsible for phytochemical divergence in extreme genotypes of ,https://bmcgenomics.biomedcentral.com/articles/10.1186/s12864-024-10164-x,2024,False,False,False
Loss of chromosome Y in regulatory T cells,https://bmcgenomics.biomedcentral.com/articles/10.1186/s12864-024-10168-7,2024,True,False,False
Characterization of rumen microbiome and immune genes expression of crossbred beef steers with divergent residual feed intake phenotypes,https://bmcgenomics.biomedcentral.com/articles/10.1186/s12864-024-10150-3,2024,False,False,False
Characterisation and reproducibility of the HumanMethylationEPIC v2.0 BeadChip for DNA methylation profiling,https://bmcgenomics.biomedcentral.com/articles/10.1186/s12864-024-10027-5,2024,False,False,False
Vitamin a potentiates sheep myoblasts myogenic differentiation through BHLHE40-modulated ,https://bmcgenomics.biomedcentral.com/articles/10.1186/s12864-024-10161-0,2024,False,False,False
Integrated analysis reveals FLI1 regulates the tumor immune microenvironment via its cell-type-specific expression and transcriptional regulation of distinct target genes of immune cells in breast cancer,https://bmcgenomics.biomedcentral.com/articles/10.1186/s12864-024-10174-9,2024,False,False,False
Validated WGS and WES protocols proved saliva-derived gDNA as an equivalent to blood-derived gDNA for clinical and population genomic analyses,https://bmcgenomics.biomedcentral.com/articles/10.1186/s12864-024-10080-0,2024,False,True,False
Transcriptome reveals the roles and potential mechanisms of lncRNAs in the regulation of albendazole resistance in ,https://bmcgenomics.biomedcentral.com/articles/10.1186/s12864-024-10096-6,2024,False,False,False
Decoding the complexity of on-target integration: characterizing DNA insertions at the CRISPR-Cas9 targeted locus using nanopore sequencing,https://bmcgenomics.biomedcentral.com/articles/10.1186/s12864-024-10050-6,2024,False,False,False
Adrenarche-accompanied rise of adrenal sex steroid precursors prevents NAFLD in Young Female rats by converting into active androgens and inactivating hepatic Srebf1 signaling,https://bmcgenomics.biomedcentral.com/articles/10.1186/s12864-024-10107-6,2024,False,False,False
The dynamic landscape of chromatin accessibility and active regulatory elements in the mediobasal hypothalamus influences the seasonal activation of the reproductive axis in the male quail under long light exposure,https://bmcgenomics.biomedcentral.com/articles/10.1186/s12864-024-10097-5,2024,False,False,False
Integration analysis of ATAC-seq and RNA-seq provides insight into fatty acid biosynthesis in ,https://bmcgenomics.biomedcentral.com/articles/10.1186/s12864-024-10043-5,2024,False,False,False
Stage II oesophageal carcinoma: peril in disguise associated with cellular reprogramming and oncogenesis regulated by pseudogenes,https://bmcgenomics.biomedcentral.com/articles/10.1186/s12864-024-10023-9,2024,False,False,False
Transcriptomic and proteomic strategies to reveal the mechanism of ,https://bmcgenomics.biomedcentral.com/articles/10.1186/s12864-024-10047-1,2024,False,False,False
The impact of selective HDAC inhibitors on the transcriptome of early mouse embryos,https://bmcgenomics.biomedcentral.com/articles/10.1186/s12864-024-10029-3,2024,False,False,False
Identification of genes regulated by 20-Hydroxyecdysone in ,https://bmcgenomics.biomedcentral.com/articles/10.1186/s12864-023-09927-9,2024,False,False,False
mosGILT controls innate immunity and germ cell development in ,https://bmcgenomics.biomedcentral.com/articles/10.1186/s12864-023-09887-0,2024,False,False,False
Whole genome-scale assessment of gene fitness of ,https://bmcgenomics.biomedcentral.com/articles/10.1186/s12864-023-09799-z,2023,True,False,False
An extract from the frass of swallowtail butterfly (,https://bmcgenomics.biomedcentral.com/articles/10.1186/s12864-023-09841-0,2023,False,False,False
High-capacity sample multiplexing for single cell chromatin accessibility profiling,https://bmcgenomics.biomedcentral.com/articles/10.1186/s12864-023-09832-1,2023,True,False,False
Introgression of pigs in Taihu Lake region possibly contributed to the improvement of fertility in Danish Large White pigs,https://bmcgenomics.biomedcentral.com/articles/10.1186/s12864-023-09860-x,2023,False,False,False
MiRNome variations in milk fractions during feed restrictions of different intensities in dairy cows,https://bmcgenomics.biomedcentral.com/articles/10.1186/s12864-023-09769-5,2023,False,False,False
StableDNAm: towards a stable and efficient model for predicting DNA methylation based on adaptive feature correction learning,https://bmcgenomics.biomedcentral.com/articles/10.1186/s12864-023-09802-7,2023,False,False,False
Changes in ADAR RNA editing patterns in CMV and ZIKV congenital infections,https://bmcgenomics.biomedcentral.com/articles/10.1186/s12864-023-09778-4,2023,False,False,False
Distinct transcriptional responses to fludioxonil in ,https://bmcgenomics.biomedcentral.com/articles/10.1186/s12864-023-09777-5,2023,False,False,False
Genetic influences on alcohol flushing in East Asian populations,https://bmcgenomics.biomedcentral.com/articles/10.1186/s12864-023-09721-7,2023,False,False,False
Integrative genome-scale analyses reveal post-transcriptional signatures of early human small intestinal development in a directed differentiation organoid model,https://bmcgenomics.biomedcentral.com/articles/10.1186/s12864-023-09743-1,2023,True,False,False
Transcriptome analysis reveals a lncRNA-miRNA-mRNA regulatory network in OsRpp30-mediated disease resistance in rice,https://bmcgenomics.biomedcentral.com/articles/10.1186/s12864-023-09748-w,2023,False,False,False
Transcriptomic analysis reveals a tissue-specific loss of identity during ageing and cancer,https://bmcgenomics.biomedcentral.com/articles/10.1186/s12864-023-09756-w,2023,True,False,False
Bovine oviductal organoids: a multi-omics approach to capture the cellular and extracellular molecular response of the oviduct to heat stress,https://bmcgenomics.biomedcentral.com/articles/10.1186/s12864-023-09746-y,2023,False,False,False
Genome-wide identification of ,https://bmcgenomics.biomedcentral.com/articles/10.1186/s12864-023-09686-7,2023,False,False,False
Multi-omics analysis reveals the molecular basis of flavonoid accumulation in fructus of Gardenia (,https://bmcgenomics.biomedcentral.com/articles/10.1186/s12864-023-09666-x,2023,True,False,False
The endometrial transcriptome transition preceding receptivity to embryo implantation in mice,https://bmcgenomics.biomedcentral.com/articles/10.1186/s12864-023-09698-3,2023,False,False,False
IL-33 priming and antigenic stimulation synergistically promote the transcription of proinflammatory cytokine and chemokine genes in human skin mast cells,https://bmcgenomics.biomedcentral.com/articles/10.1186/s12864-023-09702-w,2023,False,False,False
Mapping the epigenomic landscape of human monocytes following innate immune activation reveals context-specific mechanisms driving endotoxin tolerance,https://bmcgenomics.biomedcentral.com/articles/10.1186/s12864-023-09663-0,2023,False,False,True
Effect of ammonium stress on phosphorus solubilization of a novel marine mangrove microorganism ,https://bmcgenomics.biomedcentral.com/articles/10.1186/s12864-023-09559-z,2023,False,False,False
Large-scale analysis of sheep rumen metagenome profiles captured by reduced representation sequencing reveals individual profiles are influenced by the environment and genetics of the host,https://bmcgenomics.biomedcentral.com/articles/10.1186/s12864-023-09660-3,2023,False,False,False
Multivariate genome-wide associations for immune traits in two maternal pig lines,https://bmcgenomics.biomedcentral.com/articles/10.1186/s12864-023-09594-w,2023,False,False,False
WGCNA and transcriptome profiling reveal hub genes for key development stage seed size/oil content between wild and cultivated soybean,https://bmcgenomics.biomedcentral.com/articles/10.1186/s12864-023-09617-6,2023,False,False,False
High temperature influences DNA methylation and transcriptional profiles in sea urchins (,https://bmcgenomics.biomedcentral.com/articles/10.1186/s12864-023-09616-7,2023,False,False,False
Identifying novel regulatory effects for clinically relevant genes through the study of the Greek population,https://bmcgenomics.biomedcentral.com/articles/10.1186/s12864-023-09532-w,2023,False,False,False
CryoGrid-PIXUL-RNA: high throughput RNA isolation platform for tissue transcript analysis,https://bmcgenomics.biomedcentral.com/articles/10.1186/s12864-023-09527-7,2023,False,False,False
Development of SNP and InDel markers by genome resequencing and transcriptome sequencing in radish (,https://bmcgenomics.biomedcentral.com/articles/10.1186/s12864-023-09528-6,2023,False,False,False
A robust immune-related gene pairs signature for predicting the overall survival of esophageal cancer,https://bmcgenomics.biomedcentral.com/articles/10.1186/s12864-023-09496-x,2023,False,False,False
Exploring right ovary degeneration in duck and goose embryos by histology and transcriptome dynamics analysis,https://bmcgenomics.biomedcentral.com/articles/10.1186/s12864-023-09493-0,2023,True,False,False
Genomic virulence features of ,https://bmcgenomics.biomedcentral.com/articles/10.1186/s12864-023-09473-4,2023,False,False,False
Comparative study of the gut microbiota in three captive ,https://bmcgenomics.biomedcentral.com/articles/10.1186/s12864-023-09440-z,2023,True,False,False
Evaluation of circulating microRNA profiles in blood as potential candidate biomarkers in a subacute ruminal acidosis cow model - a pilot study,https://bmcgenomics.biomedcentral.com/articles/10.1186/s12864-023-09433-y,2023,False,False,False
Interplay of gene expression and regulators under salinity stress in gill of ,https://bmcgenomics.biomedcentral.com/articles/10.1186/s12864-023-09426-x,2023,False,False,False
Quantitative proteomics and phosphoproteomics reveal insights into mechanisms of ,https://bmcgenomics.biomedcentral.com/articles/10.1186/s12864-023-09386-2,2023,False,False,False
Unraveling transcriptomics of sorghum grain carotenoids: a step forward for biofortification,https://bmcgenomics.biomedcentral.com/articles/10.1186/s12864-023-09323-3,2023,False,False,False
Transcriptome-wide analysis of RNA m,https://bmcgenomics.biomedcentral.com/articles/10.1186/s12864-023-09346-w,2023,False,False,False
Genomic adaptation to extreme climate conditions in beef cattle as a consequence of cross-breeding program,https://bmcgenomics.biomedcentral.com/articles/10.1186/s12864-023-09235-2,2023,False,True,False
Maternal patterns of inheritance alter transcript expression in eggs,https://bmcgenomics.biomedcentral.com/articles/10.1186/s12864-023-09291-8,2023,True,False,False
Metabolomics and transcriptomics strategies to reveal the mechanism of diversity of maize kernel color and quality,https://bmcgenomics.biomedcentral.com/articles/10.1186/s12864-023-09272-x,2023,False,False,False
Transcriptomic profiles of the ruminal wall in Italian Mediterranean dairy buffaloes fed green forage,https://bmcgenomics.biomedcentral.com/articles/10.1186/s12864-023-09215-6,2023,True,False,False
High-throughput time series expression profiling of ,https://bmcgenomics.biomedcentral.com/articles/10.1186/s12864-023-09214-7,2023,False,False,False
Transcriptomic profiling of the developing brain revealed cell-type and brain-region specificity in a mouse model of prenatal stress,https://bmcgenomics.biomedcentral.com/articles/10.1186/s12864-023-09186-8,2023,True,False,False
Comparative analysis of two kinds of garlic seedings: qualities and transcriptional landscape,https://bmcgenomics.biomedcentral.com/articles/10.1186/s12864-023-09183-x,2023,False,False,False
Brain fatty acid and transcriptome profiles of pig fed diets with different levels of soybean oil,https://bmcgenomics.biomedcentral.com/articles/10.1186/s12864-023-09188-6,2023,False,False,False
Transcriptomic changes in single yeast cells under various stress conditions,https://bmcgenomics.biomedcentral.com/articles/10.1186/s12864-023-09184-w,2023,True,False,False
Analysis of structural variation among inbred mouse strains,https://bmcgenomics.biomedcentral.com/articles/10.1186/s12864-023-09197-5,2023,False,False,False
Contribution of RdDM to the ecotype-specific differential methylation on conserved as well as highly variable regions between Arabidopsis ecotypes,https://bmcgenomics.biomedcentral.com/articles/10.1186/s12864-023-09128-4,2023,False,False,False
"Global transcriptome profiling reveals differential regulatory, metabolic and hormonal networks during somatic embryogenesis in ",https://bmcgenomics.biomedcentral.com/articles/10.1186/s12864-022-09098-z,2023,False,False,False
Transcriptomic analysis reveals the formation mechanism of anemone-type flower in chrysanthemum,https://bmcgenomics.biomedcentral.com/articles/10.1186/s12864-022-09078-3,2022,False,False,False
Analysis of differentially expressed long non-coding RNAs in LPS-induced human HMC3 microglial cells,https://bmcgenomics.biomedcentral.com/articles/10.1186/s12864-022-09083-6,2022,False,False,False
Differential Grainy head binding correlates with variation in chromatin structure and gene expression in ,https://bmcgenomics.biomedcentral.com/articles/10.1186/s12864-022-09082-7,2022,True,False,False
Comparative epigenomics by machine learning approach for neuroblastoma,https://bmcgenomics.biomedcentral.com/articles/10.1186/s12864-022-09061-y,2022,False,False,False
Comprehensive analysis of pre-mRNA alternative splicing regulated by m6A methylation in pig oxidative and glycolytic skeletal muscles,https://bmcgenomics.biomedcentral.com/articles/10.1186/s12864-022-09043-0,2022,True,False,False
Wochenende — modular and flexible alignment-based shotgun metagenome analysis,https://bmcgenomics.biomedcentral.com/articles/10.1186/s12864-022-08985-9,2022,False,False,False
Nutritional and metabolic process of the dung beetle ,https://bmcgenomics.biomedcentral.com/articles/10.1186/s12864-022-08982-y,2022,False,False,True
Early changes in gene expression profiles in AML patients during induction chemotherapy,https://bmcgenomics.biomedcentral.com/articles/10.1186/s12864-022-08960-4,2022,False,False,False
Systematic investigation of imprinted gene expression and enrichment in the mouse brain explored at single-cell resolution,https://bmcgenomics.biomedcentral.com/articles/10.1186/s12864-022-08986-8,2022,False,True,False
The long non-coding RNA lncMYOZ2 mediates an AHCY/MYOZ2 axis to promote adipogenic differentiation in porcine preadipocytes,https://bmcgenomics.biomedcentral.com/articles/10.1186/s12864-022-08923-9,2022,False,False,False
Comprehensive analysis of TCGA data reveals correlation between DNA methylation and alternative splicing,https://bmcgenomics.biomedcentral.com/articles/10.1186/s12864-022-08992-w,2022,True,True,False
Comparison of meiotic transcriptomes of three maize inbreds with different origins reveals differences in cell cycle and recombination,https://bmcgenomics.biomedcentral.com/articles/10.1186/s12864-022-08922-w,2022,False,False,False
Transcriptomic profiles of muscular dystrophy with myositis (,https://bmcgenomics.biomedcentral.com/articles/10.1186/s12864-022-08873-2,2022,False,True,False
De novo annotation of lncRNA ,https://bmcgenomics.biomedcentral.com/articles/10.1186/s12864-022-08887-w,2022,False,False,False
"Comprehensive analysis of differentially expressed profiles of mRNA, lncRNA, and miRNA of Yili geese ovary at different egg-laying stages",https://bmcgenomics.biomedcentral.com/articles/10.1186/s12864-022-08774-4,2022,False,False,False
Circular RNA expression profiles and ,https://bmcgenomics.biomedcentral.com/articles/10.1186/s12864-022-08783-3,2022,False,False,False
Genome-wide identification and characterization of the ,https://bmcgenomics.biomedcentral.com/articles/10.1186/s12864-022-08782-4,2022,False,False,False
Transcriptome analysis revealed gene expression feminization of testis after exogenous tetrodotoxin administration in pufferfish ,https://bmcgenomics.biomedcentral.com/articles/10.1186/s12864-022-08787-z,2022,False,False,False
The extensive transgenerational transcriptomic effects of ocean acidification on the olfactory epithelium of a marine fish are associated with a better viral resistance,https://bmcgenomics.biomedcentral.com/articles/10.1186/s12864-022-08647-w,2022,True,False,False
Genome-wide alternative splicing profile in the posterior kidney of brown trout (,https://bmcgenomics.biomedcentral.com/articles/10.1186/s12864-022-08685-4,2022,False,False,False
Transcriptional changes in the peripheral blood leukocytes from Brangus cattle before and after tick challenge with ,https://bmcgenomics.biomedcentral.com/articles/10.1186/s12864-022-08686-3,2022,False,False,False
Characterising genome architectures using genome decomposition analysis,https://bmcgenomics.biomedcentral.com/articles/10.1186/s12864-022-08616-3,2022,False,False,False
Harnessing changes in open chromatin determined by ATAC-seq to generate insulin-responsive reporter constructs,https://bmcgenomics.biomedcentral.com/articles/10.1186/s12864-022-08637-y,2022,False,False,False
Assessment of a polygenic hazard score for the onset of pre-clinical Alzheimer’s disease,https://bmcgenomics.biomedcentral.com/articles/10.1186/s12864-022-08617-2,2022,False,False,False
Effect of berberine on global modulation of lncRNAs and mRNAs expression profiles in patients with stable coronary heart disease,https://bmcgenomics.biomedcentral.com/articles/10.1186/s12864-022-08641-2,2022,False,False,False
miR-155 exerts posttranscriptional control of autoimmune regulator (Aire) and tissue-restricted antigen genes in medullary thymic epithelial cells,https://bmcgenomics.biomedcentral.com/articles/10.1186/s12864-022-08631-4,2022,True,False,False
Time-series transcriptomic screening of factors contributing to the cross-tolerance to UV radiation and anhydrobiosis in tardigrades,https://bmcgenomics.biomedcentral.com/articles/10.1186/s12864-022-08642-1,2022,False,False,False
A time-course transcriptome analysis of gonads from yellow catfish (,https://bmcgenomics.biomedcentral.com/articles/10.1186/s12864-022-08651-0,2022,False,False,False
Modulation of the Drosophila transcriptome by developmental exposure to alcohol,https://bmcgenomics.biomedcentral.com/articles/10.1186/s12864-022-08559-9,2022,True,False,False
Identification of novel key regulatory lncRNAs in gastric adenocarcinoma,https://bmcgenomics.biomedcentral.com/articles/10.1186/s12864-022-08578-6,2022,False,False,False
Genome-wide identification of associations between enhancer and alternative splicing in human and mouse,https://bmcgenomics.biomedcentral.com/articles/10.1186/s12864-022-08537-1,2022,False,False,False
The transcriptome-wide N6-methyladenosine (m,https://bmcgenomics.biomedcentral.com/articles/10.1186/s12864-022-08585-7,2022,False,False,False
Differential regulation of intramuscular fat and abdominal fat deposition in chickens,https://bmcgenomics.biomedcentral.com/articles/10.1186/s12864-022-08538-0,2022,False,False,False
Gene-coexpression network analysis identifies specific modules and hub genes related to cold stress in rice,https://bmcgenomics.biomedcentral.com/articles/10.1186/s12864-022-08438-3,2022,False,False,False
Elevated ASCL1 activity creates de novo regulatory elements associated with neuronal differentiation,https://bmcgenomics.biomedcentral.com/articles/10.1186/s12864-022-08495-8,2022,False,False,True
"Abundant small RNAs in the reproductive tissues and eggs of the honey bee, ",https://bmcgenomics.biomedcentral.com/articles/10.1186/s12864-022-08478-9,2022,False,False,False
Transcriptomic analysis of ,https://bmcgenomics.biomedcentral.com/articles/10.1186/s12864-022-08443-6,2022,False,False,False
‘Nebbiolo’ genome assembly allows surveying the occurrence and functional implications of genomic structural variations in grapevines (,https://bmcgenomics.biomedcentral.com/articles/10.1186/s12864-022-08389-9,2022,False,False,False
Genomewide transcriptional response of ,https://bmcgenomics.biomedcentral.com/articles/10.1186/s12864-021-08167-z,2022,False,False,False
Combined transcriptomic and metabolomic analysis reveals the potential mechanism of seed germination and young seedling growth in ,https://bmcgenomics.biomedcentral.com/articles/10.1186/s12864-022-08341-x,2022,False,False,False
Micronutrient supplementation affects DNA methylation in male gonads with potential intergenerational epigenetic inheritance involving the embryonic development through glutamate receptor-associated genes,https://bmcgenomics.biomedcentral.com/articles/10.1186/s12864-022-08348-4,2022,True,False,False
Time-course RNASeq of ,https://bmcgenomics.biomedcentral.com/articles/10.1186/s12864-021-08282-x,2022,True,False,False
Nearby transposable elements impact plant stress gene regulatory networks: a meta-analysis in ,https://bmcgenomics.biomedcentral.com/articles/10.1186/s12864-021-08215-8,2022,True,False,False
Developmental and Injury-induced Changes in DNA Methylation in Regenerative versus Non-regenerative Regions of the Vertebrate Central Nervous System,https://bmcgenomics.biomedcentral.com/articles/10.1186/s12864-021-08247-0,2022,False,False,False
Inferring the genetic responses to acute drought stress across an ecological gradient,https://bmcgenomics.biomedcentral.com/articles/10.1186/s12864-021-08178-w,2022,False,False,False
Transcriptional analysis of ,https://bmcgenomics.biomedcentral.com/articles/10.1186/s12864-021-08241-6,2022,False,False,False
Regulation of fatty acid desaturase- and immunity gene-expression by ,https://bmcgenomics.biomedcentral.com/articles/10.1186/s12864-021-08176-y,2022,True,True,False
Expression of immune response genes in human corneal epithelial cells interacting with ,https://bmcgenomics.biomedcentral.com/articles/10.1186/s12864-021-08218-5,2022,False,True,False
Expression of transport proteins in the rete mirabile of european silver and yellow eel,https://bmcgenomics.biomedcentral.com/articles/10.1186/s12864-021-08180-2,2021,True,False,False
Identification of candidate genes and enriched biological functions for feed efficiency traits by integrating plasma metabolites and imputed whole genome sequence variants in beef cattle,https://bmcgenomics.biomedcentral.com/articles/10.1186/s12864-021-08064-5,2021,False,False,False
A ,https://bmcgenomics.biomedcentral.com/articles/10.1186/s12864-021-08057-4,2021,False,False,False
"Whole transcriptome sequencing identifies key circRNAs, lncRNAs, and miRNAs regulating neurogenesis in developing mouse retina",https://bmcgenomics.biomedcentral.com/articles/10.1186/s12864-021-08078-z,2021,False,False,False
Distinct patterns of whole blood transcriptional responses are induced in mice following immunisation with adenoviral and poxviral vector vaccines encoding the same antigen,https://bmcgenomics.biomedcentral.com/articles/10.1186/s12864-021-08061-8,2021,True,False,False
Multi-tiered analyses of honey bees that resist or succumb to parasitic mites and viruses,https://bmcgenomics.biomedcentral.com/articles/10.1186/s12864-021-08032-z,2021,True,False,False
Transcriptomic analysis of the seminal vesicle response to the reproductive toxicant acrylamide,https://bmcgenomics.biomedcentral.com/articles/10.1186/s12864-021-07951-1,2021,False,False,False
The genetic impact of an Ebola outbreak on a wild gorilla population,https://bmcgenomics.biomedcentral.com/articles/10.1186/s12864-021-08025-y,2021,False,True,False
Transcriptomic analysis to elucidate the effects of high stocking density on grass carp (,https://bmcgenomics.biomedcentral.com/articles/10.1186/s12864-021-07924-4,2021,False,False,False
Transcriptome and metabolome analysis reveals anthocyanin biosynthesis pathway associated with ramie (,https://bmcgenomics.biomedcentral.com/articles/10.1186/s12864-021-08007-0,2021,False,False,False
Experimental ,https://bmcgenomics.biomedcentral.com/articles/10.1186/s12864-021-07889-4,2021,True,False,False
A validated generally applicable approach using the systematic assessment of disease modules by GWAS reveals a multi-omic module strongly associated with risk factors in multiple sclerosis,https://bmcgenomics.biomedcentral.com/articles/10.1186/s12864-021-07935-1,2021,True,False,False
Fine dissection of limber pine resistance to ,https://bmcgenomics.biomedcentral.com/articles/10.1186/s12864-021-07885-8,2021,False,False,False
Dynamic changes of miRNAs in skeletal muscle development at New Zealand rabbits,https://bmcgenomics.biomedcentral.com/articles/10.1186/s12864-021-07896-5,2021,False,False,False
Genomic signatures of natural selection at phenology-related genes in a widely distributed tree species ,https://bmcgenomics.biomedcentral.com/articles/10.1186/s12864-021-07907-5,2021,False,False,False
Stage- and sex-specific transcriptome analyses reveal distinctive sensory gene expression patterns in a butterfly,https://bmcgenomics.biomedcentral.com/articles/10.1186/s12864-021-07819-4,2021,False,False,False
Elevated methylation of the vault RNA2-1 promoter in maternal blood is associated with preterm birth,https://bmcgenomics.biomedcentral.com/articles/10.1186/s12864-021-07865-y,2021,False,False,False
Morphological changes and functional circRNAs screening of rabbit skeletal muscle development,https://bmcgenomics.biomedcentral.com/articles/10.1186/s12864-021-07706-y,2021,False,False,False
Transcriptome profiling of the diaphragm in a controlled mechanical ventilation model reveals key genes involved in ventilator-induced diaphragmatic dysfunction,https://bmcgenomics.biomedcentral.com/articles/10.1186/s12864-021-07741-9,2021,False,False,False
Identification of long noncoding natural antisense transcripts (lncNATs) correlated with drought stress response in wild rice (,https://bmcgenomics.biomedcentral.com/articles/10.1186/s12864-021-07754-4,2021,False,False,False
Global investigation of estrogen-responsive genes regulating lipid metabolism in the liver of laying hens,https://bmcgenomics.biomedcentral.com/articles/10.1186/s12864-021-07679-y,2021,False,False,False
Genome-wide association analysis of adaptation to oxygen stress in Nile tilapia (,https://bmcgenomics.biomedcentral.com/articles/10.1186/s12864-021-07486-5,2021,False,True,False
Transcriptome analysis reveals potential function of long non-coding RNAs in 20-hydroxyecdysone regulated autophagy in ,https://bmcgenomics.biomedcentral.com/articles/10.1186/s12864-021-07692-1,2021,False,False,False
A comparative analysis of the intrauterine transcriptome in fertile and subfertile mares using cytobrush sampling,https://bmcgenomics.biomedcentral.com/articles/10.1186/s12864-021-07701-3,2021,False,False,False
De novo transcriptome sequencing and anthocyanin metabolite analysis reveals leaf color of ,https://bmcgenomics.biomedcentral.com/articles/10.1186/s12864-021-07715-x,2021,False,False,False
Transcriptomic and metabolomic characterization of post-hatch metabolic reprogramming during hepatic development in the chicken,https://bmcgenomics.biomedcentral.com/articles/10.1186/s12864-021-07724-w,2021,True,False,False
Strategies for detecting and identifying biological signals amidst the variation commonly found in RNA sequencing data,https://bmcgenomics.biomedcentral.com/articles/10.1186/s12864-021-07563-9,2021,False,False,False
Analysis of temporal gene regulation of ,https://bmcgenomics.biomedcentral.com/articles/10.1186/s12864-021-07461-0,2021,False,False,False
Long non-coding RNA pairs to assist in diagnosing sepsis,https://bmcgenomics.biomedcentral.com/articles/10.1186/s12864-021-07576-4,2021,False,True,False
"Unique adaptations in neonatal hepatic transcriptome, nutrient signaling, and one-carbon metabolism in response to feeding ethyl cellulose rumen-protected methionine during late-gestation in Holstein cows",https://bmcgenomics.biomedcentral.com/articles/10.1186/s12864-021-07538-w,2021,True,False,False
Transcriptional profiling reveals potential involvement of microvillous TRPM5-expressing cells in viral infection of the olfactory epithelium,https://bmcgenomics.biomedcentral.com/articles/10.1186/s12864-021-07528-y,2021,False,False,False
High-pressure processing-induced transcriptome response during recovery of ,https://bmcgenomics.biomedcentral.com/articles/10.1186/s12864-021-07407-6,2021,True,False,False
Transcriptome sequencing and metabolome analysis of food habits domestication from live prey fish to artificial diets in mandarin fish (,https://bmcgenomics.biomedcentral.com/articles/10.1186/s12864-021-07403-w,2021,False,False,False
Identification and analysis of long non-coding RNAs and mRNAs in chicken macrophages infected with avian infectious bronchitis coronavirus,https://bmcgenomics.biomedcentral.com/articles/10.1186/s12864-020-07359-3,2021,False,False,False
Multiple freeze-thaw cycles lead to a loss of consistency in poly(A)-enriched RNA sequencing,https://bmcgenomics.biomedcentral.com/articles/10.1186/s12864-021-07381-z,2021,True,False,False
Systematic comparison of high-throughput single-cell RNA-seq methods for immune cell profiling,https://bmcgenomics.biomedcentral.com/articles/10.1186/s12864-020-07358-4,2021,False,False,False
"Regulation of the antennal transcriptome of the dengue vector, ",https://bmcgenomics.biomedcentral.com/articles/10.1186/s12864-020-07336-w,2021,True,False,False
The effect of DNA methylation on bumblebee colony development,https://bmcgenomics.biomedcentral.com/articles/10.1186/s12864-021-07371-1,2021,True,False,False
Cell-specific characterization of the placental methylome,https://bmcgenomics.biomedcentral.com/articles/10.1186/s12864-020-07186-6,2021,False,True,False
ATAC-Seq identifies regions of open chromatin in the bronchial lymph nodes of dairy calves experimentally challenged with bovine respiratory syncytial virus,https://bmcgenomics.biomedcentral.com/articles/10.1186/s12864-020-07268-5,2021,True,False,False
Global transcriptome changes of elongating internode of sugarcane in response to mepiquat chloride,https://bmcgenomics.biomedcentral.com/articles/10.1186/s12864-020-07352-w,2021,False,False,False
Comparative transcriptomic analysis reveals female-biased olfactory genes potentially involved in plant volatile-mediated oviposition behavior of ,https://bmcgenomics.biomedcentral.com/articles/10.1186/s12864-020-07325-z,2021,False,False,False
The micro-RNA content of unsorted cryopreserved bovine sperm and its relation to the fertility of sperm after sex-sorting,https://bmcgenomics.biomedcentral.com/articles/10.1186/s12864-020-07280-9,2021,True,True,False
Genome-wide association analysis unveils novel QTLs for seminal root system architecture traits in Ethiopian durum wheat,https://bmcgenomics.biomedcentral.com/articles/10.1186/s12864-020-07320-4,2021,False,True,False
Comparative transcriptome analysis uncovers roles of hydrogen sulfide for alleviating cadmium toxicity in ,https://bmcgenomics.biomedcentral.com/articles/10.1186/s12864-020-07337-9,2021,False,False,False
RNA sequencing identifies transcriptional changes in the rabbit larynx in response to low humidity challenge,https://bmcgenomics.biomedcentral.com/articles/10.1186/s12864-020-07301-7,2020,False,False,False
Transcriptome analysis reveals modulation of the STAT family in PEDV-infected IPEC-J2 cells,https://bmcgenomics.biomedcentral.com/articles/10.1186/s12864-020-07306-2,2020,False,False,False
Glucose-lactose mixture feeds in industry-like conditions: a gene regulatory network analysis on the hyperproducing ,https://bmcgenomics.biomedcentral.com/articles/10.1186/s12864-020-07281-8,2020,False,False,False
Genetic characterization of Addison’s disease in Bearded Collies,https://bmcgenomics.biomedcentral.com/articles/10.1186/s12864-020-07243-0,2020,False,True,False
" ERL836 and JEF-007 with similar virulence show different gene expression when interacting with cuticles of western flower thrips, ",https://bmcgenomics.biomedcentral.com/articles/10.1186/s12864-020-07253-y,2020,True,False,False
Molecular convergent and parallel evolution among four high-elevation anuran species from the Tibetan region,https://bmcgenomics.biomedcentral.com/articles/10.1186/s12864-020-07269-4,2020,False,False,False
Changes in transcriptomic and metabolomic profiles of morphotypes of ,https://bmcgenomics.biomedcentral.com/articles/10.1186/s12864-020-07209-2,2020,False,False,False
Daring to be differential: metabarcoding analysis of soil and plant-related microbial communities using amplicon sequence variants and operational taxonomical units,https://bmcgenomics.biomedcentral.com/articles/10.1186/s12864-020-07126-4,2020,False,True,False
"De novo transcriptome assembly from the gonads of a scleractinian coral, ",https://bmcgenomics.biomedcentral.com/articles/10.1186/s12864-020-07113-9,2020,True,False,False
Genomic differences between the new ,https://bmcgenomics.biomedcentral.com/articles/10.1186/s12864-020-07141-5,2020,False,False,False
Differentially expressed genes in cotyledon of ewes fed mycotoxins,https://bmcgenomics.biomedcentral.com/articles/10.1186/s12864-020-07074-z,2020,False,False,False
Proteotranscriptomics assisted gene annotation and spatial proteomics of ,https://bmcgenomics.biomedcentral.com/articles/10.1186/s12864-020-07088-7,2020,False,False,False
Transcriptional landscape of the embryonic chicken Müllerian duct,https://bmcgenomics.biomedcentral.com/articles/10.1186/s12864-020-07106-8,2020,False,False,False
Understanding seasonal weight loss tolerance in dairy goats: a transcriptomics approach,https://bmcgenomics.biomedcentral.com/articles/10.1186/s12864-020-06968-2,2020,True,False,False
RNA-seq analysis of galaninergic neurons from ventrolateral preoptic nucleus identifies expression changes between sleep and wake,https://bmcgenomics.biomedcentral.com/articles/10.1186/s12864-020-07050-7,2020,False,False,False
Global transcriptomic responses orchestrate difenoconazole resistance in ,https://bmcgenomics.biomedcentral.com/articles/10.1186/s12864-020-06987-z,2020,False,False,False
A new mechanism for a familiar mutation – bovine ,https://bmcgenomics.biomedcentral.com/articles/10.1186/s12864-020-07004-z,2020,False,True,False
"Integrative analysis of circRNAs, miRNAs, and mRNAs profiles to reveal ceRNAs networks in chicken intramuscular and abdominal adipogenesis",https://bmcgenomics.biomedcentral.com/articles/10.1186/s12864-020-07000-3,2020,False,False,False
Metagenomic data-mining reveals enrichment of trimethylamine-N-oxide synthesis in gut microbiome in atrial fibrillation patients,https://bmcgenomics.biomedcentral.com/articles/10.1186/s12864-020-06944-w,2020,True,False,False
Comparative transcriptome analysis reveals ecological adaption of cold tolerance in northward invasion of ,https://bmcgenomics.biomedcentral.com/articles/10.1186/s12864-020-06941-z,2020,False,False,False
Genome-wide association study identifies favorable SNP alleles and candidate genes for frost tolerance in pea,https://bmcgenomics.biomedcentral.com/articles/10.1186/s12864-020-06928-w,2020,False,True,False
Exploring the possibility of predicting human head hair greying from DNA using whole-exome and targeted NGS data,https://bmcgenomics.biomedcentral.com/articles/10.1186/s12864-020-06926-y,2020,False,False,False
: an expanded clade in ,https://bmcgenomics.biomedcentral.com/articles/10.1186/s12864-020-06811-8,2020,False,False,False
Adaptation of pine wood nematode ,https://bmcgenomics.biomedcentral.com/articles/10.1186/s12864-020-06876-5,2020,True,False,False
PacBio single molecule long-read sequencing provides insight into the complexity and diversity of the ,https://bmcgenomics.biomedcentral.com/articles/10.1186/s12864-020-06894-3,2020,False,False,False
Understanding the early cold response mechanism in IR64 ,https://bmcgenomics.biomedcentral.com/articles/10.1186/s12864-020-06841-2,2020,False,False,False
Interspecific analysis of diurnal gene regulation in panicoid grasses identifies known and novel regulatory motifs,https://bmcgenomics.biomedcentral.com/articles/10.1186/s12864-020-06824-3,2020,False,True,False
Genetic dissection of an allotetraploid interspecific CSSLs guides interspecific genetics and breeding in cotton,https://bmcgenomics.biomedcentral.com/articles/10.1186/s12864-020-06800-x,2020,False,False,False
Identification and characterization of male reproduction-related genes in pig (,https://bmcgenomics.biomedcentral.com/articles/10.1186/s12864-020-06790-w,2020,False,False,False
"Functional insights from the GC-poor genomes of two aphid parasitoids, ",https://bmcgenomics.biomedcentral.com/articles/10.1186/s12864-020-6764-0,2020,False,False,False
Systematic identification and comparative analysis of lysine succinylation between the green and white parts of chimeric leaves of ,https://bmcgenomics.biomedcentral.com/articles/10.1186/s12864-020-6750-6,2020,False,False,False
Transcriptome analysis reveals differential immune related genes expression in ,https://bmcgenomics.biomedcentral.com/articles/10.1186/s12864-020-6734-6,2020,False,False,False
GWAS and co-expression network combination uncovers multigenes with close linkage effects on the oleic acid content accumulation in ,https://bmcgenomics.biomedcentral.com/articles/10.1186/s12864-020-6711-0,2020,False,False,False
A qualitative transcriptional signature to reclassify histological grade of ER-positive breast cancer patients,https://bmcgenomics.biomedcentral.com/articles/10.1186/s12864-020-6659-0,2020,True,False,False
Stable intronic sequence RNAs (sisRNAs) are selected regions in introns with distinct properties,https://bmcgenomics.biomedcentral.com/articles/10.1186/s12864-020-6687-9,2020,False,False,False
"Gut microbiota in children with juvenile idiopathic arthritis: characteristics, biomarker identification, and usefulness in clinical prediction",https://bmcgenomics.biomedcentral.com/articles/10.1186/s12864-020-6703-0,2020,True,False,False
Lung transcriptomic clock predicts premature aging in cigarette smoke-exposed mice,https://bmcgenomics.biomedcentral.com/articles/10.1186/s12864-020-6712-z,2020,False,False,False
A transcriptional landscape of 28 porcine tissues obtained by super deepSAGE sequencing,https://bmcgenomics.biomedcentral.com/articles/10.1186/s12864-020-6628-7,2020,False,False,False
Transcriptomic analysis of the testicular fusion in ,https://bmcgenomics.biomedcentral.com/articles/10.1186/s12864-020-6494-3,2020,False,False,False
Biased visibility in Hi-C datasets marks dynamically regulated condensed and decondensed chromatin states genome-wide,https://bmcgenomics.biomedcentral.com/articles/10.1186/s12864-020-6580-6,2020,False,False,False
Equivalent change enrichment analysis: assessing equivalent and inverse change in biological pathways between diverse experiments,https://bmcgenomics.biomedcentral.com/articles/10.1186/s12864-020-6589-x,2020,False,False,False
Loci associated with variation in gene expression and growth in juvenile salmon are influenced by the presence of a growth hormone transgene,https://bmcgenomics.biomedcentral.com/articles/10.1186/s12864-020-6586-0,2020,False,False,False
Immune-related miRNA-mRNA regulation network in the livers of DHAV-3-infected ducklings,https://bmcgenomics.biomedcentral.com/articles/10.1186/s12864-020-6539-7,2020,True,False,False
Comparative transcriptome profiling provides insights into plant salt tolerance in seashore paspalum (,https://bmcgenomics.biomedcentral.com/articles/10.1186/s12864-020-6508-1,2020,False,True,False
A transcriptomic and proteomic atlas of expression in the ,https://bmcgenomics.biomedcentral.com/articles/10.1186/s12864-020-6459-6,2020,False,False,False
miR-147b-modulated expression of ,https://bmcgenomics.biomedcentral.com/articles/10.1186/s12864-020-6466-7,2020,False,False,False
Coexpression and Transcriptome analyses identify active Apomixis-related genes in ,https://bmcgenomics.biomedcentral.com/articles/10.1186/s12864-020-6518-z,2020,False,True,False
Diverse biological processes coordinate the transcriptional response to nutritional changes in a ,https://bmcgenomics.biomedcentral.com/articles/10.1186/s12864-020-6467-6,2020,False,True,False
Assessing genomic diversity and signatures of selection in Original Braunvieh cattle using whole-genome sequencing data,https://bmcgenomics.biomedcentral.com/articles/10.1186/s12864-020-6446-y,2020,False,False,False
Natural and pathogenic protein sequence variation affecting prion-like domains within and across human proteomes,https://bmcgenomics.biomedcentral.com/articles/10.1186/s12864-019-6425-3,2020,True,False,False
Differential expression of microRNAs in tomato leaves treated with different light qualities,https://bmcgenomics.biomedcentral.com/articles/10.1186/s12864-019-6440-4,2020,False,False,False
Genetic architecture of quantitative traits in beef cattle revealed by genome wide association studies of imputed whole genome sequence variants: I: feed efficiency and component traits,https://bmcgenomics.biomedcentral.com/articles/10.1186/s12864-019-6362-1,2020,True,False,False
Comparison of the molecular and cellular phenotypes of common mouse syngeneic models with human tumors,https://bmcgenomics.biomedcentral.com/articles/10.1186/s12864-019-6344-3,2020,True,False,False
A detailed in silico analysis of secondary metabolite biosynthesis clusters in the genome of the broad host range plant pathogenic fungus ,https://bmcgenomics.biomedcentral.com/articles/10.1186/s12864-019-6424-4,2020,False,False,False
An Axiom SNP genotyping array for Douglas-fir,https://bmcgenomics.biomedcentral.com/articles/10.1186/s12864-019-6383-9,2020,False,False,False
Overexpression of a modified eIF4E regulates potato virus Y resistance at the transcriptional level in potato,https://bmcgenomics.biomedcentral.com/articles/10.1186/s12864-019-6423-5,2020,False,False,False
Gene regulatory response to hyposalinity in the brown seaweed ,https://bmcgenomics.biomedcentral.com/articles/10.1186/s12864-020-6470-y,2020,True,False,False
Changes in life history traits and transcriptional regulation of Coccinellini ladybirds in using alternative prey,https://bmcgenomics.biomedcentral.com/articles/10.1186/s12864-020-6452-0,2020,False,False,True
Transcriptome-based screening of intracellular pathways and angiogenesis related genes at different stages of thiram induced tibial lesions in broiler chickens,https://bmcgenomics.biomedcentral.com/articles/10.1186/s12864-020-6456-9,2020,False,False,False
Changes in the expression of genes encoding type IV pili-associated proteins are seen when ,https://bmcgenomics.biomedcentral.com/articles/10.1186/s12864-020-6453-z,2020,False,False,False
Piphillin predicts metagenomic composition and dynamics from DADA2-corrected 16S rDNA sequences,https://bmcgenomics.biomedcentral.com/articles/10.1186/s12864-019-6427-1,2020,False,False,False
Gestational and lactational exposure to gossypol alters the testis transcriptome,https://bmcgenomics.biomedcentral.com/articles/10.1186/s12864-020-6487-2,2020,False,False,False
Dynamic accumulation of fatty acids in duck (,https://bmcgenomics.biomedcentral.com/articles/10.1186/s12864-020-6482-7,2020,True,False,False
Differential basal expression of immune genes confers ,https://bmcgenomics.biomedcentral.com/articles/10.1186/s12864-020-6471-x,2020,True,False,False
3’Pool-seq: an optimized cost-efficient and scalable method of whole-transcriptome gene expression profiling,https://bmcgenomics.biomedcentral.com/articles/10.1186/s12864-020-6478-3,2020,False,False,False
Tuber,https://bmcgenomics.biomedcentral.com/articles/10.1186/s12864-020-6522-3,2020,False,False,False
Functional and population genetic features of copy number variations in two dairy cattle populations,https://bmcgenomics.biomedcentral.com/articles/10.1186/s12864-020-6496-1,2020,False,False,False
Repetitive DNA content in the maize genome is uncoupled from population stratification at SNP loci,https://bmcgenomics.biomedcentral.com/articles/10.1186/s12864-020-6517-0,2020,False,False,False
Identification of eQTLs and sQTLs associated with meat quality in beef,https://bmcgenomics.biomedcentral.com/articles/10.1186/s12864-020-6520-5,2020,True,True,False
Transcriptomic analysis of ,https://bmcgenomics.biomedcentral.com/articles/10.1186/s12864-020-6513-4,2020,False,False,False
Transcriptomic response to three osmotic stresses in gills of hybrid tilapia (,https://bmcgenomics.biomedcentral.com/articles/10.1186/s12864-020-6512-5,2020,True,False,False
Identification of functional regulatory elements in the human genome using pooled CRISPR screens,https://bmcgenomics.biomedcentral.com/articles/10.1186/s12864-020-6497-0,2020,True,False,False
Whole-genome sequencing of wild Siberian musk deer (,https://bmcgenomics.biomedcentral.com/articles/10.1186/s12864-020-6495-2,2020,False,False,False
Transcriptomic profiles of ,https://bmcgenomics.biomedcentral.com/articles/10.1186/s12864-020-6507-2,2020,False,False,False
Transcriptional profiling and physiological roles of ,https://bmcgenomics.biomedcentral.com/articles/10.1186/s12864-020-6543-y,2020,False,True,False
Genome-wide association studies of ,https://bmcgenomics.biomedcentral.com/articles/10.1186/s12864-020-6555-7,2020,True,False,False
A combined microRNA and transcriptome analyses illuminates the resistance response of rice against brown planthopper,https://bmcgenomics.biomedcentral.com/articles/10.1186/s12864-020-6556-6,2020,False,False,False
Pan-tissue transcriptome analysis of long noncoding RNAs in the American beaver ,https://bmcgenomics.biomedcentral.com/articles/10.1186/s12864-019-6432-4,2020,True,False,False
Transcriptome profiles of ,https://bmcgenomics.biomedcentral.com/articles/10.1186/s12864-020-6549-5,2020,False,False,False
Transcriptional reprogramming strategies and miRNA-mediated regulation networks of ,https://bmcgenomics.biomedcentral.com/articles/10.1186/s12864-020-6576-2,2020,False,False,False
Effects of sample age on data quality from targeted sequencing of museum specimens: what are we capturing in time?,https://bmcgenomics.biomedcentral.com/articles/10.1186/s12864-020-6594-0,2020,False,False,False
Concordance rate between copy number variants detected using either high- or medium-density single nucleotide polymorphism genotype panels and the potential of imputing copy number variants from flanking high density single nucleotide polymorphism haplotypes in cattle,https://bmcgenomics.biomedcentral.com/articles/10.1186/s12864-020-6627-8,2020,False,False,False
 LG37: transcriptome profiling and functional verification of GlnK and MnrA in ammonia assimilation,https://bmcgenomics.biomedcentral.com/articles/10.1186/s12864-020-6621-1,2020,False,False,False
Genome of the webworm ,https://bmcgenomics.biomedcentral.com/articles/10.1186/s12864-020-6629-6,2020,True,False,False
Comparison of leaf transcriptome in response to ,https://bmcgenomics.biomedcentral.com/articles/10.1186/s12864-020-6645-6,2020,True,False,False
Comparative genomic analysis reveals high intra-serovar plasticity within ,https://bmcgenomics.biomedcentral.com/articles/10.1186/s12864-020-6588-y,2020,True,True,False
Transcriptomic profiling of ,https://bmcgenomics.biomedcentral.com/articles/10.1186/s12864-020-6654-5,2020,False,False,False
Dissection of the mutation accumulation process during bacterial range expansions,https://bmcgenomics.biomedcentral.com/articles/10.1186/s12864-020-6676-z,2020,False,True,False
Transcriptome profiling of non-climacteric ‘yellow’ melon during ripening: insights on sugar metabolism,https://bmcgenomics.biomedcentral.com/articles/10.1186/s12864-020-6667-0,2020,False,False,False
The effect of antibiotics on the gut microbiome: a metagenomics analysis of microbial shift and gut antibiotic resistance in antibiotic treated mice,https://bmcgenomics.biomedcentral.com/articles/10.1186/s12864-020-6665-2,2020,False,False,False
Stress-mediated convergence of splicing landscapes in male and female rock doves,https://bmcgenomics.biomedcentral.com/articles/10.1186/s12864-020-6600-6,2020,False,False,False
Characterising the mechanisms underlying genetic resistance to amoebic gill disease in Atlantic salmon using RNA sequencing,https://bmcgenomics.biomedcentral.com/articles/10.1186/s12864-020-6694-x,2020,True,False,False
Genomic characterization of an emerging Enterobacteriaceae species: the first case of co-infection with a typical pathogen in a human patient,https://bmcgenomics.biomedcentral.com/articles/10.1186/s12864-020-6720-z,2020,False,False,False
"Being red, blue and green: the genetic basis of coloration differences in the strawberry poison frog (",https://bmcgenomics.biomedcentral.com/articles/10.1186/s12864-020-6719-5,2020,True,False,True
Transcriptomic analysis of sea cucumber (,https://bmcgenomics.biomedcentral.com/articles/10.1186/s12864-020-6698-6,2020,False,False,False
Whole-genome genotyping and resequencing reveal the association of a deletion in the complex interferon alpha gene cluster with hypothyroidism in dogs,https://bmcgenomics.biomedcentral.com/articles/10.1186/s12864-020-6700-3,2020,False,True,False
Assessing breed integrity of Göttingen Minipigs,https://bmcgenomics.biomedcentral.com/articles/10.1186/s12864-020-6590-4,2020,False,True,False
RNA-Seq and secondary metabolite analyses reveal a putative defence-transcriptome in Norway spruce (,https://bmcgenomics.biomedcentral.com/articles/10.1186/s12864-020-6587-z,2020,False,True,False
Casparian strip membrane domain proteins in ,https://bmcgenomics.biomedcentral.com/articles/10.1186/s12864-020-6723-9,2020,False,False,False
Transcriptome analysis reveals rapid defence responses in wheat induced by phytotoxic aphid ,https://bmcgenomics.biomedcentral.com/articles/10.1186/s12864-020-6743-5,2020,False,False,False
"The metabolome as a link in the genotype-phenotype map for peroxide resistance in the fruit fly, ",https://bmcgenomics.biomedcentral.com/articles/10.1186/s12864-020-6739-1,2020,True,True,False
The seasonal development dynamics of the yak hair cycle transcriptome,https://bmcgenomics.biomedcentral.com/articles/10.1186/s12864-020-6725-7,2020,False,False,False
ICGEC: a comparative method for measuring epigenetic conservation of genes via the integrated signal from multiple histone modifications between cell types,https://bmcgenomics.biomedcentral.com/articles/10.1186/s12864-020-6771-1,2020,True,False,False
Decoupling behavioral and transcriptional responses to color in an eyeless cnidarian,https://bmcgenomics.biomedcentral.com/articles/10.1186/s12864-020-6766-y,2020,True,False,False
PretiMeth: precise prediction models for DNA methylation based on single methylation mark,https://bmcgenomics.biomedcentral.com/articles/10.1186/s12864-020-6768-9,2020,True,False,False
Distinctions between sex and time in patterns of DNA methylation across puberty,https://bmcgenomics.biomedcentral.com/articles/10.1186/s12864-020-06789-3,2020,True,False,False
Genomic variation between PRSV resistant transgenic SunUp and its progenitor cultivar Sunset,https://bmcgenomics.biomedcentral.com/articles/10.1186/s12864-020-06804-7,2020,False,True,False
Characterization of the transcriptional divergence between the subspecies of cultivated rice (Oryza sativa),https://bmcgenomics.biomedcentral.com/articles/10.1186/s12864-020-06786-6,2020,False,False,False
Refining the transcriptome of the human malaria parasite ,https://bmcgenomics.biomedcentral.com/articles/10.1186/s12864-020-06787-5,2020,False,False,False
Coding and long non-coding RNAs provide evidence of distinct transcriptional reprogramming for two ecotypes of the extremophile plant ,https://bmcgenomics.biomedcentral.com/articles/10.1186/s12864-020-06793-7,2020,False,False,False
Genome-wide profiling of host-encoded circular RNAs highlights their potential role during the Japanese encephalitis virus-induced neuroinflammatory response,https://bmcgenomics.biomedcentral.com/articles/10.1186/s12864-020-06822-5,2020,False,True,False
Transcriptome analysis of the brain provides insights into the regulatory mechanism for ,https://bmcgenomics.biomedcentral.com/articles/10.1186/s12864-020-06816-3,2020,False,False,False
Replication origin location might contribute to genetic variability in ,https://bmcgenomics.biomedcentral.com/articles/10.1186/s12864-020-06803-8,2020,False,False,False
Gene expression predictions and networks in natural populations supports the omnigenic theory,https://bmcgenomics.biomedcentral.com/articles/10.1186/s12864-020-06809-2,2020,False,True,False
Transcriptomic analysis reveals hub genes and subnetworks related to ROS metabolism in ,https://bmcgenomics.biomedcentral.com/articles/10.1186/s12864-020-06850-1,2020,False,False,False
Transcriptome analysis of genes related to gonad differentiation and development in Muscovy ducks,https://bmcgenomics.biomedcentral.com/articles/10.1186/s12864-020-06852-z,2020,False,False,False
Maternal dietary resistant starch does not improve piglet’s gut and liver metabolism when challenged with a high fat diet,https://bmcgenomics.biomedcentral.com/articles/10.1186/s12864-020-06854-x,2020,True,False,False
mitch: multi-contrast pathway enrichment for multi-omics and single-cell profiling data,https://bmcgenomics.biomedcentral.com/articles/10.1186/s12864-020-06856-9,2020,False,False,False
Comparative RNA-Seq transcriptome analyses reveal dynamic time-dependent effects of ,https://bmcgenomics.biomedcentral.com/articles/10.1186/s12864-020-06869-4,2020,True,False,False
Comparative transcriptome analysis of the rice leaf folder (,https://bmcgenomics.biomedcentral.com/articles/10.1186/s12864-020-06867-6,2020,False,True,False
Shedding light on cashmere goat hair follicle biology: from morphology analyses to transcriptomic landascape,https://bmcgenomics.biomedcentral.com/articles/10.1186/s12864-020-06870-x,2020,False,False,False
Genomic characterization of the most barotolerant ,https://bmcgenomics.biomedcentral.com/articles/10.1186/s12864-020-06819-0,2020,False,False,False
RNA-Seq of three free-living flatworm species suggests rapid evolution of reproduction-related genes,https://bmcgenomics.biomedcentral.com/articles/10.1186/s12864-020-06862-x,2020,True,False,False
Transcriptomic and biochemical investigations support the role of rootstock-scion interaction in grapevine berry quality,https://bmcgenomics.biomedcentral.com/articles/10.1186/s12864-020-06795-5,2020,True,False,False
DNA methylation and its effects on gene expression during primary to secondary growth in poplar stems,https://bmcgenomics.biomedcentral.com/articles/10.1186/s12864-020-06902-6,2020,False,False,False
Genomics of sex allocation in the parasitoid wasp ,https://bmcgenomics.biomedcentral.com/articles/10.1186/s12864-020-06904-4,2020,False,False,False
Wild mice with different social network sizes vary in brain gene expression,https://bmcgenomics.biomedcentral.com/articles/10.1186/s12864-020-06911-5,2020,True,False,False
Multi-omics sequencing provides insight into floral transition in ,https://bmcgenomics.biomedcentral.com/articles/10.1186/s12864-020-06918-y,2020,False,True,False
Identification of candidate genes and regulatory factors related to growth rate through hypothalamus transcriptome analyses in broiler chickens,https://bmcgenomics.biomedcentral.com/articles/10.1186/s12864-020-06884-5,2020,False,False,False
The wheat pathogen ,https://bmcgenomics.biomedcentral.com/articles/10.1186/s12864-020-06899-y,2020,False,False,False
Transcriptome analysis of the uterus of hens laying eggs differing in cuticle deposition,https://bmcgenomics.biomedcentral.com/articles/10.1186/s12864-020-06882-7,2020,False,False,False
Transcriptome profiling revealed potentially important roles of defensive gene expression in the divergence of insect biotypes: a case study with the cereal aphid ,https://bmcgenomics.biomedcentral.com/articles/10.1186/s12864-020-06950-y,2020,True,False,False
Genomics-assisted prediction of salt and alkali tolerances and functional marker development in apple rootstocks,https://bmcgenomics.biomedcentral.com/articles/10.1186/s12864-020-06961-9,2020,False,False,False
SOX10-regulated promoter use defines isoform-specific gene expression in Schwann cells,https://bmcgenomics.biomedcentral.com/articles/10.1186/s12864-020-06963-7,2020,False,False,False
To bloom once or more times: the reblooming mechanisms of ,https://bmcgenomics.biomedcentral.com/articles/10.1186/s12864-020-06951-x,2020,False,False,False
Transcriptional variation of sensory-related genes in natural populations of ,https://bmcgenomics.biomedcentral.com/articles/10.1186/s12864-020-06956-6,2020,False,False,False
Genetic variants modulate gene expression statin response in human lymphoblastoid cell lines,https://bmcgenomics.biomedcentral.com/articles/10.1186/s12864-020-06966-4,2020,False,False,False
Conditionally essential genes for survival during starvation in ,https://bmcgenomics.biomedcentral.com/articles/10.1186/s12864-020-06984-2,2020,True,False,False
Common bean resistance to ,https://bmcgenomics.biomedcentral.com/articles/10.1186/s12864-020-06972-6,2020,False,False,False
Hybrid transcriptome sequencing approach improved assembly and gene annotation in ,https://bmcgenomics.biomedcentral.com/articles/10.1186/s12864-020-6670-5,2020,True,False,False
"Genome-wide analysis of long non-coding RNAs in adult tissues of the melon fly, ",https://bmcgenomics.biomedcentral.com/articles/10.1186/s12864-020-07014-x,2020,False,False,False
Genome-wide analysis of lncRNA and mRNA expression and endogenous hormone regulation during tension wood formation in ,https://bmcgenomics.biomedcentral.com/articles/10.1186/s12864-020-07044-5,2020,False,False,False
Comparative genomic analysis of Vibrios yields insights into genes associated with virulence towards ,https://bmcgenomics.biomedcentral.com/articles/10.1186/s12864-020-06980-6,2020,False,False,False
Transcriptomic analyses of ,https://bmcgenomics.biomedcentral.com/articles/10.1186/s12864-020-06981-5,2020,True,False,False
SWI/SNF complexes act through CBP-1 histone acetyltransferase to regulate acute functional tolerance to alcohol,https://bmcgenomics.biomedcentral.com/articles/10.1186/s12864-020-07059-y,2020,False,False,False
Parallel analysis of miRNAs and mRNAs suggests distinct regulatory networks in ,https://bmcgenomics.biomedcentral.com/articles/10.1186/s12864-020-07026-7,2020,False,False,False
Transcriptome characterization of BPG axis and expression profiles of ovarian steroidogenesis-related genes in the Japanese sardine,https://bmcgenomics.biomedcentral.com/articles/10.1186/s12864-020-07080-1,2020,False,False,False
Differential expression in leaves of ,https://bmcgenomics.biomedcentral.com/articles/10.1186/s12864-020-07091-y,2020,False,False,False
RNA-Seq and differential gene expression analysis in ,https://bmcgenomics.biomedcentral.com/articles/10.1186/s12864-020-07112-w,2020,False,False,False
pH-dependent transcriptional profile changes in iron-deficient ,https://bmcgenomics.biomedcentral.com/articles/10.1186/s12864-020-07116-6,2020,False,False,False
Distinctive gene and protein characteristics of extremely piezophilic ,https://bmcgenomics.biomedcentral.com/articles/10.1186/s12864-020-07102-y,2020,False,False,False
Comparative transcriptome analysis reveals that PCK1 is a potential gene affecting IMF deposition in buffalo,https://bmcgenomics.biomedcentral.com/articles/10.1186/s12864-020-07120-w,2020,False,False,False
High conservation combined with high plasticity: genomics and evolution of ,https://bmcgenomics.biomedcentral.com/articles/10.1186/s12864-020-07054-3,2020,False,True,False
Discrimination between human populations using a small number of differentially methylated CpG sites: a preliminary study using lymphoblastoid cell lines and peripheral blood samples of European and Chinese origin,https://bmcgenomics.biomedcentral.com/articles/10.1186/s12864-020-07092-x,2020,True,False,False
Expression of mitochondrial protein genes encoded by nuclear and mitochondrial genomes correlate with energy metabolism in dairy cattle,https://bmcgenomics.biomedcentral.com/articles/10.1186/s12864-020-07018-7,2020,False,False,False
HiCHap: a package to correct and analyze the diploid Hi-C data,https://bmcgenomics.biomedcentral.com/articles/10.1186/s12864-020-07165-x,2020,False,False,False
Methylome and transcriptome profiles in three yak tissues revealed that DNA methylation and the transcription factor ZGPAT co-regulate milk production,https://bmcgenomics.biomedcentral.com/articles/10.1186/s12864-020-07151-3,2020,False,False,False
Analysing the meta-interaction between pathways by gene set topological impact analysis,https://bmcgenomics.biomedcentral.com/articles/10.1186/s12864-020-07148-y,2020,False,False,False
Functional module detection through integration of single-cell RNA sequencing data with protein–protein interaction networks,https://bmcgenomics.biomedcentral.com/articles/10.1186/s12864-020-07144-2,2020,False,False,False
A holistic view of mouse enhancer architectures reveals analogous pleiotropic effects and correlation with human disease,https://bmcgenomics.biomedcentral.com/articles/10.1186/s12864-020-07109-5,2020,True,True,False
Global mRNA and microRNA expression dynamics in response to anthracnose infection in sorghum,https://bmcgenomics.biomedcentral.com/articles/10.1186/s12864-020-07138-0,2020,False,False,False
Sex differences in early transcriptomic responses to oxidative stress in the copepod ,https://bmcgenomics.biomedcentral.com/articles/10.1186/s12864-020-07179-5,2020,True,False,False
Container-aided integrative QTL and RNA-seq analysis of Collaborative Cross mice supports distinct sex-oriented molecular modes of response in obesity,https://bmcgenomics.biomedcentral.com/articles/10.1186/s12864-020-07173-x,2020,True,False,False
DNA methylation in infants with low and high body fatness,https://bmcgenomics.biomedcentral.com/articles/10.1186/s12864-020-07169-7,2020,False,False,False
Uterine transcriptome analysis reveals mRNA expression changes associated with the ultrastructure differences of eggshell in young and aged laying hens,https://bmcgenomics.biomedcentral.com/articles/10.1186/s12864-020-07177-7,2020,False,False,False
Multi-omics analysis reveals that natural hibernation is crucial for oocyte maturation in the female Chinese alligator,https://bmcgenomics.biomedcentral.com/articles/10.1186/s12864-020-07187-5,2020,False,False,False
Temporal transcriptomic differences between tolerant and susceptible genotypes contribute to rice drought tolerance,https://bmcgenomics.biomedcentral.com/articles/10.1186/s12864-020-07193-7,2020,False,True,False
"Comparative analysis of the transcriptomes of EDL, psoas, and soleus muscles from mice",https://bmcgenomics.biomedcentral.com/articles/10.1186/s12864-020-07225-2,2020,True,False,False
Chicken cecal DNA methylome alteration in the response to ,https://bmcgenomics.biomedcentral.com/articles/10.1186/s12864-020-07174-w,2020,False,False,False
Immune challenge reduces gut microbial diversity and triggers fertility-dependent gene expression changes in a social insect,https://bmcgenomics.biomedcentral.com/articles/10.1186/s12864-020-07191-9,2020,False,False,False
", a new human snoRNA involved in the control of cell proliferation",https://bmcgenomics.biomedcentral.com/articles/10.1186/s12864-020-07197-3,2020,False,False,False
Genome-wide identification of ,https://bmcgenomics.biomedcentral.com/articles/10.1186/s12864-020-07212-7,2020,False,False,False
Deficiencies in the formation and regulation of anther cuticle and tryphine contribute to male sterility in cotton PGMS line,https://bmcgenomics.biomedcentral.com/articles/10.1186/s12864-020-07250-1,2020,False,False,False
Intricate genetic variation networks control the adventitious root growth angle in apple,https://bmcgenomics.biomedcentral.com/articles/10.1186/s12864-020-07257-8,2020,False,False,False
Identification of a quantitative trait loci (QTL) associated with ammonia tolerance in the Pacific white shrimp (,https://bmcgenomics.biomedcentral.com/articles/10.1186/s12864-020-07254-x,2020,False,False,False
Physiological and transcriptomic analyses reveal the roles of secondary metabolism in the adaptive responses of ,https://bmcgenomics.biomedcentral.com/articles/10.1186/s12864-020-07279-2,2020,False,False,False
Comparative transcriptome analysis of three gonadal development stages reveals potential genes involved in gametogenesis of the fluted giant clam (,https://bmcgenomics.biomedcentral.com/articles/10.1186/s12864-020-07276-5,2020,False,False,False
Comprehensive network modeling from single cell RNA sequencing of human and mouse reveals well conserved transcription regulation of hematopoiesis,https://bmcgenomics.biomedcentral.com/articles/10.1186/s12864-020-07241-2,2020,False,False,False
Prognostic value and co-expression patterns of metabolic pathways in cancers,https://bmcgenomics.biomedcentral.com/articles/10.1186/s12864-020-07251-0,2020,True,False,False
Physical mapping and InDel marker development for the restorer gene ,https://bmcgenomics.biomedcentral.com/articles/10.1186/s12864-020-07342-y,2021,False,False,False
Analysis across diverse fish species highlights no conserved transcriptome signature for proactive behaviour,https://bmcgenomics.biomedcentral.com/articles/10.1186/s12864-020-07317-z,2021,True,False,False
Gene expression patterns of red sea urchins (,https://bmcgenomics.biomedcentral.com/articles/10.1186/s12864-020-07327-x,2021,False,False,False
Temporal changes in DNA methylation and RNA expression in a small song bird: within- and between-tissue comparisons,https://bmcgenomics.biomedcentral.com/articles/10.1186/s12864-020-07329-9,2021,True,False,False
scReQTL: an approach to correlate SNVs to gene expression from individual scRNA-seq datasets,https://bmcgenomics.biomedcentral.com/articles/10.1186/s12864-020-07334-y,2021,False,False,False
Integrated analysis of the responses of a circRNA-miRNA-mRNA ceRNA network to heat stress in rainbow trout (,https://bmcgenomics.biomedcentral.com/articles/10.1186/s12864-020-07335-x,2021,False,False,False
Proteome-wide and lysine crotonylation profiling reveals the importance of crotonylation in chrysanthemum (,https://bmcgenomics.biomedcentral.com/articles/10.1186/s12864-020-07365-5,2021,False,False,False
"Transcriptomic analysis of s-methoprene resistance in the lesser grain borer, ",https://bmcgenomics.biomedcentral.com/articles/10.1186/s12864-020-07354-8,2021,False,False,False
 transcriptome in roots of switchgrass (,https://bmcgenomics.biomedcentral.com/articles/10.1186/s12864-021-07368-w,2021,False,False,False
Impacts of fludioxonil resistance on global gene expression in the necrotrophic fungal plant pathogen ,https://bmcgenomics.biomedcentral.com/articles/10.1186/s12864-021-07402-x,2021,False,False,False
: a novel functional noncoding RNA contributes to intramuscular fat deposition,https://bmcgenomics.biomedcentral.com/articles/10.1186/s12864-020-07349-5,2021,False,False,False
Impact of short-read sequencing on the misassembly of a plant genome,https://bmcgenomics.biomedcentral.com/articles/10.1186/s12864-021-07397-5,2021,False,False,False
Transcriptome analysis and molecular mechanism of linseed (,https://bmcgenomics.biomedcentral.com/articles/10.1186/s12864-021-07416-5,2021,False,False,False
A 44-kb deleted-type copy number variation is associated with decreasing complement component activity and calf mortality in Japanese Black cattle,https://bmcgenomics.biomedcentral.com/articles/10.1186/s12864-021-07415-6,2021,False,True,False
"Multi-omics analysis reveals the glycolipid metabolism response mechanism in the liver of genetically improved farmed Tilapia (GIFT, ",https://bmcgenomics.biomedcentral.com/articles/10.1186/s12864-021-07410-x,2021,False,False,False
Genomic insight into diet adaptation in the biological control agent ,https://bmcgenomics.biomedcentral.com/articles/10.1186/s12864-021-07442-3,2021,False,False,False
Transcriptome analysis of the transdifferentiation of canine BMSCs into insulin producing cells,https://bmcgenomics.biomedcentral.com/articles/10.1186/s12864-021-07426-3,2021,False,False,False
Immune profiles of male giant panda (,https://bmcgenomics.biomedcentral.com/articles/10.1186/s12864-021-07456-x,2021,False,False,False
Blinatumomab-induced T cell activation at single cell transcriptome resolution,https://bmcgenomics.biomedcentral.com/articles/10.1186/s12864-021-07435-2,2021,False,False,False
Study on the transcriptome for breast muscle of chickens and the function of key gene ,https://bmcgenomics.biomedcentral.com/articles/10.1186/s12864-021-07453-0,2021,False,False,False
Prenatal testosterone triggers long-term behavioral changes in male zebra finches: unravelling the neurogenomic mechanisms,https://bmcgenomics.biomedcentral.com/articles/10.1186/s12864-021-07466-9,2021,True,False,False
Key metabolism pathways and regulatory mechanisms of high polysaccharide yielding in ,https://bmcgenomics.biomedcentral.com/articles/10.1186/s12864-021-07480-x,2021,False,False,False
Investigating mechanisms underlying genetic resistance to Salmon Rickettsial Syndrome in Atlantic salmon using RNA sequencing,https://bmcgenomics.biomedcentral.com/articles/10.1186/s12864-021-07443-2,2021,True,True,False
Transcriptomes analysis reveals novel insight into the molecular mechanisms of somatic embryogenesis in ,https://bmcgenomics.biomedcentral.com/articles/10.1186/s12864-021-07501-9,2021,True,False,False
Strain-based and sex-biased differences in adrenal and pancreatic gene expression between KK/HlJ and C57BL/6 J mice,https://bmcgenomics.biomedcentral.com/articles/10.1186/s12864-021-07495-4,2021,False,False,False
Genotype-expression interactions for ,https://bmcgenomics.biomedcentral.com/articles/10.1186/s12864-021-07525-1,2021,False,False,False
Mitochondrial genotype alters the impact of rapamycin on the transcriptional response to nutrients in ,https://bmcgenomics.biomedcentral.com/articles/10.1186/s12864-021-07516-2,2021,True,False,False
"Global analysis of expression, maturation and subcellular localization of mouse liver transcriptome identifies novel sex-biased and TCPOBOP-responsive long non-coding RNAs",https://bmcgenomics.biomedcentral.com/articles/10.1186/s12864-021-07478-5,2021,False,True,False
The transcriptional landscape of a hepatoma cell line grown on scaffolds of extracellular matrix proteins,https://bmcgenomics.biomedcentral.com/articles/10.1186/s12864-021-07532-2,2021,False,False,False
Identification of the molecular regulation of differences in lipid deposition in dedifferentiated preadipocytes from different chicken tissues,https://bmcgenomics.biomedcentral.com/articles/10.1186/s12864-021-07459-8,2021,False,False,False
Genome-scale analyses of transcriptional start sites in ,https://bmcgenomics.biomedcentral.com/articles/10.1186/s12864-021-07572-8,2021,False,False,False
Gene expression profiles underlying aggressive behavior in the prefrontal cortex of cattle,https://bmcgenomics.biomedcentral.com/articles/10.1186/s12864-021-07505-5,2021,True,True,False
"Transcriptomic, proteomic and ultrastructural studies on salinity-tolerant ",https://bmcgenomics.biomedcentral.com/articles/10.1186/s12864-021-07564-8,2021,False,False,False
The transcriptomic responses of Atlantic salmon (,https://bmcgenomics.biomedcentral.com/articles/10.1186/s12864-021-07464-x,2021,True,True,False
Aging features of the migratory locust at physiological and transcriptional levels,https://bmcgenomics.biomedcentral.com/articles/10.1186/s12864-021-07585-3,2021,False,False,False
Methamphetamine-induced changes in myocardial gene transcription are sex-dependent,https://bmcgenomics.biomedcentral.com/articles/10.1186/s12864-021-07561-x,2021,True,False,False
Factors affecting the rapid changes of protein under short-term heat stress,https://bmcgenomics.biomedcentral.com/articles/10.1186/s12864-021-07560-y,2021,False,False,False
Imprints of independent allopolyploid formations on patterns of gene expression in two sibling yarrow species (,https://bmcgenomics.biomedcentral.com/articles/10.1186/s12864-021-07566-6,2021,True,False,False
Variation of microRNA expression in the human placenta driven by population identity and sex of the newborn,https://bmcgenomics.biomedcentral.com/articles/10.1186/s12864-021-07542-0,2021,True,True,False
Genome of the destructive oomycete ,https://bmcgenomics.biomedcentral.com/articles/10.1186/s12864-021-07552-y,2021,True,False,False
Genome-wide identification and transcriptional characterization of DNA methyltransferases conferring temperature-sensitive male sterility in wheat,https://bmcgenomics.biomedcentral.com/articles/10.1186/s12864-021-07600-7,2021,False,False,False
Comprehensive analysis of differentially expressed circRNAs and ceRNA regulatory network in porcine skeletal muscle,https://bmcgenomics.biomedcentral.com/articles/10.1186/s12864-021-07645-8,2021,False,False,False
Analysis of differentially expressed ,https://bmcgenomics.biomedcentral.com/articles/10.1186/s12864-021-07655-6,2021,False,False,False
Disentangling the aging gene expression network of termite queens,https://bmcgenomics.biomedcentral.com/articles/10.1186/s12864-021-07649-4,2021,False,False,False
Exploring genetic resistance to infectious salmon anaemia virus in Atlantic salmon by genome-wide association and RNA sequencing,https://bmcgenomics.biomedcentral.com/articles/10.1186/s12864-021-07671-6,2021,True,True,False
Species and population specific gene expression in blood transcriptomes of marine turtles,https://bmcgenomics.biomedcentral.com/articles/10.1186/s12864-021-07656-5,2021,False,False,False
Transcriptome analysis of ovary tissues from low- and high-yielding Changshun green-shell laying hens,https://bmcgenomics.biomedcentral.com/articles/10.1186/s12864-021-07688-x,2021,False,False,False
"Tissue-specific transcriptome analyses reveal candidate genes for stilbene, flavonoid and anthraquinone biosynthesis in the medicinal plant ",https://bmcgenomics.biomedcentral.com/articles/10.1186/s12864-021-07658-3,2021,False,False,False
 plant endogenous peptides PpPep1 and PpPep2 cause PTI-like transcriptome reprogramming in peach and enhance resistance to ,https://bmcgenomics.biomedcentral.com/articles/10.1186/s12864-021-07571-9,2021,False,False,False
The symbiotic relationship between ,https://bmcgenomics.biomedcentral.com/articles/10.1186/s12864-021-07695-y,2021,False,False,False
Gene expression and alternative splicing dynamics are perturbed in female head transcriptomes following heterospecific copulation,https://bmcgenomics.biomedcentral.com/articles/10.1186/s12864-021-07669-0,2021,False,False,False
Growth inhibition of ,https://bmcgenomics.biomedcentral.com/articles/10.1186/s12864-021-07726-8,2021,False,False,False
Identification of cis-regulatory motifs in first introns and the prediction of intron-mediated enhancement of gene expression in ,https://bmcgenomics.biomedcentral.com/articles/10.1186/s12864-021-07711-1,2021,False,False,False
Comparative neurotranscriptomics reveal widespread species differences associated with bonding,https://bmcgenomics.biomedcentral.com/articles/10.1186/s12864-021-07720-0,2021,True,False,False
Post-diapause transcriptomic restarts: insight from a high-latitude copepod,https://bmcgenomics.biomedcentral.com/articles/10.1186/s12864-021-07557-7,2021,True,False,False
The holobiont transcriptome of teneral tsetse fly species of varying vector competence,https://bmcgenomics.biomedcentral.com/articles/10.1186/s12864-021-07729-5,2021,False,False,False
Distinctive gene expression patterns and imprinting signatures revealed in reciprocal crosses between cattle sub-species,https://bmcgenomics.biomedcentral.com/articles/10.1186/s12864-021-07667-2,2021,True,False,False
Historical genomics reveals the evolutionary mechanisms behind multiple outbreaks of the host-specific coffee wilt pathogen ,https://bmcgenomics.biomedcentral.com/articles/10.1186/s12864-021-07700-4,2021,False,True,False
Transcriptomic analysis of caecal tissue in inbred chicken lines that exhibit heritable differences in resistance to ,https://bmcgenomics.biomedcentral.com/articles/10.1186/s12864-021-07748-2,2021,False,False,False
Exposure to hypoxia causes stress erythropoiesis and downregulates immune response genes in spleen of mice,https://bmcgenomics.biomedcentral.com/articles/10.1186/s12864-021-07731-x,2021,False,True,False
Long non-coding RNA exploration for mesenchymal stem cell characterisation,https://bmcgenomics.biomedcentral.com/articles/10.1186/s12864-020-07289-0,2021,False,True,False
Transcriptome analysis of embryonic muscle development in Chengkou Mountain Chicken,https://bmcgenomics.biomedcentral.com/articles/10.1186/s12864-021-07740-w,2021,False,False,False
Candidate gene screening for lipid deposition using combined transcriptomic and proteomic data from Nanyang black pigs,https://bmcgenomics.biomedcentral.com/articles/10.1186/s12864-021-07764-2,2021,False,True,False
Formation of autotriploid ,https://bmcgenomics.biomedcentral.com/articles/10.1186/s12864-021-07753-5,2021,False,False,False
Characterizing the properties of bisulfite sequencing data: maximizing power and sensitivity to identify between-group differences in DNA methylation,https://bmcgenomics.biomedcentral.com/articles/10.1186/s12864-021-07721-z,2021,False,True,False
Downregulated luteolytic pathways in the transcriptome of early pregnancy bovine corpus luteum are mimicked by interferon-tau in vitro,https://bmcgenomics.biomedcentral.com/articles/10.1186/s12864-021-07747-3,2021,False,False,False
Ovary-derived circular RNAs profile analysis during the onset of puberty in gilts,https://bmcgenomics.biomedcentral.com/articles/10.1186/s12864-021-07786-w,2021,False,False,False
"Integrated proteomic and transcriptomic profiling identifies aberrant gene and protein expression in the sarcomere, mitochondrial complex I, and the extracellular matrix in Warmblood horses with myofibrillar myopathy",https://bmcgenomics.biomedcentral.com/articles/10.1186/s12864-021-07758-0,2021,True,False,False
Functional examination of lncRNAs in allotetraploid ,https://bmcgenomics.biomedcentral.com/articles/10.1186/s12864-021-07771-3,2021,False,False,False
Transcriptomic coordination at hepatic steatosis indicates robust immune cell engagement prior to inflammation,https://bmcgenomics.biomedcentral.com/articles/10.1186/s12864-021-07784-y,2021,False,False,False
"Simultaneous changes in anthocyanin, chlorophyll, and carotenoid contents produce green variegation in pink–leaved ornamental kale",https://bmcgenomics.biomedcentral.com/articles/10.1186/s12864-021-07785-x,2021,False,False,False
Online database for brain cancer-implicated genes: exploring the subtype-specific mechanisms of brain cancer,https://bmcgenomics.biomedcentral.com/articles/10.1186/s12864-021-07793-x,2021,True,False,False
Triple RNA-Seq characterizes aphid gene expression in response to infection with unequally virulent strains of the endosymbiont ,https://bmcgenomics.biomedcentral.com/articles/10.1186/s12864-021-07742-8,2021,False,False,False
"Analysis of the transcriptome of bovine endometrial cells isolated by laser micro-dissection (1): specific signatures of stromal, glandular and luminal epithelial cells",https://bmcgenomics.biomedcentral.com/articles/10.1186/s12864-021-07712-0,2021,False,False,False
"Analysis of the transcriptome of bovine endometrial cells isolated by laser micro-dissection (2): impacts of post-partum negative energy balance on stromal, glandular and luminal epithelial cells",https://bmcgenomics.biomedcentral.com/articles/10.1186/s12864-021-07713-z,2021,False,False,False
A scaling-free minimum enclosing ball method to detect differentially expressed genes for RNA-seq data,https://bmcgenomics.biomedcentral.com/articles/10.1186/s12864-021-07790-0,2021,False,False,True
Reproductive developmental transcriptome analysis of ,https://bmcgenomics.biomedcentral.com/articles/10.1186/s12864-021-07641-y,2021,False,False,False
DNA methylation-based sex classifier to predict sex and identify sex chromosome aneuploidy,https://bmcgenomics.biomedcentral.com/articles/10.1186/s12864-021-07675-2,2021,False,True,False
Transcriptional responses in jejunum of two layer chicken strains following variations in dietary calcium and phosphorus levels,https://bmcgenomics.biomedcentral.com/articles/10.1186/s12864-021-07814-9,2021,True,False,False
Maternal cold exposure induces distinct transcriptome changes in the placenta and fetal brown adipose tissue in mice,https://bmcgenomics.biomedcentral.com/articles/10.1186/s12864-021-07825-6,2021,False,False,False
TAD cliques predict key features of chromatin organization,https://bmcgenomics.biomedcentral.com/articles/10.1186/s12864-021-07815-8,2021,True,False,False
Identification of long noncoding RNAs reveals the effects of dinotefuran on the brain in ,https://bmcgenomics.biomedcentral.com/articles/10.1186/s12864-021-07811-y,2021,False,False,False
"Transcriptomics unravels molecular players shaping dorsal lip hypertrophy in the vacuum cleaner cichlid, ",https://bmcgenomics.biomedcentral.com/articles/10.1186/s12864-021-07775-z,2021,False,False,False
Genotyping and lipid profiling of 601 cultivated sunflower lines reveals novel genetic determinants of oil fatty acid content,https://bmcgenomics.biomedcentral.com/articles/10.1186/s12864-021-07768-y,2021,True,True,False
Comparative analyses of the ,https://bmcgenomics.biomedcentral.com/articles/10.1186/s12864-021-07837-2,2021,True,False,False
Transcriptome analysis of five ovarian stages reveals gonad maturation in female ,https://bmcgenomics.biomedcentral.com/articles/10.1186/s12864-021-07737-5,2021,True,False,False
Selection of functional EPHB2 genotypes from ENU mutated grass carp treated with GCRV,https://bmcgenomics.biomedcentral.com/articles/10.1186/s12864-021-07858-x,2021,False,False,False
Global analysis of protein lysine 2-hydroxyisobutyrylation (K,https://bmcgenomics.biomedcentral.com/articles/10.1186/s12864-021-07847-0,2021,False,False,False
Analyzing the gonadal transcriptome of the frog ,https://bmcgenomics.biomedcentral.com/articles/10.1186/s12864-021-07879-6,2021,False,False,False
Identification and characterization of amphibian SLC26A5 using RNA-Seq,https://bmcgenomics.biomedcentral.com/articles/10.1186/s12864-021-07798-6,2021,False,False,False
Genome-wide association screening and verification of potential genes associated with root architectural traits in maize (,https://bmcgenomics.biomedcentral.com/articles/10.1186/s12864-021-07874-x,2021,False,True,False
Non-coding RNAs in the interaction between rice and ,https://bmcgenomics.biomedcentral.com/articles/10.1186/s12864-021-07735-7,2021,True,False,False
Stage-specific transcriptomic changes in pancreatic α-cells after massive β-cell loss,https://bmcgenomics.biomedcentral.com/articles/10.1186/s12864-021-07812-x,2021,False,False,False
Comprehensive analysis of lncRNAs involved in skeletal muscle development in ZBED6-knockout Bama pigs,https://bmcgenomics.biomedcentral.com/articles/10.1186/s12864-021-07881-y,2021,False,False,False
Single nucleotide replacement in the Atlantic salmon genome using CRISPR/Cas9 and asymmetrical oligonucleotide donors,https://bmcgenomics.biomedcentral.com/articles/10.1186/s12864-021-07823-8,2021,False,False,False
The transcriptomic blueprint of molt in rooster using various tissues from Ginkkoridak (Korean long-tailed chicken),https://bmcgenomics.biomedcentral.com/articles/10.1186/s12864-021-07903-9,2021,False,False,False
Reverse complementary matches simultaneously promote both back-splicing and exon-skipping,https://bmcgenomics.biomedcentral.com/articles/10.1186/s12864-021-07910-w,2021,False,False,False
Multi-omics data integration reveals novel drug targets in hepatocellular carcinoma,https://bmcgenomics.biomedcentral.com/articles/10.1186/s12864-021-07876-9,2021,False,False,False
"Genomics and transcriptomics of epizoic Seisonidea (Rotifera, syn. Syndermata) reveal strain formation and gradual gene loss with growing ties to the host",https://bmcgenomics.biomedcentral.com/articles/10.1186/s12864-021-07857-y,2021,False,False,False
Integrated miRNA and transcriptome profiling to explore the molecular determinism of convergent adaptation to corn in two lepidopteran pests of agriculture,https://bmcgenomics.biomedcentral.com/articles/10.1186/s12864-021-07905-7,2021,True,False,False
Comparative ribosome profiling reveals distinct translational landscapes of salt-sensitive and -tolerant rice,https://bmcgenomics.biomedcentral.com/articles/10.1186/s12864-021-07922-6,2021,False,False,False
Inhibition of CUB and sushi multiple domains 1 (CSMD1) expression by miRNA-190a-3p enhances hypertrophic scar-derived fibroblast migration in vitro,https://bmcgenomics.biomedcentral.com/articles/10.1186/s12864-021-07920-8,2021,False,False,False
Gonadal transcriptomes associated with sex phenotypes provide potential male and female candidate genes of sex determination or early differentiation in ,https://bmcgenomics.biomedcentral.com/articles/10.1186/s12864-021-07838-1,2021,False,False,False
Transcriptome analysis provides genome annotation and expression profiles in the central nervous system of ,https://bmcgenomics.biomedcentral.com/articles/10.1186/s12864-021-07946-y,2021,True,False,False
The genome of the extremophile ,https://bmcgenomics.biomedcentral.com/articles/10.1186/s12864-021-07937-z,2021,True,False,False
Altered synthesis of genes associated with short-chain fatty acids in the gut of patients with atrial fibrillation,https://bmcgenomics.biomedcentral.com/articles/10.1186/s12864-021-07944-0,2021,True,False,False
Genome-wide association studies for canine hip dysplasia in single and multiple populations – implications and potential novel risk loci,https://bmcgenomics.biomedcentral.com/articles/10.1186/s12864-021-07945-z,2021,False,True,False
Up-regulation of apoptotic- and cell survival-related gene pathways following exposures of western corn rootworm to ,https://bmcgenomics.biomedcentral.com/articles/10.1186/s12864-021-07932-4,2021,True,True,False
Ischemic stroke induces cardiac dysfunction and alters transcriptome profile in mice,https://bmcgenomics.biomedcentral.com/articles/10.1186/s12864-021-07938-y,2021,False,False,False
Transcriptome analysis reveals the molecular mechanisms of heterosis on thermal resistance in hybrid abalone,https://bmcgenomics.biomedcentral.com/articles/10.1186/s12864-021-07954-y,2021,False,False,False
Gene co-expression network analysis in zebrafish reveals chemical class specific modules,https://bmcgenomics.biomedcentral.com/articles/10.1186/s12864-021-07940-4,2021,False,False,False
Integrated analysis of lncRNA and mRNA in liver of ,https://bmcgenomics.biomedcentral.com/articles/10.1186/s12864-021-07969-5,2021,False,False,False
Brain-derived neurotrophic factor gene variants and obesity in former smokers,https://bmcgenomics.biomedcentral.com/articles/10.1186/s12864-021-07928-0,2021,False,True,False
Transcriptional profiling reveals changes in gene regulation and signaling transduction pathways during temperature stress in wucai (,https://bmcgenomics.biomedcentral.com/articles/10.1186/s12864-021-07981-9,2021,False,False,False
Genetic changes involving the coral gastrovascular system support the transition between colonies and bailed-out polyps: evidence from a ,https://bmcgenomics.biomedcentral.com/articles/10.1186/s12864-021-08026-x,2021,False,True,False
"Morphological, physiological, and transcriptional responses to low nitrogen stress in ",https://bmcgenomics.biomedcentral.com/articles/10.1186/s12864-021-07991-7,2021,False,False,False
"Accelerated hematopoietic mitotic aging measured by DNA methylation, blood cell lineage, and Parkinson’s disease",https://bmcgenomics.biomedcentral.com/articles/10.1186/s12864-021-08009-y,2021,False,False,False
Genome-wide association study and transcriptome of olecranon-type traits in peach (,https://bmcgenomics.biomedcentral.com/articles/10.1186/s12864-021-08017-y,2021,False,False,False
Spatial variation in gene expression of Tasmanian devil facial tumors despite minimal host transcriptomic response to infection,https://bmcgenomics.biomedcentral.com/articles/10.1186/s12864-021-07994-4,2021,True,False,False
Chloroplast genomes of five ,https://bmcgenomics.biomedcentral.com/articles/10.1186/s12864-021-08006-1,2021,False,False,False
Metagenomic investigation of potential abortigenic pathogens in foetal tissues from Australian horses,https://bmcgenomics.biomedcentral.com/articles/10.1186/s12864-021-08010-5,2021,False,False,False
Transcriptome profile of the sinoatrial ring reveals conserved and novel genetic programs of the zebrafish pacemaker,https://bmcgenomics.biomedcentral.com/articles/10.1186/s12864-021-08016-z,2021,False,False,False
Repertoire analysis of γδ T cells in the chicken enables functional annotation of the genomic region revealing highly variable pan-tissue TCR gamma V gene usage as well as identifying public and private repertoires,https://bmcgenomics.biomedcentral.com/articles/10.1186/s12864-021-08036-9,2021,False,False,False
Identification of long noncoding RNAs in injury-resilient and injury-susceptible mouse retinal ganglion cells,https://bmcgenomics.biomedcentral.com/articles/10.1186/s12864-021-08050-x,2021,False,False,False
Genome-wide DNA methylation profile changes associated with shell colouration in the Yesso scallop (,https://bmcgenomics.biomedcentral.com/articles/10.1186/s12864-021-08055-6,2021,False,False,False
Comprehensive genome-wide analysis of calmodulin-binding transcription activator (CAMTA) in ,https://bmcgenomics.biomedcentral.com/articles/10.1186/s12864-021-08022-1,2021,True,False,False
Epigenetic interplay between methylation and miRNA in bladder cancer: focus on isoform expression,https://bmcgenomics.biomedcentral.com/articles/10.1186/s12864-021-08052-9,2021,False,True,False
Genome-wide association analyses of carcass traits using copy number variants and raw intensity values of single nucleotide polymorphisms in cattle,https://bmcgenomics.biomedcentral.com/articles/10.1186/s12864-021-08075-2,2021,False,False,False
Conserved and breed-specific differences in the cervical transcriptome of sheep with divergent fertility at the follicular phase of a natural oestrus cycle,https://bmcgenomics.biomedcentral.com/articles/10.1186/s12864-021-08060-9,2021,True,False,False
Transcriptome dynamics during metamorphosis of imaginal discs into wings and thoracic dorsum in ,https://bmcgenomics.biomedcentral.com/articles/10.1186/s12864-021-08040-z,2021,True,False,False
Identification of sheep lncRNAs related to the immune response to vaccines and aluminium adjuvants,https://bmcgenomics.biomedcentral.com/articles/10.1186/s12864-021-08086-z,2021,True,False,False
Genome-wide analysis of ,https://bmcgenomics.biomedcentral.com/articles/10.1186/s12864-021-08077-0,2021,False,False,False
Transposable elements that have recently been mobile in the human genome,https://bmcgenomics.biomedcentral.com/articles/10.1186/s12864-021-08085-0,2021,True,False,False
Bovine milk somatic cell transcriptomic response to ,https://bmcgenomics.biomedcentral.com/articles/10.1186/s12864-021-08135-7,2021,True,False,False
Identification of DNA methylation-driven genes and construction of a nomogram to predict overall survival in pancreatic cancer,https://bmcgenomics.biomedcentral.com/articles/10.1186/s12864-021-08097-w,2021,False,False,False
Phenotype-tissue expression and exploration (PTEE) resource facilitates the choice of tissue for RNA-seq-based clinical genetics studies,https://bmcgenomics.biomedcentral.com/articles/10.1186/s12864-021-08125-9,2021,False,False,False
Comparative methylation and RNA-seq expression analysis in CpG context to identify genes involved in Backfat vs. Liver diversification in Nanchukmacdon Pig,https://bmcgenomics.biomedcentral.com/articles/10.1186/s12864-021-08123-x,2021,False,False,False
Trait correlated expression combined with eQTL and ASE analyses identified novel candidate genes affecting intramuscular fat,https://bmcgenomics.biomedcentral.com/articles/10.1186/s12864-021-08141-9,2021,False,False,False
Integration of transcriptomics and network analysis reveals co-expressed genes in ,https://bmcgenomics.biomedcentral.com/articles/10.1186/s12864-021-08100-4,2021,False,False,False
Characterization of phytohormone and transcriptome profiles during protocorm-like bodies development of ,https://bmcgenomics.biomedcentral.com/articles/10.1186/s12864-021-08087-y,2021,True,False,False
Transcriptome dynamics in developing testes of domestic cats and impact of age on tissue resilience to cryopreservation,https://bmcgenomics.biomedcentral.com/articles/10.1186/s12864-021-08099-8,2021,True,False,False
Chromatin enrichment for proteomics in plants (ChEP-P) implicates the histone reader ALFIN-LIKE 6 in jasmonate signalling,https://bmcgenomics.biomedcentral.com/articles/10.1186/s12864-021-08160-6,2021,False,False,False
Genome-wide expression of the residual lung reacting to experimental Pneumonectomy,https://bmcgenomics.biomedcentral.com/articles/10.1186/s12864-021-08171-3,2021,False,True,False
Transcriptomic and metabolomic changes triggered by ,https://bmcgenomics.biomedcentral.com/articles/10.1186/s12864-021-08198-6,2021,False,False,True
Genome-wide and comparative phylogenetic analysis of senescence-associated NAC transcription factors in sunflower (,https://bmcgenomics.biomedcentral.com/articles/10.1186/s12864-021-08199-5,2021,False,False,False
Comprehensive epigenomic profiling of human alveolar epithelial differentiation identifies key epigenetic states and transcription factor co-regulatory networks for maintenance of distal lung identity,https://bmcgenomics.biomedcentral.com/articles/10.1186/s12864-021-08152-6,2021,True,False,False
Divergence of X-linked ,https://bmcgenomics.biomedcentral.com/articles/10.1186/s12864-021-08267-w,2022,False,False,False
Exploring the transportome of the biosurfactant producing yeast ,https://bmcgenomics.biomedcentral.com/articles/10.1186/s12864-021-08177-x,2022,True,False,False
Neural transcriptomic signature of chronic wasting disease in white-tailed deer,https://bmcgenomics.biomedcentral.com/articles/10.1186/s12864-022-08306-0,2022,True,False,False
Comparative transcriptomics and eQTL mapping of response to ,https://bmcgenomics.biomedcentral.com/articles/10.1186/s12864-021-08254-1,2022,True,True,False
Transcriptome and methylome changes in two contrasting mungbean genotypes in response to drought stress,https://bmcgenomics.biomedcentral.com/articles/10.1186/s12864-022-08315-z,2022,False,False,False
Genome-Wide association study of quantitative biomarkers identifies a novel locus for alzheimer’s disease at 12p12.1,https://bmcgenomics.biomedcentral.com/articles/10.1186/s12864-021-08269-8,2022,False,True,False
Genomic architecture of phenotypic extremes in a wild cervid,https://bmcgenomics.biomedcentral.com/articles/10.1186/s12864-022-08333-x,2022,False,False,False
Genome-wide localization of histone variants in ,https://bmcgenomics.biomedcentral.com/articles/10.1186/s12864-022-08338-6,2022,False,True,False
Genome-wide profiling of long non-coding RNA of the rice blast fungus ,https://bmcgenomics.biomedcentral.com/articles/10.1186/s12864-022-08380-4,2022,False,False,False
Transcriptome analysis and differential gene expression profiling of wucai (,https://bmcgenomics.biomedcentral.com/articles/10.1186/s12864-022-08311-3,2022,False,False,False
Comparative transcriptome analysis identifies crucial candidate genes and pathways in the hypothalamic-pituitary-gonadal axis during external genitalia development of male geese,https://bmcgenomics.biomedcentral.com/articles/10.1186/s12864-022-08374-2,2022,True,False,False
Time-course RNA-seq analysis reveals stage-specific and melatonin-triggered gene expression patterns during the hair follicle growth cycle in ,https://bmcgenomics.biomedcentral.com/articles/10.1186/s12864-022-08331-z,2022,False,False,False
Rare coding variants in ,https://bmcgenomics.biomedcentral.com/articles/10.1186/s12864-022-08356-4,2022,False,True,False
Quantitative multiplexed proteomics analysis reveals reshaping of the lysine 2-hydroxyisobutyrylome in ,https://bmcgenomics.biomedcentral.com/articles/10.1186/s12864-022-08372-4,2022,False,False,False
Transcriptomic comparison of ovarian granulosa cells between adult sheep and prepubertal lambs,https://bmcgenomics.biomedcentral.com/articles/10.1186/s12864-022-08379-x,2022,False,False,False
Dynamic mRNA and miRNA expression of the head during early development in bighead carp (,https://bmcgenomics.biomedcentral.com/articles/10.1186/s12864-022-08387-x,2022,False,False,False
Proteome and Transcriptome Analysis of Gonads Reveals Intersex in ,https://bmcgenomics.biomedcentral.com/articles/10.1186/s12864-022-08407-w,2022,False,False,False
Mammary epithelial cell transcriptome reveals potential roles of lncRNAs in regulating milk synthesis pathways in Jersey and Kashmiri cattle,https://bmcgenomics.biomedcentral.com/articles/10.1186/s12864-022-08406-x,2022,False,False,False
Integrative analysis of transcriptomics and metabolomics to reveal the melanogenesis pathway of muscle and related meat characters in Wuliangshan black-boned chickens,https://bmcgenomics.biomedcentral.com/articles/10.1186/s12864-022-08388-w,2022,False,False,False
High-throughput sequencing data revealed genotype-specific changes evoked by heat stress in crown tissue of barley ,https://bmcgenomics.biomedcentral.com/articles/10.1186/s12864-022-08410-1,2022,False,False,False
Genome-wide recombination map construction from single sperm sequencing in cattle,https://bmcgenomics.biomedcentral.com/articles/10.1186/s12864-022-08415-w,2022,True,False,False
RNA-Seq reveals miRNA role in thermogenic regulation in brown adipose tissues of goats,https://bmcgenomics.biomedcentral.com/articles/10.1186/s12864-022-08401-2,2022,False,False,False
Transcriptional response of murine microglia in Alzheimer’s disease and inflammation,https://bmcgenomics.biomedcentral.com/articles/10.1186/s12864-022-08417-8,2022,False,False,False
Label-free quantitative proteomics of maize roots from different root zones provides insight into proteins associated with enhance water uptake,https://bmcgenomics.biomedcentral.com/articles/10.1186/s12864-022-08394-y,2022,False,False,False
Determining extracellular vesicles properties and miRNA cargo variability in bovine milk from healthy cows and cows undergoing subclinical mastitis,https://bmcgenomics.biomedcentral.com/articles/10.1186/s12864-022-08377-z,2022,False,False,False
Assessment of linkage disequilibrium patterns between structural variants and single nucleotide polymorphisms in three commercial chicken populations,https://bmcgenomics.biomedcentral.com/articles/10.1186/s12864-022-08418-7,2022,False,True,False
Extensive evaluation of ATAC-seq protocols for native or formaldehyde-fixed nuclei,https://bmcgenomics.biomedcentral.com/articles/10.1186/s12864-021-08266-x,2022,True,False,False
Towards the detection of copy number variation from single sperm sequencing in cattle,https://bmcgenomics.biomedcentral.com/articles/10.1186/s12864-022-08441-8,2022,True,False,False
DNA methylation changes in cord blood and the developmental origins of health and disease – a systematic review and replication study,https://bmcgenomics.biomedcentral.com/articles/10.1186/s12864-022-08451-6,2022,False,True,False
Integrated analysis of the lncRNA/circRNA-miRNA-mRNA expression profiles reveals novel insights into potential mechanisms in response to root-knot nematodes in peanut,https://bmcgenomics.biomedcentral.com/articles/10.1186/s12864-022-08470-3,2022,False,False,False
Identification and validation of a prognostic model for melanoma patients with 9 ferroptosis-related gene signature,https://bmcgenomics.biomedcentral.com/articles/10.1186/s12864-022-08475-y,2022,False,False,False
Context-dependent DNA polymerization effects can masquerade as DNA modification signals,https://bmcgenomics.biomedcentral.com/articles/10.1186/s12864-022-08471-2,2022,False,True,False
Characterization of tRNA expression profiles in large offspring syndrome,https://bmcgenomics.biomedcentral.com/articles/10.1186/s12864-022-08496-7,2022,False,False,False
RNA-seq coupling two different methods of castration reveals new insights into androgen deficiency-caused degeneration of submaxillary gland in male Sprague Dawley rats,https://bmcgenomics.biomedcentral.com/articles/10.1186/s12864-022-08521-9,2022,False,False,False
Zinc supplementation modifies brain tissue transcriptome of ,https://bmcgenomics.biomedcentral.com/articles/10.1186/s12864-022-08464-1,2022,False,False,False
Physiological attributes and transcriptomics analyses reveal the mechanism response of ,https://bmcgenomics.biomedcentral.com/articles/10.1186/s12864-022-08526-4,2022,True,False,False
Identification of circRNA-associated ceRNA networks using longissimus thoracis of pigs of different breeds and growth stages,https://bmcgenomics.biomedcentral.com/articles/10.1186/s12864-022-08515-7,2022,False,False,False
Neural network modeling of differential binding between wild-type and mutant CTCF reveals putative binding preferences for zinc fingers 1–2,https://bmcgenomics.biomedcentral.com/articles/10.1186/s12864-022-08486-9,2022,False,True,False
Comparative transcriptome analysis provides insights into the molecular mechanisms of high-frequency hearing differences between the sexes of ,https://bmcgenomics.biomedcentral.com/articles/10.1186/s12864-022-08536-2,2022,False,False,False
Research on lncRNA related to drought resistance of Shanlan upland rice,https://bmcgenomics.biomedcentral.com/articles/10.1186/s12864-022-08546-0,2022,False,False,False
Single-cell transcriptomic and chromatin accessibility analyses of dairy cattle peripheral blood mononuclear cells and their responses to lipopolysaccharide,https://bmcgenomics.biomedcentral.com/articles/10.1186/s12864-022-08562-0,2022,False,False,False
Differential gene expression in aphids following virus acquisition from plants or from an artificial medium,https://bmcgenomics.biomedcentral.com/articles/10.1186/s12864-022-08545-1,2022,False,False,False
"Integrative analysis of circRNA, miRNA, and mRNA profiles to reveal ceRNA regulation in chicken muscle development from the embryonic to post-hatching periods",https://bmcgenomics.biomedcentral.com/articles/10.1186/s12864-022-08525-5,2022,False,False,False
Rice (,https://bmcgenomics.biomedcentral.com/articles/10.1186/s12864-022-08568-8,2022,False,False,False
Gaur genome reveals expansion of sperm odorant receptors in domesticated cattle,https://bmcgenomics.biomedcentral.com/articles/10.1186/s12864-022-08561-1,2022,False,False,True
Gene expression profiling of ,https://bmcgenomics.biomedcentral.com/articles/10.1186/s12864-022-08595-5,2022,False,False,False
Survival-related genes are diversified across cancers but generally enriched in cancer hallmark pathways,https://bmcgenomics.biomedcentral.com/articles/10.1186/s12864-022-08581-x,2022,False,False,False
Prioritization of risk genes in multiple sclerosis by a refined Bayesian framework followed by tissue-specificity and cell type feature assessment,https://bmcgenomics.biomedcentral.com/articles/10.1186/s12864-022-08580-y,2022,True,True,False
 type III and type VI secretion systems modulate early response gene expression in type II pneumocytes in vitro,https://bmcgenomics.biomedcentral.com/articles/10.1186/s12864-022-08554-0,2022,False,True,False
Ewe breed differences in the cervical transcriptome at the follicular phase of a synchronised oestrous cycle,https://bmcgenomics.biomedcentral.com/articles/10.1186/s12864-022-08603-8,2022,True,False,False
Diabetes risk loci-associated pathways are shared across metabolic tissues,https://bmcgenomics.biomedcentral.com/articles/10.1186/s12864-022-08587-5,2022,False,False,False
Revealing the novel complexity of plant long non-coding RNA by strand-specific and whole transcriptome sequencing for evolutionarily representative plant species,https://bmcgenomics.biomedcentral.com/articles/10.1186/s12864-022-08602-9,2022,False,False,True
Transcriptomics and metagenomics of common cutworm (,https://bmcgenomics.biomedcentral.com/articles/10.1186/s12864-022-08613-6,2022,True,False,True
Alanine-specific appetite in slow growing chickens is associated with impaired glucose transport and TCA cycle,https://bmcgenomics.biomedcentral.com/articles/10.1186/s12864-022-08625-2,2022,False,False,False
Leveraging transcriptome and epigenome landscapes to infer regulatory networks during the onset of sexual maturation,https://bmcgenomics.biomedcentral.com/articles/10.1186/s12864-022-08514-8,2022,False,True,False
Meta-analysis across Nellore cattle populations identifies common metabolic mechanisms that regulate feed efficiency-related traits,https://bmcgenomics.biomedcentral.com/articles/10.1186/s12864-022-08671-w,2022,False,False,False
Transcriptomic analysis provides insights into molecular mechanisms of thermal physiology,https://bmcgenomics.biomedcentral.com/articles/10.1186/s12864-022-08653-y,2022,False,False,False
Integrative analysis of expression profile indicates the ECM receptor and LTP dysfunction in the glioma-related epilepsy,https://bmcgenomics.biomedcentral.com/articles/10.1186/s12864-022-08665-8,2022,False,False,False
The dynamic cellular and molecular features during the development of radiation proctitis revealed by transcriptomic profiling in mice,https://bmcgenomics.biomedcentral.com/articles/10.1186/s12864-022-08668-5,2022,False,False,False
Advances in understanding Norway spruce natural resistance to needle bladder rust infection: transcriptional and secondary metabolites profiling,https://bmcgenomics.biomedcentral.com/articles/10.1186/s12864-022-08661-y,2022,False,True,False
Genome-wide identification of ,https://bmcgenomics.biomedcentral.com/articles/10.1186/s12864-022-08630-5,2022,False,False,False
Assessing genomic diversity and signatures of selection in Pinan cattle using whole-genome sequencing data,https://bmcgenomics.biomedcentral.com/articles/10.1186/s12864-022-08645-y,2022,True,False,False
Maternal age affects equine day 8 embryo gene expression both in trophoblast and inner cell mass,https://bmcgenomics.biomedcentral.com/articles/10.1186/s12864-022-08593-7,2022,True,False,False
Ectopic expression of a combination of 5 genes detects high risk forms of T-cell acute lymphoblastic leukemia,https://bmcgenomics.biomedcentral.com/articles/10.1186/s12864-022-08688-1,2022,False,False,False
eQTLs are key players in the integration of genomic and transcriptomic data for phenotype prediction,https://bmcgenomics.biomedcentral.com/articles/10.1186/s12864-022-08690-7,2022,False,True,False
Transcriptome analysis of SerpinB2-deficient breast tumors provides insight into deciphering SerpinB2-mediated roles in breast cancer progression,https://bmcgenomics.biomedcentral.com/articles/10.1186/s12864-022-08704-4,2022,False,False,False
The role of ZNF143 overexpression in rat liver cell proliferation,https://bmcgenomics.biomedcentral.com/articles/10.1186/s12864-022-08714-2,2022,False,False,True
Transcriptome analysis and characterization of genes associated to leaf tannin content in foxtail millet [,https://bmcgenomics.biomedcentral.com/articles/10.1186/s12864-022-08746-8,2022,False,False,False
TMT-based proteomic analysis of liquorice root in response to drought stress,https://bmcgenomics.biomedcentral.com/articles/10.1186/s12864-022-08733-z,2022,False,False,False
Duplex sequencing identifies genomic features that determine susceptibility to benzo(a)pyrene-induced in vivo mutations,https://bmcgenomics.biomedcentral.com/articles/10.1186/s12864-022-08752-w,2022,False,False,False
Annexin A2 (ANXA2) regulates the transcription and alternative splicing of inflammatory genes in renal tubular epithelial cells,https://bmcgenomics.biomedcentral.com/articles/10.1186/s12864-022-08748-6,2022,False,False,False
Assessment of DNA methylation in porcine immune cells reveals novel regulatory elements associated with cell-specific gene expression and immune capacity traits,https://bmcgenomics.biomedcentral.com/articles/10.1186/s12864-022-08773-5,2022,False,False,False
High-throughput transcriptome sequencing reveals the key stages of cardiovascular development in zebrafish embryos,https://bmcgenomics.biomedcentral.com/articles/10.1186/s12864-022-08808-x,2022,False,False,False
"Conceptual framework for the insect metamorphosis from larvae to pupae by transcriptomic profiling, a case study of ",https://bmcgenomics.biomedcentral.com/articles/10.1186/s12864-022-08807-y,2022,False,False,False
Modeling exercise using optogenetically contractible ,https://bmcgenomics.biomedcentral.com/articles/10.1186/s12864-022-08845-6,2022,False,False,False
Hepatopancreas transcriptome analyses provide new insights into the molecular regulatory mechanism of fast ovary maturation in ,https://bmcgenomics.biomedcentral.com/articles/10.1186/s12864-022-08851-8,2022,False,False,False
Evolutionary changes in gene expression profiles associated with the coevolution of male and female genital parts among closely related ground beetle species,https://bmcgenomics.biomedcentral.com/articles/10.1186/s12864-022-08865-2,2022,False,False,False
Transcriptome profiling in rice reveals a positive role for ,https://bmcgenomics.biomedcentral.com/articles/10.1186/s12864-022-08846-5,2022,False,False,False
Comparative transcriptome analysis of ,https://bmcgenomics.biomedcentral.com/articles/10.1186/s12864-022-08857-2,2022,False,False,False
The mechanism of abscisic acid regulation of wild ,https://bmcgenomics.biomedcentral.com/articles/10.1186/s12864-022-08889-8,2022,False,False,False
Comparative transcriptomic analysis revealed dynamic changes of distinct classes of genes during development of the Manila clam (,https://bmcgenomics.biomedcentral.com/articles/10.1186/s12864-022-08813-0,2022,True,False,False
Genomic insight into the nocturnal adaptation of the black-crowned night heron (,https://bmcgenomics.biomedcentral.com/articles/10.1186/s12864-022-08904-y,2022,False,False,False
Transcriptomic analysis of paternal behaviors in prairie voles,https://bmcgenomics.biomedcentral.com/articles/10.1186/s12864-022-08912-y,2022,False,False,False
"A genome-wide landscape of mRNAs, lncRNAs, circRNAs and miRNAs during intramuscular adipogenesis in cattle",https://bmcgenomics.biomedcentral.com/articles/10.1186/s12864-022-08911-z,2022,False,False,False
A map of ,https://bmcgenomics.biomedcentral.com/articles/10.1186/s12864-022-08933-7,2022,False,False,False
Genetic dissection of fruit maturity date in apricot (,https://bmcgenomics.biomedcentral.com/articles/10.1186/s12864-022-08901-1,2022,False,True,False
Integrated analysis of miRNAs and mRNA profiling reveals the potential roles of miRNAs in sheep hair follicle development,https://bmcgenomics.biomedcentral.com/articles/10.1186/s12864-022-08954-2,2022,False,False,False
Transcriptomic stability or lability explains sensitivity to climate stressors in coralline algae,https://bmcgenomics.biomedcentral.com/articles/10.1186/s12864-022-08931-9,2022,True,False,False
Multi-omics reveals the key and specific miRNA-mRNA modules underlying salt tolerance in wild emmer wheat (,https://bmcgenomics.biomedcentral.com/articles/10.1186/s12864-022-08945-3,2022,False,False,False
Functional transcriptome analyses of ,https://bmcgenomics.biomedcentral.com/articles/10.1186/s12864-022-08962-2,2022,False,True,False
Gene expression profile of placentomes and clinical parameters in the cows with retained placenta,https://bmcgenomics.biomedcentral.com/articles/10.1186/s12864-022-08989-5,2022,False,False,False
The effect of SNPs in lncRNA as ceRNA on the risk and prognosis of hepatocellular carcinoma,https://bmcgenomics.biomedcentral.com/articles/10.1186/s12864-022-09010-9,2022,False,False,False
Profiling the transcriptomic signatures and identifying the patterns of zygotic genome activation – a comparative analysis between early porcine embryos and their counterparts in other three mammalian species,https://bmcgenomics.biomedcentral.com/articles/10.1186/s12864-022-09015-4,2022,False,False,False
"Transcriptomic response to ISAV infection in the gills, head kidney and spleen of resistant and susceptible Atlantic salmon",https://bmcgenomics.biomedcentral.com/articles/10.1186/s12864-022-09007-4,2022,True,False,False
Pleiotropic fitness effects of the lncRNA ,https://bmcgenomics.biomedcentral.com/articles/10.1186/s12864-022-08972-0,2022,True,False,False
Transcriptomic profiling implicates PAF1 in both active and repressive immune regulatory networks,https://bmcgenomics.biomedcentral.com/articles/10.1186/s12864-022-09013-6,2022,True,True,False
Comprehensive microRNA analysis across genome-edited colorectal cancer organoid models reveals miR-24 as a candidate regulator of cell survival,https://bmcgenomics.biomedcentral.com/articles/10.1186/s12864-022-09018-1,2022,False,False,False
Transcriptomic analysis reveals the dynamic changes of transcription factors during early development of chicken embryo,https://bmcgenomics.biomedcentral.com/articles/10.1186/s12864-022-09054-x,2022,False,False,False
Genome-wide identification of SNPs associated with body weight in yak,https://bmcgenomics.biomedcentral.com/articles/10.1186/s12864-022-09077-4,2022,True,False,False
Deregulated RNAs involved in sympathetic regulation of sepsis-induced acute lung injury based on whole transcriptome sequencing,https://bmcgenomics.biomedcentral.com/articles/10.1186/s12864-022-09073-8,2022,False,False,False
The proteomic analysis of bovine embryos developed ,https://bmcgenomics.biomedcentral.com/articles/10.1186/s12864-022-09076-5,2022,False,False,False
Integrative analysis of transcriptome and metabolism reveals potential roles of carbon fixation and photorespiratory metabolism in response to drought in Shanlan upland rice,https://bmcgenomics.biomedcentral.com/articles/10.1186/s12864-022-09094-3,2022,False,False,False
A role for worm ,https://bmcgenomics.biomedcentral.com/articles/10.1186/s12864-022-09063-w,2022,True,False,False
The transcriptomic profile of ,https://bmcgenomics.biomedcentral.com/articles/10.1186/s12864-022-09095-2,2023,False,False,False
Transcriptome analysis reveals the high temperature induced damage is a significant factor affecting the osmotic function of gill tissue in Siberian sturgeon ,https://bmcgenomics.biomedcentral.com/articles/10.1186/s12864-022-08969-9,2023,False,True,False
Assembly and annotation of the ,https://bmcgenomics.biomedcentral.com/articles/10.1186/s12864-022-09102-6,2023,False,False,False
Pulmonary artery embolism: comprehensive transcriptomic analysis in understanding the pathogenic mechanisms of the disease,https://bmcgenomics.biomedcentral.com/articles/10.1186/s12864-023-09110-0,2023,False,False,False
Comparative transcriptome analysis of skin color-associated genes in leopard coral grouper (,https://bmcgenomics.biomedcentral.com/articles/10.1186/s12864-022-09091-6,2023,True,False,False
Application of RNA sequencing to understand the response of rice seedlings to salt-alkali stress,https://bmcgenomics.biomedcentral.com/articles/10.1186/s12864-023-09121-x,2023,False,False,False
Integrated transcriptome and proteome revealed that the declined expression of cell cycle-related genes associated with follicular atresia in geese,https://bmcgenomics.biomedcentral.com/articles/10.1186/s12864-022-09088-1,2023,False,False,False
Gene expressions between obligate bamboo-eating pandas and non-herbivorous mammals reveal converged specialized bamboo diet adaptation,https://bmcgenomics.biomedcentral.com/articles/10.1186/s12864-023-09111-z,2023,False,False,False
A draft ,https://bmcgenomics.biomedcentral.com/articles/10.1186/s12864-022-08990-y,2023,True,False,False
Tolerance to dietary linalool primarily involves co-expression of cytochrome P450s and cuticular proteins in ,https://bmcgenomics.biomedcentral.com/articles/10.1186/s12864-023-09117-7,2023,False,False,False
Integrated single-molecule real-time sequencing and RNA sequencing reveal the molecular mechanisms of salt tolerance in a novel synthesized polyploid genetic bridge between maize and its wild relatives,https://bmcgenomics.biomedcentral.com/articles/10.1186/s12864-023-09148-0,2023,False,False,False
De novo transcriptome assemblies of C,https://bmcgenomics.biomedcentral.com/articles/10.1186/s12864-022-08995-7,2023,False,False,False
Gut microbiome variations in ,https://bmcgenomics.biomedcentral.com/articles/10.1186/s12864-023-09142-6,2023,False,False,False
microRNA regulation of skin pigmentation in golden-back mutant of crucian carp from a rice-fish integrated farming system,https://bmcgenomics.biomedcentral.com/articles/10.1186/s12864-023-09168-w,2023,False,False,False
Clustering pattern and evolution characteristic of microRNAs in grass carp (,https://bmcgenomics.biomedcentral.com/articles/10.1186/s12864-023-09159-x,2023,False,False,False
A functional gene module identification algorithm in gene expression data based on genetic algorithm and gene ontology,https://bmcgenomics.biomedcentral.com/articles/10.1186/s12864-023-09157-z,2023,False,False,False
Analysis of genetically determined gene expression suggests role of inflammatory processes in exfoliation syndrome,https://bmcgenomics.biomedcentral.com/articles/10.1186/s12864-023-09179-7,2023,False,True,False
Comparative transcriptome analysis reveals the regulatory mechanisms of two tropical water lilies in response to cold stress,https://bmcgenomics.biomedcentral.com/articles/10.1186/s12864-023-09176-w,2023,False,False,False
Transcriptome sequencing and gene expression analysis revealed early ovule abortion of ,https://bmcgenomics.biomedcentral.com/articles/10.1186/s12864-023-09171-1,2023,False,False,False
Transcriptome and proteome analyses reveal the potential mechanism of seed dormancy release in ,https://bmcgenomics.biomedcentral.com/articles/10.1186/s12864-023-09202-x,2023,False,False,False
Transcriptional profiling of ,https://bmcgenomics.biomedcentral.com/articles/10.1186/s12864-023-09200-z,2023,False,False,False
Comparison of the Illumina NextSeq 2000 and GeneMind Genolab M sequencing platforms for spatial transcriptomics,https://bmcgenomics.biomedcentral.com/articles/10.1186/s12864-023-09192-w,2023,False,False,False
Long read isoform sequencing reveals hidden transcriptional complexity between cattle subspecies,https://bmcgenomics.biomedcentral.com/articles/10.1186/s12864-023-09212-9,2023,False,False,False
Changes in life history parameters and transcriptome profile of ,https://bmcgenomics.biomedcentral.com/articles/10.1186/s12864-023-09182-y,2023,False,True,False
An SPRI beads-based DNA purification strategy for flexibility and cost-effectiveness,https://bmcgenomics.biomedcentral.com/articles/10.1186/s12864-023-09211-w,2023,False,False,False
Transcriptome profiling reveals characteristics of hairy root and the role of ,https://bmcgenomics.biomedcentral.com/articles/10.1186/s12864-023-09219-2,2023,True,False,False
A deeper insight into the sialome of male and female ,https://bmcgenomics.biomedcentral.com/articles/10.1186/s12864-023-09236-1,2023,False,False,False
Comparative metabolomics of root-tips reveals distinct metabolic pathways conferring drought tolerance in contrasting genotypes of rice,https://bmcgenomics.biomedcentral.com/articles/10.1186/s12864-023-09246-z,2023,False,False,False
Differential bumble bee gene expression associated with pathogen infection and pollen diet,https://bmcgenomics.biomedcentral.com/articles/10.1186/s12864-023-09143-5,2023,False,False,False
Understanding host response to infectious salmon anaemia virus in an Atlantic salmon cell line using single-cell RNA sequencing,https://bmcgenomics.biomedcentral.com/articles/10.1186/s12864-023-09254-z,2023,True,False,False
"Potential key genes involved in metabolic resistance to malathion in the southern house mosquito, ",https://bmcgenomics.biomedcentral.com/articles/10.1186/s12864-023-09241-4,2023,False,False,False
Genome-wide identification of potential odontogenic genes involved in the dental epithelium-mesenchymal interaction during early odontogenesis,https://bmcgenomics.biomedcentral.com/articles/10.1186/s12864-023-09140-8,2023,False,False,False
The genetic basis of wing spots in ,https://bmcgenomics.biomedcentral.com/articles/10.1186/s12864-023-09261-0,2023,True,False,False
A high-quality chromosome-level ,https://bmcgenomics.biomedcentral.com/articles/10.1186/s12864-023-09256-x,2023,False,False,False
Identification of candidate genes responsible for chasmogamy in wheat,https://bmcgenomics.biomedcentral.com/articles/10.1186/s12864-023-09252-1,2023,False,False,False
Comparative genomics analyses reveal sequence determinants underlying interspecies variations in injury-responsive enhancers,https://bmcgenomics.biomedcentral.com/articles/10.1186/s12864-023-09283-8,2023,False,False,False
Comparative analysis of Fusarium crown rot resistance in synthetic hexaploid wheats and their parental genotypes,https://bmcgenomics.biomedcentral.com/articles/10.1186/s12864-023-09268-7,2023,False,False,False
The esBAF and ISWI nucleosome remodeling complexes influence occupancy of overlapping dinucleosomes and fragile nucleosomes in murine embryonic stem cells,https://bmcgenomics.biomedcentral.com/articles/10.1186/s12864-023-09287-4,2023,False,False,False
Identifying altered developmental pathways in human globoid cell leukodystrophy iPSCs-derived NSCs using transcriptome profiling,https://bmcgenomics.biomedcentral.com/articles/10.1186/s12864-023-09285-6,2023,False,False,False
Two simple methods to improve the accuracy of the genomic selection methodology,https://bmcgenomics.biomedcentral.com/articles/10.1186/s12864-023-09294-5,2023,False,False,False
Identification of mitophagy-related biomarkers and immune infiltration in major depressive disorder,https://bmcgenomics.biomedcentral.com/articles/10.1186/s12864-023-09304-6,2023,False,True,False
Genome-wide assessment and mapping of inbreeding depression identifies candidate genes associated with semen traits in Holstein bulls,https://bmcgenomics.biomedcentral.com/articles/10.1186/s12864-023-09298-1,2023,False,False,False
Cis-regulatory atlas of primary human CD4+ T cells,https://bmcgenomics.biomedcentral.com/articles/10.1186/s12864-023-09288-3,2023,False,True,False
The transcriptome of ,https://bmcgenomics.biomedcentral.com/articles/10.1186/s12864-023-09327-z,2023,False,False,False
Low impact of polyploidization on the transcriptome of synthetic allohexaploid wheat,https://bmcgenomics.biomedcentral.com/articles/10.1186/s12864-023-09324-2,2023,True,False,False
Integration of ATAC-Seq and RNA-Seq reveals FOSL2 drives human liver progenitor-like cell aging by regulating inflammatory factors,https://bmcgenomics.biomedcentral.com/articles/10.1186/s12864-023-09349-7,2023,False,False,False
Identification and validation of a DNA methylation-driven gene-based prognostic model for clear cell renal cell carcinoma,https://bmcgenomics.biomedcentral.com/articles/10.1186/s12864-023-09416-z,2023,True,False,False
"Evaluating the mouse neural precursor line, SN4741, as a suitable proxy for midbrain dopaminergic neurons",https://bmcgenomics.biomedcentral.com/articles/10.1186/s12864-023-09398-y,2023,False,False,False
Genomic signatures of local adaptation in recent invasive ,https://bmcgenomics.biomedcentral.com/articles/10.1186/s12864-023-09402-5,2023,False,False,False
Multi-omics analysis reveals changes in tryptophan and cholesterol metabolism before and after sexual maturation in captive macaques,https://bmcgenomics.biomedcentral.com/articles/10.1186/s12864-023-09404-3,2023,False,False,False
Examining parent-of-origin effects on transcription and RNA methylation in mediating aggressive behavior in honey bees (,https://bmcgenomics.biomedcentral.com/articles/10.1186/s12864-023-09411-4,2023,False,False,False
Transcriptional profile of ,https://bmcgenomics.biomedcentral.com/articles/10.1186/s12864-023-09339-9,2023,False,False,False
Transgenerational exposure to ocean acidification impacts the hepatic transcriptome of European sea bass (,https://bmcgenomics.biomedcentral.com/articles/10.1186/s12864-023-09353-x,2023,True,False,False
Homoeologous evolution of the allotetraploid genome of ,https://bmcgenomics.biomedcentral.com/articles/10.1186/s12864-023-09456-5,2023,False,False,False
 ‘omics profiling: identification of putative metabolite-gene associations mediating its in vitro antagonism against ,https://bmcgenomics.biomedcentral.com/articles/10.1186/s12864-023-09463-6,2023,False,False,False
Identification and characterization of transcribed enhancers during cerebellar development through enhancer RNA analysis,https://bmcgenomics.biomedcentral.com/articles/10.1186/s12864-023-09368-4,2023,False,False,False
The DNA methylation status of the serotonin metabolic pathway associated with reproductive inactivation induced by long-light exposure in Magang geese,https://bmcgenomics.biomedcentral.com/articles/10.1186/s12864-023-09342-0,2023,True,False,False
Integrated multi-omics analysis reveals variation in intramuscular fat among muscle locations of Qinchuan cattle,https://bmcgenomics.biomedcentral.com/articles/10.1186/s12864-023-09452-9,2023,False,False,False
Ssc-mir-221-3p regulates melanin production in Xiang pigs melanocytes by targeting the ,https://bmcgenomics.biomedcentral.com/articles/10.1186/s12864-023-09451-w,2023,False,False,False
The time-course of cancer cachexia onset reveals biphasic transcriptional disruptions in female skeletal muscle distinct from males,https://bmcgenomics.biomedcentral.com/articles/10.1186/s12864-023-09462-7,2023,False,False,False
The landscape of PBMC methylome in canine mammary tumors reveals the epigenetic regulation of immune marker genes and its potential application in predicting tumor malignancy,https://bmcgenomics.biomedcentral.com/articles/10.1186/s12864-023-09471-6,2023,False,False,False
Bioinformatics for wet-lab scientists: practical application in sequencing analysis,https://bmcgenomics.biomedcentral.com/articles/10.1186/s12864-023-09454-7,2023,False,False,False
"Long-read, chromosome-scale assembly of ",https://bmcgenomics.biomedcentral.com/articles/10.1186/s12864-023-09514-y,2023,False,False,False
Transcriptomic regulations of heat stress response in the liver of lactating dairy cows,https://bmcgenomics.biomedcentral.com/articles/10.1186/s12864-023-09484-1,2023,False,False,False
Identification and characterization of circRNAs in peri-implantation endometrium between Yorkshire and Erhualian pigs,https://bmcgenomics.biomedcentral.com/articles/10.1186/s12864-023-09414-1,2023,False,False,False
Integrated analysis of lncRNA/circRNA–miRNA–mRNA in the proliferative phase of liver regeneration in mice with liver fibrosis,https://bmcgenomics.biomedcentral.com/articles/10.1186/s12864-023-09478-z,2023,False,True,False
Gene co-expression network analysis identifies hub genes associated with different tolerance under calcium deficiency in two peanut cultivars,https://bmcgenomics.biomedcentral.com/articles/10.1186/s12864-023-09436-9,2023,False,False,False
The comparison of gut gene expression and bacterial community in ,https://bmcgenomics.biomedcentral.com/articles/10.1186/s12864-023-09308-2,2023,False,False,False
The retinoic acid response is a minor component of the cardiac phenotype in H9c2 myoblast differentiation,https://bmcgenomics.biomedcentral.com/articles/10.1186/s12864-023-09512-0,2023,False,False,False
Aberrant activation of five embryonic stem cell-specific genes robustly predicts a high risk of relapse in breast cancers,https://bmcgenomics.biomedcentral.com/articles/10.1186/s12864-023-09571-3,2023,False,False,False
"Understanding the underlying genetic mechanisms for age at first calving, inter-calving period and scrotal circumference in Bonsmara cattle",https://bmcgenomics.biomedcentral.com/articles/10.1186/s12864-023-09518-8,2023,True,True,False
Genomic analyses reveal a low-temperature adapted clade in ,https://bmcgenomics.biomedcentral.com/articles/10.1186/s12864-023-09597-7,2023,True,False,False
Epigenetic regulation of functional candidate genes for milk production traits in dairy sheep subjected to protein restriction in the prepubertal stage,https://bmcgenomics.biomedcentral.com/articles/10.1186/s12864-023-09611-y,2023,False,False,False
"Ribosome biogenesis disruption mediated chromatin structure changes revealed by SRAtac, a customizable end to end analysis pipeline for ATAC-seq",https://bmcgenomics.biomedcentral.com/articles/10.1186/s12864-023-09576-y,2023,False,False,False
Genome-wide association study of abnormal elevation of ALT in patients exposed to atabecestat,https://bmcgenomics.biomedcentral.com/articles/10.1186/s12864-023-09625-6,2023,False,False,False
Seasonal and age-related changes in sperm quality of farmed arctic charr (,https://bmcgenomics.biomedcentral.com/articles/10.1186/s12864-023-09614-9,2023,False,False,False
Integrated analysis of the ubiquitination mechanism reveals the specific signatures of tissue and cancer,https://bmcgenomics.biomedcentral.com/articles/10.1186/s12864-023-09583-z,2023,True,False,False
Integration of miRNA dynamics and drought tolerant QTLs in rice reveals the role of miR2919 in drought stress response,https://bmcgenomics.biomedcentral.com/articles/10.1186/s12864-023-09609-6,2023,False,False,False
Transcriptome sequencing and metabolome analysis reveal the metabolic reprogramming of partial hepatectomy and extended hepatectomy,https://bmcgenomics.biomedcentral.com/articles/10.1186/s12864-023-09647-0,2023,False,True,False
Transmembrane protein 184B (TMEM184B) promotes expression of synaptic gene networks in the mouse hippocampus,https://bmcgenomics.biomedcentral.com/articles/10.1186/s12864-023-09676-9,2023,True,False,False
Physiological and transcriptomic analyses reveal tea plant (,https://bmcgenomics.biomedcentral.com/articles/10.1186/s12864-023-09670-1,2023,False,False,False
Comprehensive analysis on the regulation of differentially expressed of mRNA and ncRNA in different ovarian stages of ark shell ,https://bmcgenomics.biomedcentral.com/articles/10.1186/s12864-023-09648-z,2023,False,False,False
Profiling the polyadenylated transcriptome of extracellular vesicles with long-read nanopore sequencing,https://bmcgenomics.biomedcentral.com/articles/10.1186/s12864-023-09552-6,2023,False,False,False
Global DNA methylation and telomere length as markers of accelerated aging in people living with HIV and non-alcoholic fatty liver disease,https://bmcgenomics.biomedcentral.com/articles/10.1186/s12864-023-09653-2,2023,False,False,False
Analysis of asymptomatic ,https://bmcgenomics.biomedcentral.com/articles/10.1186/s12864-023-09562-4,2023,False,False,False
"RNA-Seq analysis of the pyloric caecum, liver, and muscle reveals molecular mechanisms regulating fillet color in rainbow trout",https://bmcgenomics.biomedcentral.com/articles/10.1186/s12864-023-09688-5,2023,False,False,False
Comparative transcriptome analysis of two ,https://bmcgenomics.biomedcentral.com/articles/10.1186/s12864-023-09701-x,2023,False,False,False
Integrated microRNA and whole-transcriptome sequencing reveals the involvement of small and long non-coding RNAs in the fiber growth of ramie plant,https://bmcgenomics.biomedcentral.com/articles/10.1186/s12864-023-09711-9,2023,False,False,False
Transcriptomic landscape of posterior regeneration in the annelid ,https://bmcgenomics.biomedcentral.com/articles/10.1186/s12864-023-09602-z,2023,True,False,False
Identifying quantitatively differential chromosomal compartmentalization changes and their biological significance from Hi-C data using DARIC,https://bmcgenomics.biomedcentral.com/articles/10.1186/s12864-023-09675-w,2023,False,False,False
CRISPR/Cas9-based depletion of 16S ribosomal RNA improves library complexity of single-cell RNA-sequencing in planarians,https://bmcgenomics.biomedcentral.com/articles/10.1186/s12864-023-09724-4,2023,False,True,False
Cross-tissue patterns of DNA hypomethylation reveal genetically distinct histories of cell development,https://bmcgenomics.biomedcentral.com/articles/10.1186/s12864-023-09622-9,2023,False,True,False
Cellular clarity: a logistic regression approach to identify root epidermal regulators of iron deficiency response,https://bmcgenomics.biomedcentral.com/articles/10.1186/s12864-023-09714-6,2023,False,False,False
A newly identified glycosyltransferase AsRCOM provides resistance to purple curl leaf disease in agave,https://bmcgenomics.biomedcentral.com/articles/10.1186/s12864-023-09700-y,2023,False,True,False
Broodstock nutritional programming differentially affects the hepatic transcriptome and genome-wide DNA methylome of farmed gilthead sea bream (,https://bmcgenomics.biomedcentral.com/articles/10.1186/s12864-023-09759-7,2023,False,False,False
Genome-wide identification and molecular expression profile analysis of FHY3/FAR1 gene family in walnut (,https://bmcgenomics.biomedcentral.com/articles/10.1186/s12864-023-09629-2,2023,False,False,False
ATACAmp: a tool for detecting ecDNA/HSRs from bulk and single-cell ATAC-seq data,https://bmcgenomics.biomedcentral.com/articles/10.1186/s12864-023-09792-6,2023,False,False,False
Metagenomic analysis reveals distinct changes in the gut microbiome of obese Chinese children,https://bmcgenomics.biomedcentral.com/articles/10.1186/s12864-023-09805-4,2023,False,False,False
Comprehensive analysis of miRNA-mRNA regulatory pairs associated with colorectal cancer and the role in tumor immunity,https://bmcgenomics.biomedcentral.com/articles/10.1186/s12864-023-09635-4,2023,True,False,False
Identification of postnatal development dependent genes and proteins in porcine epididymis,https://bmcgenomics.biomedcentral.com/articles/10.1186/s12864-023-09827-y,2023,False,False,False
Genomic characterization of a nematode tolerance locus in sugar beet,https://bmcgenomics.biomedcentral.com/articles/10.1186/s12864-023-09823-2,2023,False,False,False
Identification of genes associated with fatty acid biosynthesis based on 214 safflower core germplasm,https://bmcgenomics.biomedcentral.com/articles/10.1186/s12864-023-09874-5,2023,False,False,False
Single-nucleus transcriptome sequencing reveals hepatic cell atlas in pigs,https://bmcgenomics.biomedcentral.com/articles/10.1186/s12864-023-09765-9,2023,False,False,False
The forgotten variable? Does the euthanasia method and sample storage condition influence an organisms transcriptome – a gene expression analysis on multiple tissues in pigs,https://bmcgenomics.biomedcentral.com/articles/10.1186/s12864-023-09794-4,2023,False,False,False
Single-cell and transcriptomic analyses reveal the influence of diabetes on ovarian cancer,https://bmcgenomics.biomedcentral.com/articles/10.1186/s12864-023-09893-2,2024,True,True,False
Genome-wide association study of agronomic traits related to nitrogen use efficiency in Henan wheat,https://bmcgenomics.biomedcentral.com/articles/10.1186/s12864-023-09922-0,2024,False,False,False
Genome-wide analysis of the U-box E3 ligases gene family in potato (,https://bmcgenomics.biomedcentral.com/articles/10.1186/s12864-023-09890-5,2024,False,False,False
Genome-wide identification and expression pattern analysis of the kiwifruit GRAS transcription factor family in response to salt stress,https://bmcgenomics.biomedcentral.com/articles/10.1186/s12864-023-09915-z,2024,False,False,False
Identification of eQTLs using different sets of single nucleotide polymorphisms associated with carcass and body composition traits in pigs,https://bmcgenomics.biomedcentral.com/articles/10.1186/s12864-023-09863-8,2024,False,False,False
Identification of the genetic characteristics of copy number variations in experimental specific pathogen-free ducks using whole-genome resequencing,https://bmcgenomics.biomedcentral.com/articles/10.1186/s12864-023-09928-8,2024,False,False,False
Integrated analysis strategy of genome-wide functional gene mining reveals ,https://bmcgenomics.biomedcentral.com/articles/10.1186/s12864-023-09925-x,2024,False,False,False
Identification of two major QTLs for pod shell thickness in peanut (,https://bmcgenomics.biomedcentral.com/articles/10.1186/s12864-024-10005-x,2024,True,False,False
Transcriptome analysis of long non-coding RNA and mRNA Profiles in VSV-infected BHK-21 Cells,https://bmcgenomics.biomedcentral.com/articles/10.1186/s12864-024-09991-9,2024,False,False,False
Single nucleotide polymorphism SNP19140160 A > C is a potential breeding locus for fast-growth largemouth bass (,https://bmcgenomics.biomedcentral.com/articles/10.1186/s12864-024-09962-0,2024,False,False,False
Combined transcriptome and metabolome analysis reveals breed-specific regulatory mechanisms in Dorper and Tan sheep,https://bmcgenomics.biomedcentral.com/articles/10.1186/s12864-023-09870-9,2024,False,False,False
Lipid metabolism-related genes are involved in the occurrence of asthma and regulate the immune microenvironment,https://bmcgenomics.biomedcentral.com/articles/10.1186/s12864-023-09795-3,2024,False,False,False
Sex-biased genetic regulation of inflammatory proteins in the Dutch population,https://bmcgenomics.biomedcentral.com/articles/10.1186/s12864-024-10065-z,2024,False,True,False
Uncovering the potential molecular mechanism of liraglutide to alleviate the effects of high glucose on myoblasts based on high-throughput transcriptome sequencing technique,https://bmcgenomics.biomedcentral.com/articles/10.1186/s12864-024-10076-w,2024,False,False,False
Genome-wide DNA N6-methyladenosine in ,https://bmcgenomics.biomedcentral.com/articles/10.1186/s12864-024-10074-y,2024,False,False,False
"Transcriptomic analysis of intestinal organoids, derived from pigs divergent in feed efficiency, and their response to ",https://bmcgenomics.biomedcentral.com/articles/10.1186/s12864-024-10064-0,2024,True,False,False
Response mechanism of carbon metabolism of ,https://bmcgenomics.biomedcentral.com/articles/10.1186/s12864-024-10054-2,2024,False,False,False
Trehalose 6-phosphate synthase gene ,https://bmcgenomics.biomedcentral.com/articles/10.1186/s12864-024-10028-4,2024,False,False,False
Insights from ,https://bmcgenomics.biomedcentral.com/articles/10.1186/s12864-024-10075-x,2024,False,False,False
Transcriptomic basis of sex loss in the pea aphid,https://bmcgenomics.biomedcentral.com/articles/10.1186/s12864-023-09776-6,2024,False,False,False
Integrated metabolomics and transcriptomics analysis highlight key pathways involved in the somatic embryogenesis of Darjeeling tea,https://bmcgenomics.biomedcentral.com/articles/10.1186/s12864-024-10119-2,2024,False,False,False
Transcriptomic divergence of the ,https://bmcgenomics.biomedcentral.com/articles/10.1186/s12864-024-10142-3,2024,False,False,False
Combined analysis of mRNA and miRNA transcriptomes reveals the regulatory mechanism of ,https://bmcgenomics.biomedcentral.com/articles/10.1186/s12864-024-10113-8,2024,False,False,False
The structure and diversity of bacteria and fungi in the roots and rhizosphere soil of three different species of ,https://bmcgenomics.biomedcentral.com/articles/10.1186/s12864-024-10143-2,2024,False,False,False
Transcriptomics and metabolomics analysis reveal the dietary copper deficiency and supplementation effects of liver gene expression and metabolite change in grazing sheep,https://bmcgenomics.biomedcentral.com/articles/10.1186/s12864-024-10134-3,2024,False,False,False
"Genome-wide profiling of histone (H3) lysine 4 (K4) tri-methylation (me3) under drought, heat, and combined stresses in switchgrass",https://bmcgenomics.biomedcentral.com/articles/10.1186/s12864-024-10068-w,2024,False,False,False
"An across breed, diet and tissue analysis reveals the transcription factor ",https://bmcgenomics.biomedcentral.com/articles/10.1186/s12864-024-10151-2,2024,True,False,False
Integrated analysis reveals the regulatory mechanism of the neddylation inhibitor MLN4924 on the metabolic dysregulation in rabbit granulosa cells,https://bmcgenomics.biomedcentral.com/articles/10.1186/s12864-024-10118-3,2024,False,False,False
A chromosome level genome assembly of ,https://bmcgenomics.biomedcentral.com/articles/10.1186/s12864-024-10140-5,2024,False,False,False
SNP-based and haplotype-based genome-wide association on drug dependence in Han Chinese,https://bmcgenomics.biomedcentral.com/articles/10.1186/s12864-024-10117-4,2024,False,False,False
Allelic variation in the autotetraploid potato: genes involved in starch and steroidal glycoalkaloid metabolism as a case study,https://bmcgenomics.biomedcentral.com/articles/10.1186/s12864-024-10186-5,2024,False,False,False
Landscape genomics reveals regions associated with adaptive phenotypic and genetic variation in Ethiopian indigenous chickens,https://bmcgenomics.biomedcentral.com/articles/10.1186/s12864-024-10193-6,2024,False,False,False
"Exploring the ageing methylome in the model insect, ",https://bmcgenomics.biomedcentral.com/articles/10.1186/s12864-024-10211-7,2024,True,True,False
Sex and fetal genome influence gene expression in pig endometrium at the end of gestation,https://bmcgenomics.biomedcentral.com/articles/10.1186/s12864-024-10144-1,2024,True,False,False
Full-length 16S rRNA gene sequencing by PacBio improves taxonomic resolution in human microbiome samples,https://bmcgenomics.biomedcentral.com/articles/10.1186/s12864-024-10213-5,2024,False,False,False
Immune system modulation & virus transmission during parasitism identified by multi-species transcriptomics of a declining insect biocontrol system,https://bmcgenomics.biomedcentral.com/articles/10.1186/s12864-024-10215-3,2024,False,False,False
Identification and functional analysis of the ,https://bmcgenomics.biomedcentral.com/articles/10.1186/s12864-024-10229-x,2024,False,False,False
Whole transcriptomic analysis reveals overexpression of salivary gland and cuticular proteins genes in insecticide-resistant ,https://bmcgenomics.biomedcentral.com/articles/10.1186/s12864-024-10182-9,2024,False,False,False
Pituitary transcriptome profile from laying period to incubation period of Changshun green-shell laying hens,https://bmcgenomics.biomedcentral.com/articles/10.1186/s12864-024-10233-1,2024,False,False,False
Machine learning to establish three sphingolipid metabolism genes signature to characterize the immune landscape and prognosis of patients with gastric cancer,https://bmcgenomics.biomedcentral.com/articles/10.1186/s12864-024-10243-z,2024,False,False,False
Transcriptome disclosure of hormones inducing stigma exsertion in ,https://bmcgenomics.biomedcentral.com/articles/10.1186/s12864-024-10195-4,2024,False,False,False
Genomic evidence for human-mediated introgressive hybridization and selection in the developed breed,https://bmcgenomics.biomedcentral.com/articles/10.1186/s12864-024-10259-5,2024,False,True,False
Haplotype-resolved genome of ,https://bmcgenomics.biomedcentral.com/articles/10.1186/s12864-024-10264-8,2024,False,False,False
Transcriptome exploration of ferroptosis-related genes in TGFβ- induced lens epithelial to mesenchymal transition during posterior capsular opacification development,https://bmcgenomics.biomedcentral.com/articles/10.1186/s12864-024-10244-y,2024,False,False,False
Mitotic gene regulation by the N-MYC-WDR5-PDPK1 nexus,https://bmcgenomics.biomedcentral.com/articles/10.1186/s12864-024-10282-6,2024,True,False,False
Comparative transcriptomic analysis delineates adaptation strategies of ,https://bmcgenomics.biomedcentral.com/articles/10.1186/s12864-024-10248-8,2024,True,False,False
Understanding genetic variability: exploring large-scale copy number variants through non-invasive prenatal testing in European populations,https://bmcgenomics.biomedcentral.com/articles/10.1186/s12864-024-10267-5,2024,False,True,False
Identification of skewed X chromosome inactivation using exome and transcriptome sequencing in patients with suspected rare genetic disease,https://bmcgenomics.biomedcentral.com/articles/10.1186/s12864-024-10240-2,2024,False,False,False
Genome-wide characterization of post-transcriptional processes related to wood formation in ,https://bmcgenomics.biomedcentral.com/articles/10.1186/s12864-024-10300-7,2024,False,False,False
Long-read sequencing of extrachromosomal circular DNA and genome assembly of a ,https://bmcgenomics.biomedcentral.com/articles/10.1186/s12864-024-10314-1,2024,False,False,False
"RNA methylation patterns, immune characteristics, and autophagy-related mechanisms mediated by N6-methyladenosine (m6A) regulatory factors in venous thromboembolism",https://bmcgenomics.biomedcentral.com/articles/10.1186/s12864-024-10294-2,2024,False,False,False
Germline genetic regulation of the colorectal tumor immune microenvironment,https://bmcgenomics.biomedcentral.com/articles/10.1186/s12864-024-10295-1,2024,False,False,False
Castration alters the ileum microbiota of Holstein bulls and promotes beef flavor compounds,https://bmcgenomics.biomedcentral.com/articles/10.1186/s12864-024-10272-8,2024,False,False,False
NKX2-2 based nuclei sorting on frozen human archival pancreas enables the enrichment of islet endocrine populations for single-nucleus RNA sequencing,https://bmcgenomics.biomedcentral.com/articles/10.1186/s12864-024-10335-w,2024,False,False,False
Artificial selection footprints in indigenous and commercial chicken genomes,https://bmcgenomics.biomedcentral.com/articles/10.1186/s12864-024-10291-5,2024,False,False,False
Ocular A-to-I RNA editing signatures associated with SARS-CoV-2 infection,https://bmcgenomics.biomedcentral.com/articles/10.1186/s12864-024-10324-z,2024,False,False,False
Laser capture microdissection transcriptome (LCM RNA-seq) reveals ,https://bmcgenomics.biomedcentral.com/articles/10.1186/s12864-024-10341-y,2024,False,False,False
-eQTLs in seven duck tissues identify novel candidate genes for growth and carcass traits,https://bmcgenomics.biomedcentral.com/articles/10.1186/s12864-024-10338-7,2024,False,True,False
DengueSeq: a pan-serotype whole genome amplicon sequencing protocol for dengue virus,https://bmcgenomics.biomedcentral.com/articles/10.1186/s12864-024-10350-x,2024,False,True,False
"Genomic regions, candidate genes, and pleiotropic variants associated with physiological and anatomical indicators of heat stress response in lactating sows",https://bmcgenomics.biomedcentral.com/articles/10.1186/s12864-024-10365-4,2024,False,True,False
The single-cell chromatin landscape in gonadal cell lineage specification,https://bmcgenomics.biomedcentral.com/articles/10.1186/s12864-024-10376-1,2024,False,False,False
Genome-wide evolutionary analysis of TKL_CTR1-DRK-2 gene family and functional characterization reveals that ,https://bmcgenomics.biomedcentral.com/articles/10.1186/s12864-024-10383-2,2024,False,False,False
Natural variations of heterosis-related allele-specific expression genes in promoter regions lead to allele-specific expression in maize,https://bmcgenomics.biomedcentral.com/articles/10.1186/s12864-024-10395-y,2024,False,False,False
Comprehensive analysis of silk proteins and gland compartments in ,https://bmcgenomics.biomedcentral.com/articles/10.1186/s12864-024-10381-4,2024,False,False,False
Apelin-13 modulates the endometrial transcriptome of the domestic pig during implantation,https://bmcgenomics.biomedcentral.com/articles/10.1186/s12864-024-10417-9,2024,False,False,False
Transcriptome analysis of sexual dimorphism in dorsal down coloration in goslings,https://bmcgenomics.biomedcentral.com/articles/10.1186/s12864-024-10394-z,2024,False,False,False
Oviductal extracellular vesicles miRNA cargo varies in response to embryos and their quality,https://bmcgenomics.biomedcentral.com/articles/10.1186/s12864-024-10429-5,2024,False,False,False
Spatial transcriptomic brain imaging reveals the effects of immunomodulation therapy on specific regional brain cells in a mouse dementia model,https://bmcgenomics.biomedcentral.com/articles/10.1186/s12864-024-10434-8,2024,True,True,False
Differential gene expression and immune cell infiltration in maedi-visna virus-infected lung tissues,https://bmcgenomics.biomedcentral.com/articles/10.1186/s12864-024-10448-2,2024,False,False,False
Functional divergence of FTL9 and FTL10 in flowering control in rice,https://bmcgenomics.biomedcentral.com/articles/10.1186/s12864-024-10441-9,2024,False,False,False
Multiomics analysis of platelet-rich plasma promoting biological performance of mesenchymal stem cells,https://bmcgenomics.biomedcentral.com/articles/10.1186/s12864-024-10329-8,2024,True,False,False
Comparative transcriptomic analysis primarily explores the molecular mechanism of compound eye formation in ,https://bmcgenomics.biomedcentral.com/articles/10.1186/s12864-024-10453-5,2024,True,False,False
Combinatorial metabolomic and transcriptomic analysis of muscle growth in hybrid striped bass (female white bass ,https://bmcgenomics.biomedcentral.com/articles/10.1186/s12864-024-10325-y,2024,False,False,False
Susceptibility gene identification and risk evaluation model construction by transcriptome-wide association analysis for salt sensitivity of blood pressure,https://bmcgenomics.biomedcentral.com/articles/10.1186/s12864-024-10409-9,2024,False,False,True
"Exploring crop genomes: assembly features, gene prediction accuracy, and implications for proteomics studies",https://bmcgenomics.biomedcentral.com/articles/10.1186/s12864-024-10521-w,2024,False,False,False
A comprehensive analysis of the WRKY family in soybean and functional analysis of GmWRKY164-,https://bmcgenomics.biomedcentral.com/articles/10.1186/s12864-024-10523-8,2024,False,False,False
Comparative mitochondrial genomics in Nematoda reveal astonishing variation in compositional biases and substitution rates indicative of multi-level selection,https://bmcgenomics.biomedcentral.com/articles/10.1186/s12864-024-10500-1,2024,False,False,False
Genome-wide association study considering genotype-by-environment interaction for productive and reproductive traits using whole-genome sequencing in Nellore cattle,https://bmcgenomics.biomedcentral.com/articles/10.1186/s12864-024-10520-x,2024,False,True,False
Single-nucleus RNA sequencing and lipidomics reveal characteristics of transcriptional and lipid composition in porcine ,https://bmcgenomics.biomedcentral.com/articles/10.1186/s12864-024-10488-8,2024,False,False,False
Multi-omic analysis reveals the effects of interspecific hybridization on the synthesis of seed reserve polymers in a ,https://bmcgenomics.biomedcentral.com/articles/10.1186/s12864-024-10352-9,2024,False,False,False
Diet-induced changes in the jejunal microbiota of developing broilers reduce the abundance of ,https://bmcgenomics.biomedcentral.com/articles/10.1186/s12864-024-10496-8,2024,False,True,False
"A metagenomic investigation of the faecal RNA virome structure of asymptomatic chickens obtained from a commercial farm in Durban, KwaZulu-Natal province, South Africa",https://bmcgenomics.biomedcentral.com/articles/10.1186/s12864-024-10517-6,2024,False,True,False
Transcriptomic responses in the nervous system and correlated behavioural changes of a cephalopod exposed to ocean acidification,https://bmcgenomics.biomedcentral.com/articles/10.1186/s12864-024-10542-5,2024,True,False,False
Genome-wide association study for cashmere traits in Inner Mongolia cashmere goat population reveals new candidate genes and haplotypes,https://bmcgenomics.biomedcentral.com/articles/10.1186/s12864-024-10543-4,2024,False,True,False
A comparison of the TempO-Seq and Affymetrix microarray platform using RTqPCR validation,https://bmcgenomics.biomedcentral.com/articles/10.1186/s12864-024-10586-7,2024,True,False,False
Rapid evolution of promoters from germline-specifically expressed genes including transposon silencing factors,https://bmcgenomics.biomedcentral.com/articles/10.1186/s12864-024-10584-9,2024,False,True,False
Transcriptomic responses of Mediterranean sponges upon encounter with symbiont microbial consortia,https://bmcgenomics.biomedcentral.com/articles/10.1186/s12864-024-10548-z,2024,False,False,False
"Understanding the responses of tillering to 2,4-D isooctyl ester in ",https://bmcgenomics.biomedcentral.com/articles/10.1186/s12864-024-10579-6,2024,False,False,False
"Morphological, anatomical, and transcriptomics analysis reveals the regulatory mechanisms of cassava plant height development",https://bmcgenomics.biomedcentral.com/articles/10.1186/s12864-024-10599-2,2024,False,False,False
Comparative proteomics in tall fescue to reveal underlying mechanisms for improving Photosystem II thermotolerance during heat stress memory,https://bmcgenomics.biomedcentral.com/articles/10.1186/s12864-024-10580-z,2024,False,False,False
Insights into ,https://bmcgenomics.biomedcentral.com/articles/10.1186/s12864-024-10604-8,2024,False,False,False
A cross-sectional comparison of gut metagenomes between dairy workers and community controls,https://bmcgenomics.biomedcentral.com/articles/10.1186/s12864-024-10562-1,2024,False,False,False
Comparative transcriptomic profiles of ,https://bmcgenomics.biomedcentral.com/articles/10.1186/s12864-024-10613-7,2024,True,False,False
Comparative transcriptomics identifies genes underlying growth performance of the Pacific black-lipped pearl oyster ,https://bmcgenomics.biomedcentral.com/articles/10.1186/s12864-024-10636-0,2024,False,False,False
 undergoes interclade recombination promoting Tet-island exchange,https://bmcgenomics.biomedcentral.com/articles/10.1186/s12864-024-10606-6,2024,False,False,False
Association mapping with a diverse population of ,https://bmcgenomics.biomedcentral.com/articles/10.1186/s12864-024-10670-y,2024,False,True,False
Effect of enhanced plane of nutrition in early life on the transcriptome and proteome of the anterior pituitary gland in Angus heifer calves,https://bmcgenomics.biomedcentral.com/articles/10.1186/s12864-024-10626-2,2024,True,False,False
guidedNOMe-seq quantifies chromatin states at single allele resolution for hundreds of custom regions in parallel,https://bmcgenomics.biomedcentral.com/articles/10.1186/s12864-024-10625-3,2024,False,False,False
Integrated analysis of transcriptomics and defense-related phytohormones to discover hub genes conferring maize Gibberella ear rot caused by ,https://bmcgenomics.biomedcentral.com/articles/10.1186/s12864-024-10656-w,2024,False,False,False
Integrated metabolomic and transcriptomic analysis reveals biosynthesis mechanism of flavone and caffeoylquinic acid in chrysanthemum,https://bmcgenomics.biomedcentral.com/articles/10.1186/s12864-024-10676-6,2024,False,False,False
Extensive differential DNA methylation between tuberculosis skin test positive and skin test negative cattle,https://bmcgenomics.biomedcentral.com/articles/10.1186/s12864-024-10574-x,2024,False,False,False
"Identification of the effects of alkalinity exposure on the gills of oriental river prawns, ",https://bmcgenomics.biomedcentral.com/articles/10.1186/s12864-024-10659-7,2024,False,False,False
The multi-tissue gene expression and physiological responses of water deprived Peromyscus eremicus,https://bmcgenomics.biomedcentral.com/articles/10.1186/s12864-024-10629-z,2024,False,False,False
The effect of acute social isolation on neural molecular responses in components of the social decision-making network,https://bmcgenomics.biomedcentral.com/articles/10.1186/s12864-024-10653-z,2024,False,False,False
Identification of novel cattle (Bos taurus) genes and biological insights of their function in pre-implantation embryo development,https://bmcgenomics.biomedcentral.com/articles/10.1186/s12864-024-10685-5,2024,False,True,False
Comparative transcriptomics reveals a highly polymorphic ,https://bmcgenomics.biomedcentral.com/articles/10.1186/s12864-024-10684-6,2024,True,False,False
Identification of candidate genes associated with double flowers via integrating BSA-seq and RNA-seq in ,https://bmcgenomics.biomedcentral.com/articles/10.1186/s12864-024-10708-1,2024,False,False,True
The somatic genome of ,https://bmcgenomics.biomedcentral.com/articles/10.1186/s12864-024-10727-y,2024,False,False,False
Dissecting the invasion history of Spotted-Wing ,https://bmcgenomics.biomedcentral.com/articles/10.1186/s12864-024-10739-8,2024,False,False,False
Sticking together: independent evolution of biofilm formation in different species of staphylococci has occurred multiple times via different pathways,https://bmcgenomics.biomedcentral.com/articles/10.1186/s12864-024-10719-y,2024,False,False,False
Genome-wide investigation of the nuclear factor Y gene family in Ginger (,https://bmcgenomics.biomedcentral.com/articles/10.1186/s12864-024-10588-5,2024,False,False,False
Signals of positive selection in genomes of palearctic ,https://bmcgenomics.biomedcentral.com/articles/10.1186/s12864-024-10722-3,2024,False,True,False
Predicting splicing patterns from the transcription factor binding sites in the promoter with deep learning,https://bmcgenomics.biomedcentral.com/articles/10.1186/s12864-024-10667-7,2024,False,True,False
Comparative transcriptome analysis reveals defense responses against soft rot induced by ,https://bmcgenomics.biomedcentral.com/articles/10.1186/s12864-024-10746-9,2024,False,False,False
Optimizing next-generation sequencing efficiency in clinical settings: analysis of read length impact on cost and performance,https://bmcgenomics.biomedcentral.com/articles/10.1186/s12864-024-10778-1,2024,False,False,False
Screening of mtr-miR156a from exosomes of dairy cow blood to milk and its regulatory effect on milk protein synthesis in BMECs,https://bmcgenomics.biomedcentral.com/articles/10.1186/s12864-024-10761-w,2024,False,False,False
Identification of quantitative trait loci for lodging and related agronomic traits in soybean (,https://bmcgenomics.biomedcentral.com/articles/10.1186/s12864-024-10794-1,2024,False,False,False
"A large structural variant collection in Holstein cattle and associated database for variant discovery, characterization, and application",https://bmcgenomics.biomedcentral.com/articles/10.1186/s12864-024-10812-2,2024,False,False,False
Association of ,https://bmcgenomics.biomedcentral.com/articles/10.1186/s12864-024-10819-9,2024,False,False,False
Enhancing RNA-seq bias mitigation with the Gaussian self-benchmarking framework: towards unbiased sequencing data,https://bmcgenomics.biomedcentral.com/articles/10.1186/s12864-024-10814-0,2024,False,False,False
Differences between uncapping and removal behaviors in ,https://bmcgenomics.biomedcentral.com/articles/10.1186/s12864-024-10817-x,2024,False,False,False
Transcriptional regulation of hormone signalling genes in black pepper in response to ,https://bmcgenomics.biomedcentral.com/articles/10.1186/s12864-024-10802-4,2024,False,False,False
Transcriptional reprogramming in the entomopathogenic fungus ,https://bmcgenomics.biomedcentral.com/articles/10.1186/s12864-024-10824-y,2024,False,False,False
A combined analysis of bulk RNA-seq and scRNA-seq was performed to investigate the molecular mechanisms associated with the occurrence of myocardial infarction,https://bmcgenomics.biomedcentral.com/articles/10.1186/s12864-024-10813-1,2024,False,True,False
Identification of the effects of hypoxia on the liver tissues of Nile tilapia ,https://bmcgenomics.biomedcentral.com/articles/10.1186/s12864-024-10700-9,2024,False,False,False
Transcriptome sequencing analysis of overexpressed ,https://bmcgenomics.biomedcentral.com/articles/10.1186/s12864-024-10801-5,2024,False,False,False
Integrated miRNA-mRNA analysis uncovers immediate-early response to salinity stress in gill-derived cell line of ,https://bmcgenomics.biomedcentral.com/articles/10.1186/s12864-024-10869-z,2024,False,False,False
Chemical composition determination and transcriptomic analyses provide insight into the differences between wild and grafted Semen Ziziphi Spinosae,https://bmcgenomics.biomedcentral.com/articles/10.1186/s12864-024-10837-7,2024,False,False,False
Insights into trait-association of selection signatures and adaptive eQTL in indigenous African cattle,https://bmcgenomics.biomedcentral.com/articles/10.1186/s12864-024-10852-8,2024,False,False,False
Transcriptomic analysis reveals differentially expressed genes associated with meat quality in Chinese Dagu chicken and AA,https://bmcgenomics.biomedcentral.com/articles/10.1186/s12864-024-10927-6,2024,False,True,False
Transcriptomic analysis of spleen-derived macrophages in response to lipopolysaccharide shows dependency on the MyD88-independent pathway in Chinese giant salamanders (Andrias davidianus),https://bmcgenomics.biomedcentral.com/articles/10.1186/s12864-024-10888-w,2024,False,False,False
Bank vole genomics links determinate and indeterminate growth of teeth,https://bmcgenomics.biomedcentral.com/articles/10.1186/s12864-024-10901-2,2024,False,False,False
Increased DNMT1 acetylation leads to global DNA methylation suppression in follicular granulosa cells during reproductive aging in mammals,https://bmcgenomics.biomedcentral.com/articles/10.1186/s12864-024-10957-0,2024,False,False,False
Molecular cloning of PRD-like homeobox genes expressed in bovine oocytes and early IVF embryos,https://bmcgenomics.biomedcentral.com/articles/10.1186/s12864-024-10969-w,2024,False,False,False
 transcriptomic modifications in host cell entry environments of human keratinocytes,https://bmcgenomics.biomedcentral.com/articles/10.1186/s12864-024-10974-z,2024,False,False,False
Transcriptome analysis identifies the ,https://bmcgenomics.biomedcentral.com/articles/10.1186/s12864-024-10895-x,2024,False,False,False
Multi-omics approaches define novel aphid effector candidates associated with virulence and avirulence phenotypes,https://bmcgenomics.biomedcentral.com/articles/10.1186/s12864-024-10984-x,2024,False,False,False
CircRNA profiling of skeletal muscle satellite cells in goats reveals circTGFβ2 promotes myoblast differentiation,https://bmcgenomics.biomedcentral.com/articles/10.1186/s12864-024-11008-4,2024,False,False,False
Genomic exploration of Iranian almond (,https://bmcgenomics.biomedcentral.com/articles/10.1186/s12864-024-11044-0,2024,False,False,False
New genomic resources inform transcriptomic responses to heavy metal toxins in the common Eastern bumble bee ,https://bmcgenomics.biomedcentral.com/articles/10.1186/s12864-024-11040-4,2024,False,True,False
Effects of exogenous melatonin on drought stress in celery (,https://bmcgenomics.biomedcentral.com/articles/10.1186/s12864-024-11054-y,2024,False,False,False
Transcriptome-wide identification and analysis reveals m6A regulation of metabolic reprogramming in shrimp (,https://bmcgenomics.biomedcentral.com/articles/10.1186/s12864-024-11032-4,2024,False,False,False
Insights and implications for transcriptomic analysis of heat stress-induced intestinal inflammation in pigs,https://bmcgenomics.biomedcentral.com/articles/10.1186/s12864-024-10928-5,2024,False,False,False
The functions of DNA methyltransferases during the feeding and development of ,https://bmcgenomics.biomedcentral.com/articles/10.1186/s12864-024-11049-9,2024,False,False,False
Transcriptomics integrated with targeted metabolomics reveals endogenous hormone changes in tuberous root expansion of Pueraria,https://bmcgenomics.biomedcentral.com/articles/10.1186/s12864-024-11010-w,2024,False,False,False
Single-cell sequencing of full-length transcripts and T-cell receptors with automated high-throughput Smart-seq3,https://bmcgenomics.biomedcentral.com/articles/10.1186/s12864-024-11036-0,2024,True,False,False
RNA-seq analysis reveals genes associated with ,https://bmcgenomics.biomedcentral.com/articles/10.1186/s12864-024-11023-5,2024,False,False,False
"Efficient small fragment sequencing of human, cattle, and bison miRNA, small RNA, or csRNA-seq libraries using AVITI",https://bmcgenomics.biomedcentral.com/articles/10.1186/s12864-024-11013-7,2024,False,False,False
Cross-species single-cell analysis reveals divergence and conservation of peripheral blood mononuclear cells,https://bmcgenomics.biomedcentral.com/articles/10.1186/s12864-024-11030-6,2024,True,False,False
Dissection of major QTLs and candidate genes for seedling stage salt/drought tolerance in tomato,https://bmcgenomics.biomedcentral.com/articles/10.1186/s12864-024-11101-8,2024,False,False,False
Transcriptomic analysis of regulatory mechanisms in the telogen-anagen transition of ovine hair follicles,https://bmcgenomics.biomedcentral.com/articles/10.1186/s12864-024-11059-7,2024,False,False,False
Expression quantitative trait loci influence DNA damage-induced apoptosis in cancer,https://bmcgenomics.biomedcentral.com/articles/10.1186/s12864-024-11068-6,2024,False,True,False
"Mayfly developmental atlas: developmental temporal expression atlas of the mayfly, ",https://bmcgenomics.biomedcentral.com/articles/10.1186/s12864-024-10934-7,2024,False,False,False
Gene ontology defines pre-post- hatch energy dynamics in the complexus muscle of broiler chickens,https://bmcgenomics.biomedcentral.com/articles/10.1186/s12864-024-11103-6,2024,False,False,False
Muscle tissue transcriptome of F1 Angus-Nellore bulls and steers feedlot finished: impacts on intramuscular fat deposition,https://bmcgenomics.biomedcentral.com/articles/10.1186/s12864-024-11066-8,2024,False,False,False
Identifying candidate genes for sugar accumulation in sugarcane: an integrative approach,https://bmcgenomics.biomedcentral.com/articles/10.1186/s12864-024-11089-1,2024,False,False,False
"Comprehensive analysis of housekeeping genes, tissue-specific genes, and dynamic regulation across developmental stages in pearl millet",https://bmcgenomics.biomedcentral.com/articles/10.1186/s12864-024-11114-3,2024,False,False,False
Immune transcriptomic profile in adult female pigs: dominance status has more influence than environmental enrichment,https://bmcgenomics.biomedcentral.com/articles/10.1186/s12864-024-11116-1,2024,True,False,False
Genetic and neuro-epigenetic effects of divergent artificial selection for feather pecking behaviour in chickens,https://bmcgenomics.biomedcentral.com/articles/10.1186/s12864-024-11137-w,2024,True,True,False
Cyclin-dependent kinases (CDKs) are key genes regulating early development of ,https://bmcgenomics.biomedcentral.com/articles/10.1186/s12864-024-10970-3,2024,False,False,False
Transcriptomic alterations in the ovine caruncular endometrium due to imbalanced nutrition and FSH-induced ovarian hyperstimulation,https://bmcgenomics.biomedcentral.com/articles/10.1186/s12864-024-10799-w,2024,False,False,False
Multiomics joint analysis reveals the potential mechanism of differences in the taproot thickening between cultivated ginseng and mountain-cultivated ginseng,https://bmcgenomics.biomedcentral.com/articles/10.1186/s12864-024-11146-9,2024,False,False,False
A constitutive heterochromatic region shapes genome organization and impacts gene expression in ,https://bmcgenomics.biomedcentral.com/articles/10.1186/s12864-024-11110-7,2024,False,False,False
Genome-wide analysis in northern Chinese twins identifies twelve new susceptibility loci for pulmonary function,https://bmcgenomics.biomedcentral.com/articles/10.1186/s12864-024-11165-6,2024,False,True,False
RNA profiles differ between small and large extracellular vesicle subsets isolated from porcine seminal plasma,https://bmcgenomics.biomedcentral.com/articles/10.1186/s12864-024-11167-4,2024,False,False,False
CircRNA profiling reveals the regulatory role of circPAN3 in Hezuo boars Sertoli cell growth,https://bmcgenomics.biomedcentral.com/articles/10.1186/s12864-024-11170-9,2024,False,False,False
Thyroid hormone receptor- and stage-dependent transcriptome changes affect the initial period of ,https://bmcgenomics.biomedcentral.com/articles/10.1186/s12864-024-11175-4,2024,False,False,False
Inferring transcriptomic dynamics implicated in odor fatty acid accumulation in adipose tissue of Hulun Buir sheep from birth to market,https://bmcgenomics.biomedcentral.com/articles/10.1186/s12864-024-11161-w,2024,True,False,False
Cross-species single-nucleus analysis reveals the potential role of whole-genome duplication in the evolution of maize flower development,https://bmcgenomics.biomedcentral.com/articles/10.1186/s12864-024-11186-1,2025,False,False,False
Multi-omics reveals the mechanism of Trimethylamine N-oxide derived from gut microbiota inducing liver fatty of dairy cows,https://bmcgenomics.biomedcentral.com/articles/10.1186/s12864-024-11067-7,2025,False,False,False
Integrated transcriptome and metabolome analysis of liver reveals unsynchronized growth mechanisms in blunt-snout bream (,https://bmcgenomics.biomedcentral.com/articles/10.1186/s12864-025-11208-6,2025,False,False,False
Unravelling the transcriptomic symphony of muscle ageing: key pathways and hub genes altered by ageing and caloric restriction in rat muscle revealed by RNA sequencing,https://bmcgenomics.biomedcentral.com/articles/10.1186/s12864-024-11051-1,2025,False,False,False
Slight thermal stress exerts genetic diversity selection at coral (,https://bmcgenomics.biomedcentral.com/articles/10.1186/s12864-024-11194-1,2025,False,False,False
Characterization of chemosensory genes in the subterranean pest ,https://bmcgenomics.biomedcentral.com/articles/10.1186/s12864-025-11217-5,2025,False,False,False
Effector proteins of ,https://bmcgenomics.biomedcentral.com/articles/10.1186/s12864-024-10918-7,2025,False,False,False
Computational analysis of congenital heart disease associated SNPs: unveiling their impact on the gene regulatory system,https://bmcgenomics.biomedcentral.com/articles/10.1186/s12864-025-11232-6,2025,False,False,False
Transcriptomic dynamics and cell-to-cell communication during the transition of prospermatogonia to spermatogonia revealed at single-cell resolution,https://bmcgenomics.biomedcentral.com/articles/10.1186/s12864-025-11244-2,2025,False,False,False
Circadian clock regulation in soybean senescence: a transcriptome analysis of early and late senescence types,https://bmcgenomics.biomedcentral.com/articles/10.1186/s12864-024-11095-3,2025,False,False,False
Metabolic resistance to pyrethroids with possible involvement of non-coding ribonucleic acids in ,https://bmcgenomics.biomedcentral.com/articles/10.1186/s12864-025-11260-2,2025,True,False,False
Sex reversal induced by 17β-estradiol may be achieved by regulating the neuroendocrine system of the Pacific white shrimp ,https://bmcgenomics.biomedcentral.com/articles/10.1186/s12864-025-11236-2,2025,False,False,False
Comparative transcriptome analysis reveals the key role of photosynthetic traits in the formation of differences in photothermal sensitivity in tobacco,https://bmcgenomics.biomedcentral.com/articles/10.1186/s12864-025-11253-1,2025,False,False,False
A comprehensive allele specific expression resource for the equine transcriptome,https://bmcgenomics.biomedcentral.com/articles/10.1186/s12864-025-11240-6,2025,False,False,False
Integrated analysis of the transcriptome and hormone metabolome elucidates the regulatory mechanisms governing walnut bud germination,https://bmcgenomics.biomedcentral.com/articles/10.1186/s12864-025-11272-y,2025,False,False,False
Oocyte transcriptomes and follicular fluid proteomics of ovine atretic follicles reveal the underlying mechanisms of oocyte degeneration,https://bmcgenomics.biomedcentral.com/articles/10.1186/s12864-025-11291-9,2025,False,False,False
Fine-tuning GBS data with comparison of reference and mock genome approaches for advancing genomic selection in less studied farmed species,https://bmcgenomics.biomedcentral.com/articles/10.1186/s12864-025-11296-4,2025,False,False,False
Comparative transcriptomics reveal stage-dependent parasitic adaptations in the myxozoan ,https://bmcgenomics.biomedcentral.com/articles/10.1186/s12864-025-11265-x,2025,False,False,False
Molecular characterization of a rare ,https://bmcgenomics.biomedcentral.com/articles/10.1186/s12864-025-11297-3,2025,False,False,False
Optimal SpCas9- and SaCas9-mediated gene editing by enhancing gRNA transcript levels through scaffold poly-T tract reduction,https://bmcgenomics.biomedcentral.com/articles/10.1186/s12864-025-11317-2,2025,False,False,False
Differential expression of tRNA-derived small RNAs in Juvenile and adult sheep skin: implications for developmental and immune regulation,https://bmcgenomics.biomedcentral.com/articles/10.1186/s12864-025-11345-y,2025,False,False,False
Survival of the fittest: genomic investigations of the bay scallop reveal a shift in population structure through a summer mortality event,https://bmcgenomics.biomedcentral.com/articles/10.1186/s12864-025-11337-y,2025,True,True,False
Single-cell transcriptomic atlas of the chicken cecum reveals cellular responses and state shifts during ,https://bmcgenomics.biomedcentral.com/articles/10.1186/s12864-025-11302-9,2025,False,False,False
Whole exome sequence reveals genetic profiles of primary cardiomyopathy and genotype-phenotype association in Chinese population,https://bmcgenomics.biomedcentral.com/articles/10.1186/s12864-025-11323-4,2025,False,True,False
Comprehensive analysis of long non-coding RNA and mRNA expression patterns during seminiferous tubules maturation in Guanzhong dairy goats,https://bmcgenomics.biomedcentral.com/articles/10.1186/s12864-025-11320-7,2025,False,False,False
Transcriptomics and proteomics provide insights into the adaptative strategies of Tibetan naked carps (,https://bmcgenomics.biomedcentral.com/articles/10.1186/s12864-025-11336-z,2025,False,False,False
Identification of key genes related to unilateral cryptorchidism in sheep by comprehensive transcriptomics and proteomics analyses,https://bmcgenomics.biomedcentral.com/articles/10.1186/s12864-024-11166-5,2025,False,False,False
Interaction of genetic variants and methylation in transcript-level expression regulation in Alzheimer’s disease by multi-omics data analysis,https://bmcgenomics.biomedcentral.com/articles/10.1186/s12864-025-11362-x,2025,False,True,False
Identification through a transcriptomic approach of candidate genes involved in the adaptation of the cyst nematode ,https://bmcgenomics.biomedcentral.com/articles/10.1186/s12864-025-11332-3,2025,False,False,False
Transcriptomic and biometric parameters analysis in rainbow trout (Oncorhynchus mykiss) challenged with viral hemorrhagic septicemia virus (VHSV),https://bmcgenomics.biomedcentral.com/articles/10.1186/s12864-025-11300-x,2025,False,False,False
Identification and analysis of miRNA - mRNA regulatory modules associated with resistance to bacterial leaf streak in rice,https://bmcgenomics.biomedcentral.com/articles/10.1186/s12864-025-11404-4,2025,False,False,False
